pedido_id,fecha_pedido,fecha_entrega,anio_pedido,mes_pedido,dia_semana_pedido,dias_entrega,pedido_retrasado,retraso_dias,km_recorridos,costo_transporte,costo_por_km,municipio,tipo_cliente,id_autoparte,categoria,costo_unitario,stock_actual,stock_minimo,margen_stock,ratio_stock,pais_proveedor,ruta
1,2021-02-23,2021-02-24,2021,2,2,1,0,0,12.3,214.66,17.45,Celaya,Planta,90-SUS,Suspensión,679.84,1842,357,1485,5.16,China,QRO-SJR
2,2026-05-25,2026-06-04,2026,5,1,10,0,0,259.6,4968.12,19.14,San Juan del Río,Planta,62-SEN,Sensores,61.64,976,325,651,3,Japón,QRO-SJR
3,2026-05-12,2026-06-01,2026,5,2,20,1,10,175.2,1527.56,8.72,San Juan del Río,Taller,52-SEN,Sensores,2701.62,2240,729,1511,3.07,China,QRO-CEL
4,2025-12-01,2025-12-02,2025,12,1,1,0,0,256.4,5064.06,19.75,San Luis Potosí,Tier1,14-SEN,Sensores,1286.42,722,555,167,1.3,China,QRO-MQZ
5,2026-05-22,2026-06-03,2026,5,5,12,0,0,26.4,307.06,11.63,San Juan del Río,Tier1,73-SUS,Suspensión,1205.2,139,592,-453,0.23,Japón,QRO-MQZ
6,2024-08-24,2024-08-27,2024,8,6,3,0,0,277.2,3111.93,11.23,Querétaro,Distribuidor,81-SEN,Sensores,3476.55,1073,855,218,1.25,Japón,QRO-CEL
7,2021-07-09,2021-07-16,2021,7,5,7,1,4,298.3,3822.59,12.81,El Marqués,Taller,71-SEN,Sensores,263.19,144,177,-33,0.81,USA,QRO-SJR
8,2026-02-12,2026-02-13,2026,2,4,1,0,0,91.8,846.7,9.22,Querétaro,Tier1,8-FRE,Frenos,1993.18,2763,635,2128,4.35,Alemania,QRO-SLP
9,2024-11-15,2024-11-16,2024,11,5,1,0,0,306.8,3011.38,9.82,San Juan del Río,Taller,49-ARN,Arneses,412.82,3527,162,3365,21.77,México,QRO-CEL
10,2022-04-17,2022-04-19,2022,4,0,2,0,0,98.9,1534.31,15.51,Celaya,Distribuidor,39-FRE,Frenos,1372.38,2726,706,2020,3.86,China,QRO-SLP
11,2022-05-06,2022-05-08,2022,5,5,2,0,0,127.5,1822.55,14.29,Corregidora,Planta,14-SUS,Suspensión,1917.93,1250,616,634,2.03,México,QRO-SLP
12,2026-05-18,2026-05-31,2026,5,1,13,1,4,327.6,2968.24,9.06,Corregidora,Taller,38-SUS,Suspensión,1970.13,3514,114,3400,30.82,Alemania,QRO-MQZ
13,2025-08-22,2025-08-28,2025,8,5,6,1,3,43.1,811.31,18.82,Celaya,Tier1,83-SUS,Suspensión,3433.69,358,401,-43,0.89,México,QRO-MQZ
14,2026-05-03,2026-06-01,2026,5,0,29,1,19,46,775.39,16.86,San Luis Potosí,Tier1,55-SUS,Suspensión,105.27,1887,966,921,1.95,México,QRO-SJR
15,2026-05-21,2026-06-01,2026,5,4,11,1,1,202.7,2439.58,12.04,San Juan del Río,Planta,16-SUS,Suspensión,2880.89,356,123,233,2.89,México,QRO-SJR
16,2024-12-06,2024-12-14,2024,12,5,8,1,5,214.2,3610.06,16.85,Celaya,Tier1,25-ARN,Arneses,3915.2,4208,808,3400,5.21,China,QRO-SJR
17,2024-05-19,2024-05-21,2024,5,0,2,0,0,29.3,403.15,13.76,Corregidora,Distribuidor,78-SUS,Suspensión,3109.5,4399,835,3564,5.27,Japón,QRO-MQZ
18,2025-12-09,2025-12-16,2025,12,2,7,1,4,191,3200.22,16.76,León,Tier1,72-SUS,Suspensión,234.19,3605,243,3362,14.84,México,QRO-CEL
19,2022-10-03,2022-10-07,2022,10,1,4,1,1,312.7,5187.76,16.59,Celaya,Tier1,23-ARN,Arneses,856.04,2511,134,2377,18.74,Japón,QRO-SJR
20,2024-08-28,2024-08-31,2024,8,3,3,0,0,333.4,5015.5,15.04,Corregidora,Distribuidor,98-FRE,Frenos,1762.7,3662,966,2696,3.79,Alemania,QRO-SJR
21,2026-05-22,2026-06-01,2026,5,5,10,0,0,213.2,3628.9,17.02,Corregidora,Planta,88-SEN,Sensores,674.64,467,107,360,4.36,Alemania,QRO-SLP
22,2026-05-05,2026-05-27,2026,5,2,22,1,17,110.4,2144.83,19.43,Querétaro,Tier1,53-FRE,Frenos,818.13,4754,550,4204,8.64,Japón,QRO-SLP
23,2021-03-20,2021-03-26,2021,3,6,6,1,3,161.9,2091.63,12.92,El Marqués,Distribuidor,83-ELE,Electrónica,2047.97,1307,286,1021,4.57,México,QRO-SLP
24,2025-03-06,2025-03-14,2025,3,4,8,1,5,297,2763.78,9.31,Celaya,Planta,17-SUS,Suspensión,2687.14,2633,740,1893,3.56,USA,QRO-CEL
25,2024-10-01,2024-10-02,2024,10,2,1,0,0,189.8,2133.45,11.24,El Marqués,Taller,90-SEN,Sensores,2337.67,4635,431,4204,10.75,Alemania,QRO-MQZ
26,2026-05-09,2026-06-01,2026,5,6,23,1,13,107.2,1140.16,10.64,Corregidora,Distribuidor,18-ELE,Electrónica,3808.96,3955,122,3833,32.42,México,QRO-MQZ
27,2024-07-14,2024-07-16,2024,7,0,2,0,0,167.5,1448.23,8.65,Querétaro,Planta,94-ELE,Electrónica,673.59,2723,409,2314,6.66,USA,QRO-SLP
28,2024-05-24,2024-06-01,2024,5,5,8,1,5,34.2,374.32,10.95,Querétaro,Planta,43-SUS,Suspensión,2851.8,2949,285,2664,10.35,Alemania,QRO-SJR
29,2021-11-20,2021-11-25,2021,11,6,5,1,2,246.7,4441.29,18,San Juan del Río,Planta,18-SUS,Suspensión,340.23,926,375,551,2.47,USA,QRO-SLP
30,2025-05-21,2025-05-23,2025,5,3,2,0,0,338,2764.99,8.18,San Juan del Río,Taller,42-ELE,Electrónica,3324.88,3038,963,2075,3.15,Alemania,QRO-MQZ
31,2022-02-02,2022-02-03,2022,2,3,1,0,0,279.9,4904.58,17.52,El Marqués,Taller,1-ELE,Electrónica,4919.31,1189,945,244,1.26,China,QRO-SJR
32,2021-11-02,2021-11-06,2021,11,2,4,1,1,21.7,308.64,14.22,León,Planta,86-SEN,Sensores,2869.97,158,622,-464,0.25,China,QRO-CEL
33,2026-05-09,2026-05-29,2026,5,6,20,1,13,136,2306.03,16.96,Corregidora,Planta,1-ELE,Electrónica,4919.31,1189,945,244,1.26,Alemania,QRO-SLP
34,2026-05-08,2026-05-25,2026,5,5,17,1,14,107.8,1744.08,16.18,Corregidora,Tier1,25-FRE,Frenos,2232.98,3690,225,3465,16.4,México,QRO-MQZ
35,2023-09-02,2023-09-07,2023,9,6,5,1,2,117.1,1149.32,9.81,Corregidora,Distribuidor,20-ELE,Electrónica,4578.72,3498,121,3377,28.91,Alemania,QRO-SJR
36,2026-03-30,2026-04-02,2026,3,1,3,0,0,331.9,4857.14,14.63,San Juan del Río,Planta,89-SEN,Sensores,4357.78,2341,878,1463,2.67,China,QRO-MQZ
37,2022-07-21,2022-07-25,2022,7,4,4,1,1,165.9,3297.71,19.88,Celaya,Planta,21-ELE,Electrónica,2331.02,422,893,-471,0.47,México,QRO-MQZ
38,2021-07-21,2021-07-29,2021,7,3,8,1,5,232.4,2241.8,9.65,El Marqués,Taller,6-FRE,Frenos,4765.97,4975,994,3981,5.01,México,QRO-SJR
39,2025-11-10,2025-11-11,2025,11,1,1,0,0,19.3,155.61,8.06,San Luis Potosí,Tier1,21-ARN,Arneses,2688.88,472,527,-55,0.9,Japón,QRO-CEL
40,2023-06-08,2023-06-10,2023,6,4,2,0,0,309.9,3753.21,12.11,León,Tier1,33-SEN,Sensores,4299.55,4446,746,3700,5.96,Japón,QRO-CEL
41,2022-04-23,2022-04-25,2022,4,6,2,0,0,222.2,2057.69,9.26,El Marqués,Tier1,52-SEN,Sensores,2701.62,2240,729,1511,3.07,México,QRO-CEL
42,2022-01-25,2022-01-29,2022,1,2,4,1,1,277.4,4771.88,17.2,San Juan del Río,Taller,45-FRE,Frenos,1728.34,1258,154,1104,8.17,México,QRO-MQZ
43,2024-12-30,2024-12-31,2024,12,1,1,0,0,312.8,4230.39,13.52,Celaya,Tier1,72-FRE,Frenos,2982.1,4614,609,4005,7.58,Japón,QRO-SLP
44,2023-05-01,2023-05-06,2023,5,1,5,1,2,136.1,1748.03,12.84,Corregidora,Planta,9-FRE,Frenos,366.33,1374,473,901,2.9,México,QRO-CEL
45,2021-06-08,2021-06-11,2021,6,2,3,0,0,305.2,5026.81,16.47,Corregidora,Tier1,8-FRE,Frenos,1993.18,2763,635,2128,4.35,USA,QRO-CEL
46,2026-05-05,2026-06-01,2026,5,2,27,1,17,231.6,2243.36,9.69,Celaya,Planta,78-SEN,Sensores,1084.74,2183,681,1502,3.21,Japón,QRO-SLP
47,2021-11-15,2021-11-17,2021,11,1,2,0,0,40.1,344.92,8.6,San Juan del Río,Tier1,24-ELE,Electrónica,4055.81,2955,652,2303,4.53,Alemania,QRO-MQZ
48,2022-02-01,2022-02-02,2022,2,2,1,0,0,240.4,4113.34,17.11,Corregidora,Tier1,37-ARN,Arneses,1422.73,3772,947,2825,3.98,China,QRO-SLP
49,2023-11-12,2023-11-18,2023,11,0,6,1,3,21.4,213.65,9.98,Querétaro,Planta,7-ARN,Arneses,2965.42,1199,206,993,5.82,México,QRO-CEL
50,2025-03-03,2025-03-06,2025,3,1,3,0,0,256.1,3876.38,15.14,León,Tier1,19-SUS,Suspensión,4085.71,2770,814,1956,3.4,México,QRO-SLP
51,2022-05-28,2022-05-29,2022,5,6,1,0,0,182.3,2449.76,13.44,El Marqués,Tier1,45-FRE,Frenos,1728.34,1258,154,1104,8.17,USA,QRO-CEL
52,2023-06-20,2023-06-22,2023,6,2,2,0,0,310,5093.92,16.43,Celaya,Tier1,22-SEN,Sensores,4518.66,3974,785,3189,5.06,México,QRO-MQZ
53,2024-05-23,2024-05-27,2024,5,4,4,1,1,132.4,2058.54,15.55,Celaya,Tier1,32-SUS,Suspensión,4111.1,4658,655,4003,7.11,USA,QRO-SJR
54,2021-05-23,2021-05-30,2021,5,0,7,1,4,273.9,3002.43,10.96,León,Planta,93-SEN,Sensores,4236.96,1229,379,850,3.24,USA,QRO-SJR
55,2024-02-15,2024-02-22,2024,2,4,7,1,4,293,3345.68,11.42,León,Taller,64-ARN,Arneses,324.29,3235,687,2548,4.71,Alemania,QRO-SJR
56,2026-05-14,2026-05-28,2026,5,4,14,1,8,60.5,1126.72,18.62,San Juan del Río,Taller,48-SUS,Suspensión,3762.52,1609,412,1197,3.91,Alemania,QRO-MQZ
57,2025-12-23,2025-12-27,2025,12,2,4,1,1,173,2141.88,12.38,León,Planta,41-FRE,Frenos,402.6,1519,142,1377,10.7,USA,QRO-CEL
58,2022-09-19,2022-09-23,2022,9,1,4,1,1,349,5564.17,15.94,León,Tier1,52-FRE,Frenos,1237.74,4520,880,3640,5.14,USA,QRO-SLP
59,2025-09-12,2025-09-16,2025,9,5,4,1,1,188.1,3160.35,16.8,Corregidora,Tier1,80-SUS,Suspensión,3018.8,2364,799,1565,2.96,China,QRO-MQZ
60,2026-05-20,2026-06-01,2026,5,3,12,1,2,44.3,463.86,10.47,Querétaro,Tier1,9-ELE,Electrónica,3081.81,4325,472,3853,9.16,USA,QRO-SJR
61,2021-04-25,2021-05-03,2021,4,0,8,1,5,299,3684.03,12.32,León,Tier1,3-SUS,Suspensión,3159.17,1739,584,1155,2.98,USA,QRO-MQZ
62,2026-05-13,2026-05-27,2026,5,3,14,1,9,196.4,2173.74,11.07,Celaya,Distribuidor,91-FRE,Frenos,4291.8,4493,112,4381,40.12,Alemania,QRO-SJR
63,2026-05-09,2026-05-26,2026,5,6,17,1,13,144.4,2613.3,18.1,El Marqués,Tier1,95-SEN,Sensores,3843.72,3856,664,3192,5.81,México,QRO-SLP
64,2022-08-17,2022-08-25,2022,8,3,8,1,5,88.8,789.43,8.89,León,Tier1,87-ARN,Arneses,4993.62,4977,367,4610,13.56,China,QRO-SLP
65,2025-04-01,2025-04-08,2025,4,2,7,1,4,240.1,2252.98,9.38,Corregidora,Distribuidor,17-SUS,Suspensión,2687.14,2633,740,1893,3.56,Japón,QRO-CEL
66,2024-12-26,2025-01-03,2024,12,4,8,1,5,315.4,3784.49,12,Querétaro,Distribuidor,13-SUS,Suspensión,186.07,4142,666,3476,6.22,China,QRO-MQZ
67,2021-04-12,2021-04-15,2021,4,1,3,0,0,75.2,1248.94,16.61,Corregidora,Distribuidor,76-SUS,Suspensión,1064.99,2521,492,2029,5.12,USA,QRO-SLP
68,2026-05-24,2026-06-04,2026,5,0,11,0,0,17.1,251.14,14.69,El Marqués,Taller,46-SUS,Suspensión,1653.36,4322,935,3387,4.62,China,QRO-SLP
69,2026-05-01,2026-05-27,2026,5,5,26,1,21,151.9,1868.89,12.3,León,Taller,22-FRE,Frenos,473.66,3099,887,2212,3.49,China,QRO-CEL
70,2026-05-25,2026-06-04,2026,5,1,10,0,0,144.5,1921.92,13.3,San Luis Potosí,Planta,77-FRE,Frenos,1286.73,3721,625,3096,5.95,Alemania,QRO-MQZ
71,2023-06-30,2023-07-05,2023,6,5,5,1,2,173.7,1705.87,9.82,Corregidora,Taller,49-SUS,Suspensión,2456.79,4682,791,3891,5.92,Japón,QRO-MQZ
72,2025-03-09,2025-03-11,2025,3,0,2,0,0,277.2,4167.27,15.03,El Marqués,Taller,83-SUS,Suspensión,3433.69,358,401,-43,0.89,Alemania,QRO-CEL
73,2026-05-11,2026-05-26,2026,5,1,15,1,11,129.3,2064.74,15.97,Corregidora,Distribuidor,26-SUS,Suspensión,4121.98,3676,530,3146,6.94,Japón,QRO-CEL
74,2026-05-02,2026-05-26,2026,5,6,24,1,20,344.3,4708.19,13.67,San Luis Potosí,Tier1,9-FRE,Frenos,366.33,1374,473,901,2.9,Japón,QRO-SJR
75,2025-07-02,2025-07-07,2025,7,3,5,1,2,274.8,4414.19,16.06,Querétaro,Planta,43-SEN,Sensores,2429.63,4819,141,4678,34.18,China,QRO-SJR
76,2021-06-16,2021-06-22,2021,6,3,6,1,3,80.3,1064.45,13.26,Celaya,Distribuidor,96-SUS,Suspensión,3516.22,1894,371,1523,5.11,Japón,QRO-CEL
77,2021-08-03,2021-08-04,2021,8,2,1,0,0,216.6,2575.27,11.89,León,Tier1,49-SUS,Suspensión,2456.79,4682,791,3891,5.92,México,QRO-MQZ
78,2026-05-01,2026-05-28,2026,5,5,27,1,21,157.3,2292.52,14.57,Corregidora,Tier1,80-SUS,Suspensión,3018.8,2364,799,1565,2.96,Japón,QRO-CEL
79,2026-05-17,2026-06-01,2026,5,0,15,1,5,308.5,2483.66,8.05,León,Tier1,52-ARN,Arneses,4854.61,3039,358,2681,8.49,USA,QRO-SJR
80,2026-03-19,2026-03-25,2026,3,4,6,1,3,305,3496.84,11.47,Querétaro,Tier1,95-SEN,Sensores,3843.72,3856,664,3192,5.81,Alemania,QRO-SLP
81,2026-05-03,2026-05-28,2026,5,0,25,1,19,342.2,4993.09,14.59,San Luis Potosí,Planta,56-SEN,Sensores,1253.34,3707,620,3087,5.98,México,QRO-SJR
82,2026-05-06,2026-05-27,2026,5,3,21,1,16,64.9,818.8,12.62,San Juan del Río,Tier1,79-SUS,Suspensión,2432.97,670,354,316,1.89,China,QRO-SJR
83,2025-12-26,2026-01-02,2025,12,5,7,1,4,313,4068.12,13,Celaya,Taller,42-ARN,Arneses,4312.83,3536,833,2703,4.24,China,QRO-SLP
84,2024-05-21,2024-05-22,2024,5,2,1,0,0,189.5,2972.87,15.69,Querétaro,Planta,38-ELE,Electrónica,2360.54,3797,195,3602,19.47,Alemania,QRO-SLP
85,2024-02-13,2024-02-18,2024,2,2,5,1,2,48.8,843.91,17.29,San Juan del Río,Tier1,75-ARN,Arneses,783.6,3454,262,3192,13.18,Japón,QRO-SLP
86,2023-07-23,2023-07-24,2023,7,0,1,0,0,170.8,1615.18,9.46,León,Planta,68-FRE,Frenos,3853.4,2725,382,2343,7.13,Alemania,QRO-MQZ
87,2024-01-24,2024-01-25,2024,1,3,1,0,0,245.8,2902.73,11.81,León,Tier1,43-ARN,Arneses,913.85,1716,755,961,2.27,México,QRO-CEL
88,2026-05-14,2026-06-01,2026,5,4,18,1,8,326.9,2781.8,8.51,San Juan del Río,Taller,35-SEN,Sensores,262.68,3794,321,3473,11.82,Japón,QRO-SJR
89,2026-05-25,2026-05-30,2026,5,1,5,0,0,26.3,375.27,14.27,León,Tier1,21-SUS,Suspensión,3922.67,482,217,265,2.22,Japón,QRO-SLP
90,2024-01-01,2024-01-04,2024,1,1,3,0,0,212.2,2543.95,11.99,San Juan del Río,Tier1,38-ELE,Electrónica,2360.54,3797,195,3602,19.47,China,QRO-SJR
91,2026-05-13,2026-05-29,2026,5,3,16,1,9,52.4,596.3,11.38,El Marqués,Tier1,6-FRE,Frenos,4765.97,4975,994,3981,5.01,USA,QRO-CEL
92,2026-05-07,2026-05-26,2026,5,4,19,1,15,73.2,981.09,13.4,Celaya,Planta,54-ELE,Electrónica,3166.45,2424,477,1947,5.08,USA,QRO-SLP
93,2024-05-09,2024-05-13,2024,5,4,4,1,1,211.8,2645.91,12.49,El Marqués,Tier1,58-SEN,Sensores,2617.63,4219,411,3808,10.27,Alemania,QRO-CEL
94,2023-02-15,2023-02-22,2023,2,3,7,1,4,205.9,3940.32,19.14,León,Planta,1-ARN,Arneses,3422.68,3382,224,3158,15.1,México,QRO-MQZ
95,2026-05-21,2026-05-26,2026,5,4,5,1,1,258.1,4986.37,19.32,San Juan del Río,Taller,52-SEN,Sensores,2701.62,2240,729,1511,3.07,Japón,QRO-SLP
96,2025-08-04,2025-08-07,2025,8,1,3,0,0,204.1,2013.46,9.87,San Juan del Río,Tier1,7-SUS,Suspensión,3185.28,4440,570,3870,7.79,México,QRO-CEL
97,2022-12-06,2022-12-13,2022,12,2,7,1,4,270.8,3520.45,13,El Marqués,Tier1,100-ELE,Electrónica,3513.62,1971,804,1167,2.45,USA,QRO-SLP
98,2021-03-09,2021-03-13,2021,3,2,4,1,1,117.6,1621.9,13.79,Querétaro,Taller,24-ELE,Electrónica,4055.81,2955,652,2303,4.53,México,QRO-MQZ
99,2021-08-28,2021-09-01,2021,8,6,4,1,1,245.4,2031.48,8.28,San Juan del Río,Planta,37-SEN,Sensores,3969.15,3602,841,2761,4.28,México,QRO-SLP
100,2026-05-08,2026-05-29,2026,5,5,21,1,14,293.4,3083.41,10.51,San Juan del Río,Planta,39-FRE,Frenos,1372.38,2726,706,2020,3.86,Alemania,QRO-MQZ
101,2026-05-15,2026-05-30,2026,5,5,15,1,7,246.6,4847.9,19.66,San Luis Potosí,Tier1,22-ARN,Arneses,4301.5,1604,436,1168,3.68,Japón,QRO-SJR
102,2023-10-03,2023-10-11,2023,10,2,8,1,5,73.2,1074.96,14.69,El Marqués,Planta,61-SUS,Suspensión,1710.59,631,965,-334,0.65,USA,QRO-CEL
103,2026-05-21,2026-05-29,2026,5,4,8,1,1,344.8,3866.94,11.22,El Marqués,Taller,31-ARN,Arneses,3016.79,2221,601,1620,3.7,China,QRO-CEL
104,2024-03-05,2024-03-08,2024,3,2,3,0,0,118.5,1684.91,14.22,Celaya,Taller,74-ARN,Arneses,1238.29,2950,908,2042,3.25,USA,QRO-SLP
105,2026-05-17,2026-05-31,2026,5,0,14,1,5,283.4,4370.24,15.42,León,Tier1,74-ELE,Electrónica,4728.06,3772,558,3214,6.76,México,QRO-MQZ
106,2026-01-29,2026-02-01,2026,1,4,3,0,0,252.5,2106.3,8.34,San Luis Potosí,Planta,18-SUS,Suspensión,340.23,926,375,551,2.47,China,QRO-CEL
107,2026-05-09,2026-05-29,2026,5,6,20,1,13,67.1,972.82,14.5,Querétaro,Tier1,65-ARN,Arneses,844,2641,720,1921,3.67,China,QRO-SLP
108,2026-05-21,2026-06-02,2026,5,4,12,1,1,95.4,1827.31,19.15,Celaya,Distribuidor,79-SUS,Suspensión,2432.97,670,354,316,1.89,México,QRO-SJR
109,2022-11-10,2022-11-11,2022,11,4,1,0,0,142.4,1725.38,12.12,Querétaro,Tier1,38-ARN,Arneses,2157.65,2477,447,2030,5.54,USA,QRO-MQZ
110,2022-01-05,2022-01-12,2022,1,3,7,1,4,109,1901.85,17.45,Corregidora,Distribuidor,42-SUS,Suspensión,1516.88,2245,576,1669,3.9,Alemania,QRO-SJR
111,2026-05-21,2026-05-29,2026,5,4,8,1,1,87.3,1469.07,16.83,León,Taller,88-SUS,Suspensión,1941.02,3880,832,3048,4.66,Japón,QRO-CEL
112,2026-05-19,2026-05-28,2026,5,2,9,1,3,248.1,2157.81,8.7,Corregidora,Tier1,42-ARN,Arneses,4312.83,3536,833,2703,4.24,Alemania,QRO-SJR
113,2025-09-01,2025-09-06,2025,9,1,5,1,2,26.9,223.57,8.31,Celaya,Planta,45-SEN,Sensores,754.06,1135,113,1022,10.04,Japón,QRO-MQZ
114,2024-06-21,2024-06-29,2024,6,5,8,1,5,186.2,2269.44,12.19,San Juan del Río,Tier1,64-ELE,Electrónica,4488.81,2018,103,1915,19.59,Japón,QRO-SJR
115,2024-06-03,2024-06-10,2024,6,1,7,1,4,107.1,953.94,8.91,San Luis Potosí,Tier1,74-ELE,Electrónica,4728.06,3772,558,3214,6.76,USA,QRO-SJR
116,2026-05-25,2026-06-03,2026,5,1,9,0,0,281.5,3490.46,12.4,León,Tier1,77-FRE,Frenos,1286.73,3721,625,3096,5.95,Japón,QRO-CEL
117,2024-09-07,2024-09-15,2024,9,6,8,1,5,21.1,396.96,18.81,Corregidora,Distribuidor,10-SUS,Suspensión,3974.3,2474,590,1884,4.19,Japón,QRO-CEL
118,2026-05-06,2026-05-26,2026,5,3,20,1,16,239.8,3186.71,13.29,San Luis Potosí,Planta,51-SUS,Suspensión,1327.15,4912,621,4291,7.91,USA,QRO-CEL
119,2024-02-13,2024-02-21,2024,2,2,8,1,5,187.4,1625.24,8.67,Celaya,Planta,61-SEN,Sensores,110.24,3207,891,2316,3.6,México,QRO-SJR
120,2021-07-15,2021-07-17,2021,7,4,2,0,0,141.7,1773.42,12.52,El Marqués,Tier1,33-FRE,Frenos,4635.35,4897,202,4695,24.24,México,QRO-CEL
121,2026-05-11,2026-05-25,2026,5,1,14,1,11,11.4,207.41,18.19,Corregidora,Tier1,2-FRE,Frenos,2261.86,2629,314,2315,8.37,Japón,QRO-CEL
122,2024-10-23,2024-10-29,2024,10,3,6,1,3,132.5,1368.06,10.32,Querétaro,Distribuidor,52-ELE,Electrónica,4788.22,421,203,218,2.07,China,QRO-SJR
123,2026-05-01,2026-05-26,2026,5,5,25,1,21,170.4,1724.84,10.12,Celaya,Taller,51-SEN,Sensores,3785.32,2882,317,2565,9.09,Alemania,QRO-CEL
124,2025-01-17,2025-01-24,2025,1,5,7,1,4,114.4,1523.83,13.32,León,Tier1,41-SEN,Sensores,4243.67,4515,377,4138,11.98,Alemania,QRO-MQZ
125,2025-07-07,2025-07-10,2025,7,1,3,0,0,131.3,2392.92,18.22,Corregidora,Distribuidor,43-SUS,Suspensión,2851.8,2949,285,2664,10.35,Alemania,QRO-CEL
126,2026-05-05,2026-05-26,2026,5,2,21,1,17,250.3,4142.3,16.55,León,Tier1,16-SEN,Sensores,498.65,4923,754,4169,6.53,Alemania,QRO-MQZ
127,2026-05-10,2026-05-28,2026,5,0,18,1,12,325.4,5243.77,16.11,León,Planta,45-SUS,Suspensión,2909.13,3021,431,2590,7.01,USA,QRO-SLP
128,2022-05-15,2022-05-20,2022,5,0,5,1,2,85.5,1386.38,16.21,León,Tier1,31-ELE,Electrónica,4149.51,2548,128,2420,19.91,China,QRO-SJR
129,2025-12-15,2025-12-22,2025,12,1,7,1,4,286.9,2625.26,9.15,San Luis Potosí,Tier1,10-SEN,Sensores,4186.41,1042,960,82,1.09,China,QRO-MQZ
130,2026-05-25,2026-06-09,2026,5,1,15,0,0,50.9,730.18,14.35,Querétaro,Tier1,65-ARN,Arneses,844,2641,720,1921,3.67,Japón,QRO-SJR
131,2023-02-02,2023-02-07,2023,2,4,5,1,2,327.7,3771.32,11.51,El Marqués,Taller,20-ELE,Electrónica,4578.72,3498,121,3377,28.91,USA,QRO-MQZ
132,2026-05-19,2026-05-31,2026,5,2,12,1,3,286.3,4022.32,14.05,El Marqués,Taller,96-ARN,Arneses,1067.24,3998,883,3115,4.53,México,QRO-SLP
133,2021-12-27,2022-01-03,2021,12,1,7,1,4,311.9,4678.37,15,El Marqués,Taller,82-FRE,Frenos,3559.78,1290,296,994,4.36,México,QRO-MQZ
134,2026-05-01,2026-05-31,2026,5,5,30,1,21,168.3,2691.14,15.99,Celaya,Tier1,50-SEN,Sensores,4354.41,2670,213,2457,12.54,México,QRO-CEL
135,2026-05-24,2026-05-26,2026,5,0,2,0,0,268.1,3617.45,13.49,León,Tier1,75-ARN,Arneses,783.6,3454,262,3192,13.18,México,QRO-CEL
136,2025-01-18,2025-01-26,2025,1,6,8,1,5,279.6,3591.54,12.85,El Marqués,Tier1,41-ELE,Electrónica,4687.71,920,702,218,1.31,México,QRO-CEL
137,2026-05-15,2026-05-26,2026,5,5,11,1,7,246.3,4244.07,17.23,San Juan del Río,Tier1,28-SEN,Sensores,1818.54,4432,701,3731,6.32,México,QRO-CEL
138,2023-03-23,2023-03-25,2023,3,4,2,0,0,220.8,3694.14,16.73,Querétaro,Tier1,64-SEN,Sensores,4961.2,4001,258,3743,15.51,México,QRO-CEL
139,2024-09-16,2024-09-18,2024,9,1,2,0,0,117.6,2108.17,17.93,Querétaro,Tier1,53-SUS,Suspensión,2062.9,3440,719,2721,4.78,China,QRO-SJR
140,2023-06-16,2023-06-21,2023,6,5,5,1,2,321.7,3441.83,10.7,León,Planta,9-ARN,Arneses,1971.31,2328,930,1398,2.5,Alemania,QRO-SJR
141,2026-05-12,2026-05-27,2026,5,2,15,1,10,344.2,6754.67,19.62,Querétaro,Taller,75-SUS,Suspensión,269.17,1657,967,690,1.71,Alemania,QRO-MQZ
142,2025-07-26,2025-07-28,2025,7,6,2,0,0,319.3,2589.53,8.11,San Juan del Río,Planta,45-ARN,Arneses,944.57,3020,180,2840,16.78,Japón,QRO-SJR
143,2023-02-24,2023-03-04,2023,2,5,8,1,5,302.5,5095.23,16.84,El Marqués,Taller,39-FRE,Frenos,1372.38,2726,706,2020,3.86,Alemania,QRO-SLP
144,2025-12-14,2025-12-15,2025,12,0,1,0,0,74.7,1459.1,19.53,León,Taller,11-SUS,Suspensión,588.59,823,217,606,3.79,Japón,QRO-SLP
145,2022-10-08,2022-10-15,2022,10,6,7,1,4,153.9,2636.39,17.13,Querétaro,Tier1,18-SUS,Suspensión,340.23,926,375,551,2.47,México,QRO-MQZ
146,2026-05-13,2026-05-26,2026,5,3,13,1,9,84.6,1001.46,11.84,San Juan del Río,Planta,81-FRE,Frenos,857.33,1893,403,1490,4.7,México,QRO-SLP
147,2024-08-24,2024-09-01,2024,8,6,8,1,5,273.3,2697.49,9.87,Celaya,Taller,3-SEN,Sensores,523.6,1191,770,421,1.55,Alemania,QRO-SLP
148,2022-03-20,2022-03-27,2022,3,0,7,1,4,203.4,3631.04,17.85,San Juan del Río,Planta,32-SEN,Sensores,1196.78,3120,728,2392,4.29,Japón,QRO-SLP
149,2021-01-05,2021-01-11,2021,1,2,6,1,3,18.2,353.57,19.43,León,Tier1,64-FRE,Frenos,3469.29,4865,898,3967,5.42,China,QRO-CEL
150,2022-07-31,2022-08-01,2022,7,0,1,0,0,55.1,636.19,11.55,San Luis Potosí,Planta,28-FRE,Frenos,2880.95,4135,830,3305,4.98,Japón,QRO-CEL
151,2026-05-17,2026-05-27,2026,5,0,10,1,5,185.4,3140.62,16.94,San Luis Potosí,Planta,59-ELE,Electrónica,3153.37,470,478,-8,0.98,China,QRO-SJR
152,2026-05-14,2026-05-31,2026,5,4,17,1,8,293,5272.49,17.99,Corregidora,Planta,19-ARN,Arneses,3708.16,4895,837,4058,5.85,China,QRO-CEL
153,2026-05-03,2026-05-31,2026,5,0,28,1,19,116.6,1486.8,12.75,El Marqués,Tier1,79-FRE,Frenos,2622.75,2367,816,1551,2.9,Alemania,QRO-CEL
154,2026-05-20,2026-05-25,2026,5,3,5,1,2,41.4,811.02,19.59,Corregidora,Distribuidor,94-FRE,Frenos,4473.89,3060,162,2898,18.89,Alemania,QRO-MQZ
155,2022-10-14,2022-10-19,2022,10,5,5,1,2,57.5,725.2,12.61,León,Taller,68-SEN,Sensores,3619.25,1156,733,423,1.58,Japón,QRO-CEL
156,2023-01-27,2023-02-03,2023,1,5,7,1,4,286.1,5629.74,19.68,Querétaro,Distribuidor,96-FRE,Frenos,3819.86,1364,751,613,1.82,Japón,QRO-CEL
157,2025-06-23,2025-06-30,2025,6,1,7,1,4,232.7,3255.02,13.99,Querétaro,Tier1,75-SUS,Suspensión,269.17,1657,967,690,1.71,Japón,QRO-SJR
158,2022-07-14,2022-07-17,2022,7,4,3,0,0,306.3,3213.7,10.49,San Juan del Río,Planta,32-SEN,Sensores,1196.78,3120,728,2392,4.29,Japón,QRO-SLP
159,2026-05-02,2026-05-27,2026,5,6,25,1,20,192,3000.5,15.63,León,Taller,27-FRE,Frenos,4045.05,2920,947,1973,3.08,México,QRO-SLP
160,2023-05-23,2023-05-26,2023,5,2,3,0,0,234.7,4167.57,17.76,San Juan del Río,Planta,76-SUS,Suspensión,1064.99,2521,492,2029,5.12,Japón,QRO-MQZ
161,2026-04-30,2026-05-02,2026,4,4,2,0,0,242.9,2244.9,9.24,León,Planta,81-SEN,Sensores,3476.55,1073,855,218,1.25,Japón,QRO-CEL
162,2024-10-24,2024-10-29,2024,10,4,5,1,2,249.5,2256.93,9.05,Celaya,Tier1,26-SEN,Sensores,2283.16,2773,396,2377,7,China,QRO-SJR
163,2026-05-06,2026-05-27,2026,5,3,21,1,16,168,2204.79,13.12,Querétaro,Distribuidor,66-SUS,Suspensión,3813.62,870,354,516,2.46,México,QRO-CEL
164,2026-05-11,2026-06-01,2026,5,1,21,1,11,215.7,2534.82,11.75,León,Planta,5-ELE,Electrónica,92.23,1679,445,1234,3.77,Japón,QRO-MQZ
165,2025-03-23,2025-03-30,2025,3,0,7,1,4,301.2,3862.97,12.83,Celaya,Planta,87-ARN,Arneses,4993.62,4977,367,4610,13.56,México,QRO-SLP
166,2026-05-21,2026-05-26,2026,5,4,5,1,1,159.2,2275.52,14.29,León,Tier1,77-FRE,Frenos,1286.73,3721,625,3096,5.95,Alemania,QRO-MQZ
167,2025-08-14,2025-08-16,2025,8,4,2,0,0,223.1,4089.16,18.33,San Juan del Río,Tier1,14-FRE,Frenos,3534.94,4023,455,3568,8.84,México,QRO-MQZ
168,2024-10-10,2024-10-13,2024,10,4,3,0,0,248.8,2328.46,9.36,Querétaro,Distribuidor,59-FRE,Frenos,254.95,2883,557,2326,5.18,México,QRO-SLP
169,2024-02-08,2024-02-14,2024,2,4,6,1,3,63.4,1199.84,18.92,San Luis Potosí,Tier1,90-SUS,Suspensión,679.84,1842,357,1485,5.16,USA,QRO-SJR
170,2025-12-10,2025-12-17,2025,12,3,7,1,4,178,3193.36,17.94,El Marqués,Tier1,45-FRE,Frenos,1728.34,1258,154,1104,8.17,México,QRO-MQZ
171,2021-08-28,2021-09-04,2021,8,6,7,1,4,328.8,6281.6,19.1,León,Planta,10-FRE,Frenos,553.07,572,283,289,2.02,México,QRO-SJR
172,2023-10-21,2023-10-22,2023,10,6,1,0,0,69.4,1171.41,16.88,Corregidora,Planta,67-ELE,Electrónica,2438.18,3104,587,2517,5.29,USA,QRO-MQZ
173,2023-06-20,2023-06-25,2023,6,2,5,1,2,215.5,4305.28,19.98,León,Taller,45-ARN,Arneses,944.57,3020,180,2840,16.78,USA,QRO-CEL
174,2023-12-01,2023-12-03,2023,12,5,2,0,0,279.2,4419.8,15.83,San Juan del Río,Tier1,11-ELE,Electrónica,2731.07,2870,828,2042,3.47,China,QRO-SLP
175,2021-11-30,2021-12-08,2021,11,2,8,1,5,236.2,2652.65,11.23,León,Planta,94-SEN,Sensores,3460.4,1180,938,242,1.26,China,QRO-SJR
176,2023-10-03,2023-10-04,2023,10,2,1,0,0,141,1875.23,13.3,Celaya,Distribuidor,42-FRE,Frenos,4554.59,2399,529,1870,4.53,México,QRO-CEL
177,2026-05-16,2026-05-30,2026,5,6,14,1,6,69.5,1036.61,14.92,Celaya,Taller,22-ARN,Arneses,4301.5,1604,436,1168,3.68,Alemania,QRO-SJR
178,2026-05-08,2026-05-26,2026,5,5,18,1,14,284.1,4773.88,16.8,León,Tier1,79-ELE,Electrónica,359.85,133,141,-8,0.94,Japón,QRO-SJR
179,2022-02-03,2022-02-04,2022,2,4,1,0,0,76.1,1405.54,18.47,San Luis Potosí,Planta,75-SEN,Sensores,2324.33,2246,115,2131,19.53,USA,QRO-SJR
180,2026-05-19,2026-05-31,2026,5,2,12,1,3,264.8,3226.52,12.18,San Luis Potosí,Tier1,9-SEN,Sensores,3506.81,652,938,-286,0.7,México,QRO-CEL
181,2024-08-28,2024-08-29,2024,8,3,1,0,0,342.8,3816.51,11.13,Querétaro,Planta,38-ARN,Arneses,2157.65,2477,447,2030,5.54,México,QRO-CEL
182,2024-02-22,2024-02-27,2024,2,4,5,1,2,268.7,2630.33,9.79,Celaya,Distribuidor,12-SUS,Suspensión,2011.59,4865,386,4479,12.6,USA,QRO-MQZ
183,2026-05-22,2026-06-04,2026,5,5,13,0,0,314.9,5511.76,17.5,San Luis Potosí,Planta,75-ARN,Arneses,783.6,3454,262,3192,13.18,Japón,QRO-SJR
184,2026-05-19,2026-05-25,2026,5,2,6,1,3,184.6,3056.43,16.56,San Juan del Río,Taller,47-SEN,Sensores,2369.53,4045,567,3478,7.13,China,QRO-SJR
185,2026-05-11,2026-05-29,2026,5,1,18,1,11,140.7,1430.44,10.17,Corregidora,Planta,98-FRE,Frenos,1762.7,3662,966,2696,3.79,USA,QRO-SJR
186,2022-03-10,2022-03-11,2022,3,4,1,0,0,324.2,3700.2,11.41,Corregidora,Distribuidor,4-SEN,Sensores,415.57,4942,295,4647,16.75,Japón,QRO-SLP
187,2026-05-11,2026-05-26,2026,5,1,15,1,11,61.9,946.5,15.29,Corregidora,Planta,49-ELE,Electrónica,3034.43,2749,539,2210,5.1,USA,QRO-MQZ
188,2026-05-19,2026-05-28,2026,5,2,9,1,3,46.3,725.86,15.68,León,Planta,67-ARN,Arneses,250.33,2392,600,1792,3.99,Japón,QRO-MQZ
189,2025-11-28,2025-12-06,2025,11,5,8,1,5,66,955.7,14.48,Querétaro,Tier1,75-ELE,Electrónica,216.11,4758,831,3927,5.73,USA,QRO-CEL
190,2026-05-06,2026-05-28,2026,5,3,22,1,16,216.8,1749.24,8.07,El Marqués,Tier1,41-SUS,Suspensión,754.34,4179,350,3829,11.94,USA,QRO-SJR
191,2022-04-10,2022-04-17,2022,4,0,7,1,4,33.4,334.66,10.02,San Luis Potosí,Tier1,52-ARN,Arneses,4854.61,3039,358,2681,8.49,USA,QRO-SLP
192,2026-03-13,2026-03-16,2026,3,5,3,0,0,247.8,2912.25,11.75,Celaya,Tier1,7-ARN,Arneses,2965.42,1199,206,993,5.82,Japón,QRO-MQZ
193,2026-05-18,2026-05-27,2026,5,1,9,1,4,266.7,3715.32,13.93,Corregidora,Planta,23-SUS,Suspensión,3508.58,2134,799,1335,2.67,México,QRO-MQZ
194,2022-09-30,2022-10-03,2022,9,5,3,0,0,68.5,1052.84,15.37,San Juan del Río,Tier1,46-SEN,Sensores,4891.28,2915,405,2510,7.2,Japón,QRO-SLP
195,2026-05-03,2026-05-25,2026,5,0,22,1,19,243,2888.77,11.89,León,Taller,65-ELE,Electrónica,4175.41,3316,875,2441,3.79,Japón,QRO-MQZ
196,2026-03-11,2026-03-15,2026,3,3,4,1,1,245.8,3110.31,12.65,San Luis Potosí,Tier1,13-ARN,Arneses,1454.25,4822,879,3943,5.49,Alemania,QRO-CEL
197,2026-05-15,2026-05-19,2026,5,5,4,1,1,279.8,5287.11,18.9,San Juan del Río,Planta,98-FRE,Frenos,1762.7,3662,966,2696,3.79,USA,QRO-MQZ
198,2021-06-09,2021-06-13,2021,6,3,4,1,1,234.7,2374.43,10.12,El Marqués,Taller,82-SUS,Suspensión,998.09,2299,178,2121,12.92,Alemania,QRO-SLP
199,2026-05-07,2026-05-28,2026,5,4,21,1,15,33,649.62,19.69,San Luis Potosí,Distribuidor,89-SEN,Sensores,4357.78,2341,878,1463,2.67,China,QRO-MQZ
200,2026-05-15,2026-05-28,2026,5,5,13,1,7,12.4,115.83,9.34,San Juan del Río,Planta,78-ARN,Arneses,3156.74,4864,828,4036,5.87,USA,QRO-SJR
201,2022-05-30,2022-06-04,2022,5,1,5,1,2,267.4,3640.41,13.61,Querétaro,Planta,61-SUS,Suspensión,1710.59,631,965,-334,0.65,China,QRO-SLP
202,2026-05-21,2026-05-31,2026,5,4,10,1,1,51.9,466.05,8.98,El Marqués,Tier1,85-SEN,Sensores,1521.2,2920,544,2376,5.37,China,QRO-CEL
203,2026-05-17,2026-05-27,2026,5,0,10,1,5,281.2,5459.66,19.42,San Juan del Río,Planta,36-FRE,Frenos,2503.31,2427,781,1646,3.11,México,QRO-SJR
204,2021-11-09,2021-11-12,2021,11,2,3,0,0,78,847.36,10.86,Querétaro,Distribuidor,74-SEN,Sensores,3564.35,956,699,257,1.37,Alemania,QRO-SJR
205,2024-10-02,2024-10-09,2024,10,3,7,1,4,66.9,845.5,12.64,Querétaro,Taller,34-SEN,Sensores,1520,3930,432,3498,9.1,México,QRO-SLP
206,2023-03-31,2023-04-07,2023,3,5,7,1,4,40.1,783.34,19.53,Querétaro,Planta,53-ELE,Electrónica,2503.62,2992,933,2059,3.21,USA,QRO-SLP
207,2023-08-03,2023-08-11,2023,8,4,8,1,5,134.1,1170.7,8.73,Querétaro,Tier1,46-SEN,Sensores,4891.28,2915,405,2510,7.2,Alemania,QRO-MQZ
208,2023-11-27,2023-12-02,2023,11,1,5,1,2,118.3,1454.73,12.3,Querétaro,Distribuidor,72-SEN,Sensores,2907.83,4310,751,3559,5.74,México,QRO-SJR
209,2026-05-01,2026-05-26,2026,5,5,25,1,21,10.9,126.68,11.62,San Luis Potosí,Tier1,100-SEN,Sensores,1884.18,1812,275,1537,6.59,México,QRO-SLP
210,2026-05-10,2026-05-30,2026,5,0,20,1,12,212.9,3788.55,17.79,Celaya,Distribuidor,74-SEN,Sensores,3564.35,956,699,257,1.37,Japón,QRO-MQZ
211,2026-01-24,2026-01-26,2026,1,6,2,0,0,151.3,3015.26,19.93,San Juan del Río,Planta,92-FRE,Frenos,3332.83,2180,940,1240,2.32,USA,QRO-CEL
212,2023-02-16,2023-02-17,2023,2,4,1,0,0,172.8,1536.99,8.89,León,Taller,62-ELE,Electrónica,4147.27,4050,501,3549,8.08,México,QRO-CEL
213,2025-04-08,2025-04-09,2025,4,2,1,0,0,201,3900.25,19.4,Corregidora,Taller,52-FRE,Frenos,1237.74,4520,880,3640,5.14,USA,QRO-CEL
214,2023-09-07,2023-09-14,2023,9,4,7,1,4,132.3,1786.45,13.5,León,Planta,76-ELE,Electrónica,1417.28,705,976,-271,0.72,México,QRO-SLP
215,2023-11-28,2023-12-05,2023,11,2,7,1,4,323.1,2821.55,8.73,El Marqués,Planta,85-FRE,Frenos,2849.37,4143,705,3438,5.88,México,QRO-MQZ
216,2025-05-20,2025-05-23,2025,5,2,3,0,0,122,1347.47,11.04,León,Tier1,14-ELE,Electrónica,1218.61,173,107,66,1.62,China,QRO-MQZ
217,2026-05-05,2026-05-28,2026,5,2,23,1,17,111.1,1270.54,11.44,Querétaro,Planta,21-ELE,Electrónica,2331.02,422,893,-471,0.47,Alemania,QRO-MQZ
218,2021-05-13,2021-05-14,2021,5,4,1,0,0,29.9,284.19,9.5,San Luis Potosí,Taller,25-SUS,Suspensión,2863.6,1207,249,958,4.85,Japón,QRO-MQZ
219,2022-06-19,2022-06-23,2022,6,0,4,1,1,157.7,1276.65,8.1,San Juan del Río,Taller,12-SUS,Suspensión,2011.59,4865,386,4479,12.6,México,QRO-SJR
220,2026-05-06,2026-05-26,2026,5,3,20,1,16,105.5,2044.17,19.38,Querétaro,Tier1,71-FRE,Frenos,3409.21,2240,727,1513,3.08,China,QRO-SJR
221,2023-07-10,2023-07-14,2023,7,1,4,1,1,47.2,781.24,16.55,Celaya,Tier1,78-ELE,Electrónica,2160.49,2923,533,2390,5.48,China,QRO-CEL
222,2026-05-06,2026-05-30,2026,5,3,24,1,16,171.5,2913.27,16.99,Corregidora,Tier1,24-FRE,Frenos,3167.6,1248,407,841,3.07,USA,QRO-SLP
223,2022-01-29,2022-02-04,2022,1,6,6,1,3,90.6,1688.8,18.64,Corregidora,Planta,10-ARN,Arneses,1421.89,2478,555,1923,4.46,China,QRO-CEL
224,2026-05-10,2026-05-27,2026,5,0,17,1,12,14.1,129.13,9.16,Celaya,Distribuidor,45-SUS,Suspensión,2909.13,3021,431,2590,7.01,USA,QRO-CEL
225,2021-03-14,2021-03-18,2021,3,0,4,1,1,203.1,2027.59,9.98,Corregidora,Distribuidor,32-SEN,Sensores,1196.78,3120,728,2392,4.29,USA,QRO-SJR
226,2026-05-22,2026-05-27,2026,5,5,5,0,0,255.8,3248.67,12.7,El Marqués,Taller,7-SEN,Sensores,2046.46,1410,596,814,2.37,USA,QRO-CEL
227,2021-11-02,2021-11-06,2021,11,2,4,1,1,238.8,4237.65,17.75,Corregidora,Distribuidor,55-SUS,Suspensión,105.27,1887,966,921,1.95,México,QRO-SJR
228,2026-03-08,2026-03-12,2026,3,0,4,1,1,255,3743.65,14.68,San Luis Potosí,Tier1,13-FRE,Frenos,1618.96,1055,651,404,1.62,México,QRO-SLP
229,2025-11-10,2025-11-13,2025,11,1,3,0,0,247.6,3912.24,15.8,León,Planta,93-ARN,Arneses,4982.78,4849,464,4385,10.45,China,QRO-SLP
230,2025-12-06,2025-12-11,2025,12,6,5,1,2,295.9,5099.99,17.24,León,Taller,82-ARN,Arneses,1708.12,766,973,-207,0.79,Alemania,QRO-SJR
231,2024-08-20,2024-08-23,2024,8,2,3,0,0,337.2,3937.59,11.68,Celaya,Distribuidor,27-SUS,Suspensión,4748.31,2962,518,2444,5.72,Alemania,QRO-CEL
232,2025-05-31,2025-06-02,2025,5,6,2,0,0,193.6,1797.22,9.28,Celaya,Distribuidor,37-SEN,Sensores,3969.15,3602,841,2761,4.28,USA,QRO-MQZ
233,2026-02-27,2026-03-06,2026,2,5,7,1,4,232.9,2860.29,12.28,El Marqués,Tier1,44-ARN,Arneses,4310.1,1228,335,893,3.67,Japón,QRO-CEL
234,2026-01-01,2026-01-03,2026,1,4,2,0,0,311.3,4909.23,15.77,El Marqués,Planta,14-ARN,Arneses,4946.12,2364,110,2254,21.49,USA,QRO-SLP
235,2024-01-24,2024-01-29,2024,1,3,5,1,2,70.6,1402.78,19.87,León,Tier1,60-ARN,Arneses,4406.3,1,551,-550,0,USA,QRO-SJR
236,2024-11-28,2024-12-03,2024,11,4,5,1,2,328,5918.16,18.04,Celaya,Tier1,18-SEN,Sensores,2642.38,2763,311,2452,8.88,México,QRO-MQZ
237,2025-11-09,2025-11-10,2025,11,0,1,0,0,245.1,2009.41,8.2,San Juan del Río,Planta,17-ARN,Arneses,1311.09,4802,363,4439,13.23,Japón,QRO-SLP
238,2026-05-13,2026-06-01,2026,5,3,19,1,9,301,3836.65,12.75,Corregidora,Distribuidor,9-SUS,Suspensión,3312.62,269,343,-74,0.78,Alemania,QRO-SLP
239,2022-09-30,2022-10-07,2022,9,5,7,1,4,28.8,533.49,18.52,Corregidora,Distribuidor,53-ELE,Electrónica,2503.62,2992,933,2059,3.21,México,QRO-CEL
240,2025-10-18,2025-10-20,2025,10,6,2,0,0,129.5,1838.01,14.19,León,Tier1,17-FRE,Frenos,4203.61,2829,138,2691,20.5,Alemania,QRO-CEL
241,2026-05-24,2026-05-28,2026,5,0,4,0,0,156.1,2624.83,16.82,Corregidora,Tier1,68-SEN,Sensores,3619.25,1156,733,423,1.58,Japón,QRO-SJR
242,2022-09-20,2022-09-21,2022,9,2,1,0,0,209.8,2155.29,10.27,Corregidora,Distribuidor,71-SUS,Suspensión,1916.47,1253,659,594,1.9,Japón,QRO-MQZ
243,2026-05-09,2026-05-26,2026,5,6,17,1,13,16.5,208.25,12.62,Querétaro,Planta,71-ELE,Electrónica,3176.69,1574,322,1252,4.89,Japón,QRO-CEL
244,2024-10-02,2024-10-10,2024,10,3,8,1,5,285.8,3973.7,13.9,Querétaro,Planta,18-ELE,Electrónica,3808.96,3955,122,3833,32.42,Alemania,QRO-SLP
245,2026-05-04,2026-05-25,2026,5,1,21,1,18,134.4,1190.42,8.86,Querétaro,Planta,21-SUS,Suspensión,3922.67,482,217,265,2.22,Alemania,QRO-CEL
246,2023-12-24,2023-12-31,2023,12,0,7,1,4,155.6,3091.68,19.87,León,Tier1,55-FRE,Frenos,3030.18,3583,896,2687,4,USA,QRO-CEL
247,2025-02-13,2025-02-18,2025,2,4,5,1,2,32.8,629.15,19.18,Querétaro,Tier1,50-SUS,Suspensión,1449.41,272,798,-526,0.34,México,QRO-SJR
248,2024-07-16,2024-07-18,2024,7,2,2,0,0,46.6,871.97,18.71,El Marqués,Planta,68-ARN,Arneses,4667.59,2569,343,2226,7.49,Alemania,QRO-MQZ
249,2023-09-18,2023-09-20,2023,9,1,2,0,0,171.8,2973.24,17.31,León,Tier1,9-ELE,Electrónica,3081.81,4325,472,3853,9.16,USA,QRO-MQZ
250,2026-05-11,2026-05-31,2026,5,1,20,1,11,252,4282.57,16.99,Querétaro,Planta,31-SUS,Suspensión,414.84,3309,482,2827,6.87,China,QRO-CEL
251,2022-07-04,2022-07-10,2022,7,1,6,1,3,191.5,1746.21,9.12,León,Tier1,69-SUS,Suspensión,2311.07,1018,914,104,1.11,China,QRO-CEL
252,2023-09-16,2023-09-22,2023,9,6,6,1,3,32.6,459.35,14.09,El Marqués,Taller,43-FRE,Frenos,2378.13,401,657,-256,0.61,Alemania,QRO-SLP
253,2022-10-31,2022-11-08,2022,10,1,8,1,5,259.3,3172.81,12.24,San Luis Potosí,Distribuidor,64-ELE,Electrónica,4488.81,2018,103,1915,19.59,China,QRO-MQZ
254,2023-03-07,2023-03-15,2023,3,2,8,1,5,230.4,4506.4,19.56,El Marqués,Planta,67-ELE,Electrónica,2438.18,3104,587,2517,5.29,México,QRO-MQZ
255,2026-05-14,2026-05-25,2026,5,4,11,1,8,233.6,4394.63,18.81,San Luis Potosí,Taller,31-ARN,Arneses,3016.79,2221,601,1620,3.7,Japón,QRO-MQZ
256,2026-05-07,2026-05-27,2026,5,4,20,1,15,49,429.31,8.76,León,Tier1,85-SUS,Suspensión,2247.84,2925,536,2389,5.46,México,QRO-CEL
257,2026-05-09,2026-05-30,2026,5,6,21,1,13,74.2,1152.69,15.53,Querétaro,Tier1,35-SUS,Suspensión,3998.45,2100,715,1385,2.94,Japón,QRO-MQZ
258,2021-04-08,2021-04-11,2021,4,4,3,0,0,323,5915.28,18.31,San Juan del Río,Tier1,62-SEN,Sensores,61.64,976,325,651,3,Japón,QRO-SJR
259,2024-04-22,2024-04-27,2024,4,1,5,1,2,85.3,1205.38,14.13,Celaya,Taller,15-SEN,Sensores,4743.16,142,448,-306,0.32,México,QRO-MQZ
260,2025-04-14,2025-04-21,2025,4,1,7,1,4,46.5,489.68,10.53,León,Planta,100-SEN,Sensores,1884.18,1812,275,1537,6.59,Japón,QRO-MQZ
261,2026-05-09,2026-06-01,2026,5,6,23,1,13,60.3,623.13,10.33,León,Tier1,91-FRE,Frenos,4291.8,4493,112,4381,40.12,China,QRO-SJR
262,2021-07-16,2021-07-18,2021,7,5,2,0,0,89.7,1577.11,17.58,San Juan del Río,Taller,65-ELE,Electrónica,4175.41,3316,875,2441,3.79,USA,QRO-CEL
263,2023-01-11,2023-01-14,2023,1,3,3,0,0,18,241.56,13.42,Corregidora,Distribuidor,42-SUS,Suspensión,1516.88,2245,576,1669,3.9,Japón,QRO-MQZ
264,2023-01-14,2023-01-21,2023,1,6,7,1,4,94.2,857.14,9.1,Celaya,Tier1,6-SEN,Sensores,1099.61,3877,502,3375,7.72,USA,QRO-SLP
265,2023-05-12,2023-05-18,2023,5,5,6,1,3,329.1,3055.79,9.29,Querétaro,Tier1,69-ELE,Electrónica,1827.32,416,556,-140,0.75,Alemania,QRO-SLP
266,2021-04-29,2021-04-30,2021,4,4,1,0,0,304.7,3400.09,11.16,Querétaro,Tier1,100-ELE,Electrónica,3513.62,1971,804,1167,2.45,Japón,QRO-SJR
267,2026-05-10,2026-05-25,2026,5,0,15,1,12,32.9,639.96,19.45,León,Tier1,24-SUS,Suspensión,712.49,4064,852,3212,4.77,Japón,QRO-SLP
268,2023-04-18,2023-04-24,2023,4,2,6,1,3,328.8,2942.5,8.95,El Marqués,Taller,31-ELE,Electrónica,4149.51,2548,128,2420,19.91,México,QRO-MQZ
269,2021-03-28,2021-04-04,2021,3,0,7,1,4,132,2352.24,17.82,Celaya,Distribuidor,38-FRE,Frenos,2176.42,4632,529,4103,8.76,USA,QRO-MQZ
270,2022-09-29,2022-10-04,2022,9,4,5,1,2,316.3,4501.56,14.23,Corregidora,Distribuidor,79-ELE,Electrónica,359.85,133,141,-8,0.94,Alemania,QRO-CEL
271,2026-05-14,2026-05-19,2026,5,4,5,1,2,242.9,2441.72,10.05,San Luis Potosí,Tier1,13-ARN,Arneses,1454.25,4822,879,3943,5.49,México,QRO-CEL
272,2024-07-25,2024-07-27,2024,7,4,2,0,0,233.2,4052.82,17.38,El Marqués,Tier1,94-SEN,Sensores,3460.4,1180,938,242,1.26,China,QRO-MQZ
273,2025-11-13,2025-11-15,2025,11,4,2,0,0,94.6,1266.65,13.39,Corregidora,Tier1,85-FRE,Frenos,2849.37,4143,705,3438,5.88,Japón,QRO-SLP
274,2024-05-25,2024-05-27,2024,5,6,2,0,0,126.9,1435.75,11.31,San Juan del Río,Planta,5-FRE,Frenos,3547.92,1323,978,345,1.35,China,QRO-MQZ
275,2024-04-28,2024-05-06,2024,4,0,8,1,5,272,2666.04,9.8,Querétaro,Distribuidor,31-ELE,Electrónica,4149.51,2548,128,2420,19.91,China,QRO-SJR
276,2026-05-14,2026-05-26,2026,5,4,12,1,8,198.3,1973,9.95,Corregidora,Distribuidor,16-FRE,Frenos,4639.47,4174,516,3658,8.09,China,QRO-SLP
277,2024-06-01,2024-06-09,2024,6,6,8,1,5,31.6,381.68,12.08,San Juan del Río,Planta,98-ARN,Arneses,3240.05,314,373,-59,0.84,México,QRO-CEL
278,2026-05-19,2026-06-01,2026,5,2,13,1,3,315.6,4711.5,14.93,San Juan del Río,Planta,87-ARN,Arneses,4993.62,4977,367,4610,13.56,China,QRO-SLP
279,2023-02-26,2023-02-27,2023,2,0,1,0,0,120.6,979.58,8.12,San Juan del Río,Tier1,41-FRE,Frenos,402.6,1519,142,1377,10.7,Japón,QRO-MQZ
280,2026-05-13,2026-05-30,2026,5,3,17,1,9,214.4,4286.86,19.99,San Luis Potosí,Tier1,19-SEN,Sensores,1116.53,4535,959,3576,4.73,Alemania,QRO-CEL
281,2026-04-04,2026-04-09,2026,4,6,5,1,2,344,6723.65,19.55,El Marqués,Tier1,68-ARN,Arneses,4667.59,2569,343,2226,7.49,México,QRO-SLP
282,2023-11-09,2023-11-13,2023,11,4,4,1,1,340.7,5493.94,16.13,León,Planta,65-ELE,Electrónica,4175.41,3316,875,2441,3.79,México,QRO-SJR
283,2026-05-14,2026-05-30,2026,5,4,16,1,8,306.7,5693,18.56,León,Planta,55-SUS,Suspensión,105.27,1887,966,921,1.95,Japón,QRO-SLP
284,2026-05-24,2026-05-26,2026,5,0,2,0,0,228.8,2187.4,9.56,El Marqués,Taller,70-SEN,Sensores,1991.74,2888,241,2647,11.98,México,QRO-CEL
285,2022-02-03,2022-02-08,2022,2,4,5,1,2,316.5,5857.75,18.51,Querétaro,Planta,48-ELE,Electrónica,2929.89,2314,767,1547,3.02,China,QRO-MQZ
286,2021-04-16,2021-04-21,2021,4,5,5,1,2,244.2,2706.77,11.08,León,Planta,22-SEN,Sensores,4518.66,3974,785,3189,5.06,Alemania,QRO-CEL
287,2026-05-12,2026-05-29,2026,5,2,17,1,10,129.3,2368.24,18.32,El Marqués,Tier1,56-SUS,Suspensión,4497.66,4064,966,3098,4.21,Alemania,QRO-SLP
288,2024-09-06,2024-09-13,2024,9,5,7,1,4,218.1,2163.58,9.92,El Marqués,Taller,56-ELE,Electrónica,4660.32,2448,510,1938,4.8,China,QRO-SLP
289,2021-07-09,2021-07-13,2021,7,5,4,1,1,296.1,4064.33,13.73,Corregidora,Distribuidor,29-SEN,Sensores,3933.04,3258,672,2586,4.85,Alemania,QRO-SLP
290,2026-05-07,2026-05-29,2026,5,4,22,1,15,51.6,481.44,9.33,León,Taller,81-FRE,Frenos,857.33,1893,403,1490,4.7,China,QRO-CEL
291,2026-05-13,2026-05-29,2026,5,3,16,1,9,270.7,3684.88,13.61,Celaya,Distribuidor,98-ARN,Arneses,3240.05,314,373,-59,0.84,USA,QRO-MQZ
292,2021-01-16,2021-01-18,2021,1,6,2,0,0,183.8,1802.93,9.81,Corregidora,Distribuidor,28-SUS,Suspensión,2679.89,2559,178,2381,14.38,China,QRO-CEL
293,2025-09-23,2025-09-28,2025,9,2,5,1,2,77.2,1230.36,15.94,León,Tier1,76-SEN,Sensores,3690.33,3173,898,2275,3.53,USA,QRO-SJR
294,2026-05-14,2026-05-28,2026,5,4,14,1,8,20.6,384.05,18.64,Celaya,Distribuidor,81-FRE,Frenos,857.33,1893,403,1490,4.7,México,QRO-CEL
295,2021-03-25,2021-04-02,2021,3,4,8,1,5,283.8,2299.51,8.1,San Luis Potosí,Tier1,80-SUS,Suspensión,3018.8,2364,799,1565,2.96,USA,QRO-MQZ
296,2026-05-04,2026-05-31,2026,5,1,27,1,18,170.8,2028.87,11.88,Celaya,Planta,44-ELE,Electrónica,1705.75,4295,341,3954,12.6,Japón,QRO-SLP
297,2021-08-09,2021-08-14,2021,8,1,5,1,2,189.5,2638.29,13.92,Celaya,Distribuidor,8-ARN,Arneses,3605.24,2185,615,1570,3.55,Japón,QRO-SLP
298,2024-05-27,2024-05-31,2024,5,1,4,1,1,199.4,3795.37,19.03,San Luis Potosí,Tier1,37-ARN,Arneses,1422.73,3772,947,2825,3.98,China,QRO-SLP
299,2026-05-02,2026-05-28,2026,5,6,26,1,20,307.4,3026.55,9.85,León,Taller,97-ARN,Arneses,2270.01,2349,327,2022,7.18,México,QRO-MQZ
300,2023-04-01,2023-04-07,2023,4,6,6,1,3,237.1,4357.35,18.38,El Marqués,Tier1,33-SEN,Sensores,4299.55,4446,746,3700,5.96,USA,QRO-SJR
301,2026-05-02,2026-05-30,2026,5,6,28,1,20,152,2595.63,17.08,El Marqués,Tier1,33-FRE,Frenos,4635.35,4897,202,4695,24.24,México,QRO-SLP
302,2021-11-27,2021-12-03,2021,11,6,6,1,3,138.1,2602.82,18.85,León,Taller,58-FRE,Frenos,4382.22,4184,377,3807,11.1,Japón,QRO-CEL
303,2021-12-25,2021-12-26,2021,12,6,1,0,0,74.1,1367.83,18.46,San Juan del Río,Planta,11-SEN,Sensores,1039.42,4283,144,4139,29.74,Alemania,QRO-SLP
304,2025-03-25,2025-04-01,2025,3,2,7,1,4,202.1,2608.27,12.91,San Luis Potosí,Planta,92-SEN,Sensores,4469.2,3130,154,2976,20.32,Japón,QRO-MQZ
305,2023-04-02,2023-04-07,2023,4,0,5,1,2,278,5412.46,19.47,San Luis Potosí,Tier1,4-SEN,Sensores,415.57,4942,295,4647,16.75,USA,QRO-MQZ
306,2024-04-07,2024-04-13,2024,4,0,6,1,3,152.7,2903.07,19.01,Celaya,Distribuidor,19-ARN,Arneses,3708.16,4895,837,4058,5.85,USA,QRO-CEL
307,2026-05-23,2026-05-28,2026,5,6,5,0,0,147.5,2511.92,17.03,Celaya,Distribuidor,9-FRE,Frenos,366.33,1374,473,901,2.9,Japón,QRO-CEL
308,2026-05-08,2026-05-30,2026,5,5,22,1,14,179.3,2375.87,13.25,León,Tier1,76-ARN,Arneses,690.12,2510,973,1537,2.58,China,QRO-MQZ
309,2025-01-05,2025-01-13,2025,1,0,8,1,5,147.8,2546.99,17.23,Corregidora,Tier1,62-ELE,Electrónica,4147.27,4050,501,3549,8.08,USA,QRO-MQZ
310,2025-06-07,2025-06-12,2025,6,6,5,1,2,110.8,1936.48,17.48,El Marqués,Taller,75-ARN,Arneses,783.6,3454,262,3192,13.18,México,QRO-SJR
311,2021-08-28,2021-09-03,2021,8,6,6,1,3,62.4,944.72,15.14,Corregidora,Distribuidor,93-ARN,Arneses,4982.78,4849,464,4385,10.45,México,QRO-MQZ
312,2025-04-03,2025-04-10,2025,4,4,7,1,4,345.5,6551.23,18.96,San Juan del Río,Tier1,56-ARN,Arneses,1558.68,1866,703,1163,2.65,Alemania,QRO-MQZ
313,2026-05-13,2026-05-25,2026,5,3,12,1,9,23.8,316.48,13.3,San Luis Potosí,Planta,22-FRE,Frenos,473.66,3099,887,2212,3.49,China,QRO-CEL
314,2026-05-06,2026-05-26,2026,5,3,20,1,16,31.3,461.45,14.74,León,Taller,94-FRE,Frenos,4473.89,3060,162,2898,18.89,USA,QRO-SLP
315,2023-09-21,2023-09-25,2023,9,4,4,1,1,207.3,3788.7,18.28,León,Planta,1-ELE,Electrónica,4919.31,1189,945,244,1.26,China,QRO-SJR
316,2026-05-04,2026-06-01,2026,5,1,28,1,18,243,4406.27,18.13,San Juan del Río,Planta,94-SUS,Suspensión,345.62,2291,202,2089,11.34,México,QRO-SJR
317,2025-06-11,2025-06-15,2025,6,3,4,1,1,341.1,6199.7,18.18,San Luis Potosí,Planta,16-SEN,Sensores,498.65,4923,754,4169,6.53,México,QRO-MQZ
318,2026-05-10,2026-05-31,2026,5,0,21,1,12,228,3227.85,14.16,San Juan del Río,Tier1,81-ARN,Arneses,4391.37,366,872,-506,0.42,Alemania,QRO-MQZ
319,2023-01-14,2023-01-20,2023,1,6,6,1,3,185.1,2584.22,13.96,León,Tier1,29-FRE,Frenos,3167.34,4361,305,4056,14.3,USA,QRO-MQZ
320,2026-02-17,2026-02-24,2026,2,2,7,1,4,262.6,4092.9,15.59,San Luis Potosí,Distribuidor,96-SEN,Sensores,4971.73,4377,915,3462,4.78,China,QRO-SLP
321,2026-05-06,2026-05-29,2026,5,3,23,1,16,32,557.48,17.42,Celaya,Taller,6-ARN,Arneses,1073.65,2312,666,1646,3.47,China,QRO-SLP
322,2024-02-08,2024-02-10,2024,2,4,2,0,0,207.3,3765.86,18.17,San Juan del Río,Planta,89-SEN,Sensores,4357.78,2341,878,1463,2.67,China,QRO-SLP
323,2022-05-22,2022-05-26,2022,5,0,4,1,1,269.2,5050.22,18.76,León,Tier1,96-FRE,Frenos,3819.86,1364,751,613,1.82,Alemania,QRO-CEL
324,2025-06-24,2025-06-25,2025,6,2,1,0,0,177.4,3317.47,18.7,Celaya,Distribuidor,47-ELE,Electrónica,129.58,3309,950,2359,3.48,México,QRO-MQZ
325,2026-05-23,2026-06-05,2026,5,6,13,0,0,29.8,497.39,16.69,Celaya,Taller,51-ELE,Electrónica,807.84,2612,676,1936,3.86,México,QRO-CEL
326,2026-05-12,2026-05-26,2026,5,2,14,1,10,267.5,3276.09,12.25,Querétaro,Tier1,55-ELE,Electrónica,4107.15,2573,998,1575,2.58,Japón,QRO-SJR
327,2021-10-04,2021-10-10,2021,10,1,6,1,3,22.3,322.68,14.47,Celaya,Tier1,17-FRE,Frenos,4203.61,2829,138,2691,20.5,México,QRO-CEL
328,2024-09-27,2024-09-28,2024,9,5,1,0,0,134.7,1556.67,11.56,Corregidora,Tier1,59-SUS,Suspensión,149.53,1044,359,685,2.91,USA,QRO-SJR
329,2024-09-06,2024-09-12,2024,9,5,6,1,3,130.3,1170.89,8.99,Corregidora,Distribuidor,89-SUS,Suspensión,3420.66,3727,958,2769,3.89,China,QRO-MQZ
330,2025-05-28,2025-05-30,2025,5,3,2,0,0,103.4,1294.1,12.52,Corregidora,Distribuidor,6-SEN,Sensores,1099.61,3877,502,3375,7.72,Alemania,QRO-MQZ
331,2025-11-27,2025-12-05,2025,11,4,8,1,5,99.2,1473.29,14.85,San Juan del Río,Tier1,99-FRE,Frenos,4195.98,3122,126,2996,24.78,USA,QRO-SLP
332,2023-09-08,2023-09-11,2023,9,5,3,0,0,123.4,1172.97,9.51,Querétaro,Distribuidor,18-ELE,Electrónica,3808.96,3955,122,3833,32.42,Alemania,QRO-CEL
333,2022-06-01,2022-06-07,2022,6,3,6,1,3,80.6,1279.06,15.87,León,Tier1,74-FRE,Frenos,4844.7,4945,375,4570,13.19,China,QRO-SJR
334,2026-05-07,2026-06-01,2026,5,4,25,1,15,269.5,4933.91,18.31,Corregidora,Planta,32-SEN,Sensores,1196.78,3120,728,2392,4.29,Japón,QRO-MQZ
335,2023-07-17,2023-07-21,2023,7,1,4,1,1,274.5,2510.28,9.14,San Luis Potosí,Tier1,33-FRE,Frenos,4635.35,4897,202,4695,24.24,México,QRO-CEL
336,2021-08-18,2021-08-21,2021,8,3,3,0,0,300.4,3027.32,10.08,San Juan del Río,Tier1,13-ARN,Arneses,1454.25,4822,879,3943,5.49,USA,QRO-SJR
337,2022-04-08,2022-04-14,2022,4,5,6,1,3,185.5,2777.95,14.98,Corregidora,Planta,65-SEN,Sensores,3356.68,3642,308,3334,11.82,México,QRO-SLP
338,2026-05-07,2026-05-27,2026,5,4,20,1,15,285.7,4564.94,15.98,El Marqués,Planta,53-ELE,Electrónica,2503.62,2992,933,2059,3.21,USA,QRO-SJR
339,2025-03-29,2025-04-05,2025,3,6,7,1,4,117.3,1083.4,9.24,León,Tier1,28-ELE,Electrónica,4684.29,2156,661,1495,3.26,México,QRO-SJR
340,2026-05-11,2026-05-25,2026,5,1,14,1,11,316.8,3207.82,10.13,León,Tier1,77-FRE,Frenos,1286.73,3721,625,3096,5.95,México,QRO-SJR
341,2021-11-07,2021-11-14,2021,11,0,7,1,4,234.4,4335.65,18.5,San Juan del Río,Taller,4-SUS,Suspensión,4325.44,2289,793,1496,2.89,Japón,QRO-SLP
342,2026-05-21,2026-06-02,2026,5,4,12,1,1,120.4,1542.68,12.81,El Marqués,Taller,21-SEN,Sensores,2963.98,277,140,137,1.98,Japón,QRO-SLP
343,2026-05-24,2026-06-01,2026,5,0,8,0,0,91.8,1447.63,15.77,León,Taller,6-SUS,Suspensión,2576.41,2042,642,1400,3.18,Alemania,QRO-SLP
344,2025-03-05,2025-03-10,2025,3,3,5,1,2,344.3,4151.32,12.06,Corregidora,Tier1,46-SEN,Sensores,4891.28,2915,405,2510,7.2,Alemania,QRO-CEL
345,2026-05-11,2026-05-31,2026,5,1,20,1,11,274.5,2422.88,8.83,León,Tier1,59-SUS,Suspensión,149.53,1044,359,685,2.91,China,QRO-SJR
346,2025-01-01,2025-01-06,2025,1,3,5,1,2,135.4,2265.15,16.73,San Juan del Río,Taller,28-SEN,Sensores,1818.54,4432,701,3731,6.32,Japón,QRO-CEL
347,2024-11-05,2024-11-11,2024,11,2,6,1,3,139.7,1406.82,10.07,El Marqués,Tier1,71-SEN,Sensores,263.19,144,177,-33,0.81,Japón,QRO-CEL
348,2026-05-17,2026-05-29,2026,5,0,12,1,5,61.1,540.64,8.85,León,Tier1,43-FRE,Frenos,2378.13,401,657,-256,0.61,Japón,QRO-SJR
349,2023-11-24,2023-11-27,2023,11,5,3,0,0,125.7,2319.47,18.45,El Marqués,Taller,92-ELE,Electrónica,4401.79,4271,769,3502,5.55,Alemania,QRO-CEL
350,2021-04-11,2021-04-17,2021,4,0,6,1,3,292.7,4879.81,16.67,El Marqués,Planta,32-ELE,Electrónica,2499.14,1034,842,192,1.23,Alemania,QRO-CEL
351,2024-05-29,2024-06-06,2024,5,3,8,1,5,106.6,1433.43,13.45,San Luis Potosí,Taller,81-ARN,Arneses,4391.37,366,872,-506,0.42,China,QRO-MQZ
352,2026-05-10,2026-05-29,2026,5,0,19,1,12,39.3,502.04,12.77,El Marqués,Tier1,5-ARN,Arneses,2099.43,479,838,-359,0.57,USA,QRO-CEL
353,2026-05-20,2026-05-29,2026,5,3,9,1,2,11.9,206.32,17.34,Querétaro,Distribuidor,82-FRE,Frenos,3559.78,1290,296,994,4.36,Alemania,QRO-CEL
354,2025-12-18,2025-12-20,2025,12,4,2,0,0,191.9,2302.07,12,San Juan del Río,Taller,56-ELE,Electrónica,4660.32,2448,510,1938,4.8,Alemania,QRO-MQZ
355,2026-05-07,2026-05-31,2026,5,4,24,1,15,190.2,1917.31,10.08,León,Planta,27-SUS,Suspensión,4748.31,2962,518,2444,5.72,México,QRO-CEL
356,2021-08-31,2021-09-05,2021,8,2,5,1,2,220.5,3586.04,16.26,Celaya,Tier1,80-SUS,Suspensión,3018.8,2364,799,1565,2.96,USA,QRO-CEL
357,2026-05-03,2026-05-28,2026,5,0,25,1,19,69.7,1350.43,19.37,Corregidora,Distribuidor,59-ARN,Arneses,757.6,2440,393,2047,6.21,Alemania,QRO-SJR
358,2022-08-13,2022-08-16,2022,8,6,3,0,0,165,2219.61,13.45,El Marqués,Taller,31-SUS,Suspensión,414.84,3309,482,2827,6.87,China,QRO-MQZ
359,2024-05-13,2024-05-14,2024,5,1,1,0,0,150.3,1421.84,9.46,San Juan del Río,Taller,50-ARN,Arneses,2901.33,2029,792,1237,2.56,Alemania,QRO-MQZ
360,2026-01-14,2026-01-17,2026,1,3,3,0,0,78.3,1209.3,15.44,Querétaro,Planta,31-SUS,Suspensión,414.84,3309,482,2827,6.87,México,QRO-MQZ
361,2025-12-03,2025-12-10,2025,12,3,7,1,4,40.3,784.44,19.47,León,Tier1,12-SEN,Sensores,4736.13,22,333,-311,0.07,México,QRO-MQZ
362,2021-11-13,2021-11-14,2021,11,6,1,0,0,21.5,407.13,18.94,El Marqués,Taller,8-ELE,Electrónica,1771.55,3926,741,3185,5.3,China,QRO-SJR
363,2025-06-16,2025-06-17,2025,6,1,1,0,0,21,286.74,13.65,Querétaro,Planta,15-ELE,Electrónica,1562.18,742,986,-244,0.75,Japón,QRO-MQZ
364,2026-02-14,2026-02-20,2026,2,6,6,1,3,191.2,1645.59,8.61,Celaya,Distribuidor,91-ARN,Arneses,3259.69,1994,705,1289,2.83,Alemania,QRO-CEL
365,2024-02-11,2024-02-17,2024,2,0,6,1,3,273.3,4468.7,16.35,Corregidora,Tier1,95-ELE,Electrónica,4863.69,3953,627,3326,6.3,USA,QRO-SLP
366,2022-05-06,2022-05-10,2022,5,5,4,1,1,152.7,1622.86,10.63,Querétaro,Tier1,15-SEN,Sensores,4743.16,142,448,-306,0.32,Alemania,QRO-SJR
367,2025-09-03,2025-09-10,2025,9,3,7,1,4,81.3,736.63,9.06,Corregidora,Distribuidor,18-SUS,Suspensión,340.23,926,375,551,2.47,Japón,QRO-SLP
368,2023-10-28,2023-11-01,2023,10,6,4,1,1,311.9,3237.61,10.38,El Marqués,Tier1,67-SUS,Suspensión,2907.17,4550,308,4242,14.77,Japón,QRO-SJR
369,2024-02-03,2024-02-10,2024,2,6,7,1,4,79.8,1101.3,13.8,Querétaro,Tier1,85-SUS,Suspensión,2247.84,2925,536,2389,5.46,China,QRO-MQZ
370,2026-05-14,2026-05-27,2026,5,4,13,1,8,278.4,3855.22,13.85,Corregidora,Taller,15-ELE,Electrónica,1562.18,742,986,-244,0.75,Alemania,QRO-MQZ
371,2021-07-10,2021-07-14,2021,7,6,4,1,1,61.1,793.44,12.99,San Juan del Río,Planta,29-SUS,Suspensión,2268.03,800,134,666,5.97,Japón,QRO-CEL
372,2026-05-06,2026-05-31,2026,5,3,25,1,16,253.8,3602.06,14.19,El Marqués,Tier1,16-SEN,Sensores,498.65,4923,754,4169,6.53,China,QRO-SLP
373,2023-12-09,2023-12-11,2023,12,6,2,0,0,186.7,2927.05,15.68,Querétaro,Tier1,60-ELE,Electrónica,1065.78,4715,596,4119,7.91,China,QRO-CEL
374,2025-12-06,2025-12-14,2025,12,6,8,1,5,173.8,2788.16,16.04,Corregidora,Distribuidor,59-ELE,Electrónica,3153.37,470,478,-8,0.98,USA,QRO-MQZ
375,2026-05-06,2026-05-26,2026,5,3,20,1,16,70.1,1307.46,18.65,San Juan del Río,Planta,85-ELE,Electrónica,2849.32,3481,180,3301,19.34,Japón,QRO-SJR
376,2024-09-25,2024-09-30,2024,9,3,5,1,2,232.7,3087.17,13.27,Querétaro,Tier1,93-SEN,Sensores,4236.96,1229,379,850,3.24,China,QRO-MQZ
377,2023-01-09,2023-01-14,2023,1,1,5,1,2,320.9,4888.27,15.23,León,Tier1,67-SUS,Suspensión,2907.17,4550,308,4242,14.77,Japón,QRO-MQZ
378,2026-05-12,2026-05-28,2026,5,2,16,1,10,228.5,2812.29,12.31,Querétaro,Distribuidor,34-FRE,Frenos,1708.23,2340,807,1533,2.9,Alemania,QRO-SJR
379,2026-05-01,2026-05-26,2026,5,5,25,1,21,53.5,874.13,16.34,León,Taller,85-ELE,Electrónica,2849.32,3481,180,3301,19.34,Alemania,QRO-MQZ
380,2025-11-30,2025-12-05,2025,11,0,5,1,2,101.3,1023.82,10.11,León,Tier1,76-ARN,Arneses,690.12,2510,973,1537,2.58,Alemania,QRO-MQZ
381,2026-05-06,2026-05-25,2026,5,3,19,1,16,297.5,4230.55,14.22,León,Tier1,73-ARN,Arneses,3687.85,3796,460,3336,8.25,China,QRO-MQZ
382,2026-05-12,2026-06-01,2026,5,2,20,1,10,346.2,4268.15,12.33,Celaya,Tier1,81-FRE,Frenos,857.33,1893,403,1490,4.7,China,QRO-MQZ
383,2022-02-22,2022-03-02,2022,2,2,8,1,5,172.7,2350.75,13.61,León,Tier1,40-SEN,Sensores,1730.14,4560,975,3585,4.68,México,QRO-SLP
384,2026-03-11,2026-03-15,2026,3,3,4,1,1,179.2,1789.29,9.98,León,Tier1,59-ARN,Arneses,757.6,2440,393,2047,6.21,Japón,QRO-MQZ
385,2025-01-12,2025-01-20,2025,1,0,8,1,5,174.8,1914.84,10.95,Celaya,Tier1,99-ARN,Arneses,1390.25,230,392,-162,0.59,Japón,QRO-MQZ
386,2023-11-12,2023-11-17,2023,11,0,5,1,2,42.7,608.92,14.26,El Marqués,Tier1,48-SUS,Suspensión,3762.52,1609,412,1197,3.91,China,QRO-SJR
387,2024-02-24,2024-02-26,2024,2,6,2,0,0,335.6,5922.37,17.65,León,Tier1,67-ARN,Arneses,250.33,2392,600,1792,3.99,México,QRO-CEL
388,2021-04-02,2021-04-09,2021,4,5,7,1,4,261.3,2333.61,8.93,El Marqués,Taller,84-ELE,Electrónica,4956.47,3359,709,2650,4.74,Japón,QRO-MQZ
389,2023-01-08,2023-01-15,2023,1,0,7,1,4,276.9,5356.11,19.34,Querétaro,Distribuidor,100-SUS,Suspensión,4542.37,1415,190,1225,7.45,China,QRO-CEL
390,2023-04-12,2023-04-13,2023,4,3,1,0,0,170.7,1569.52,9.19,Celaya,Planta,27-SUS,Suspensión,4748.31,2962,518,2444,5.72,México,QRO-SLP
391,2026-05-01,2026-05-28,2026,5,5,27,1,21,56.9,1132.1,19.9,San Luis Potosí,Tier1,90-ARN,Arneses,2855.44,3929,856,3073,4.59,USA,QRO-SJR
392,2021-09-03,2021-09-04,2021,9,5,1,0,0,285.6,3956.32,13.85,Corregidora,Tier1,94-ELE,Electrónica,673.59,2723,409,2314,6.66,China,QRO-MQZ
393,2021-02-07,2021-02-13,2021,2,0,6,1,3,55,470.35,8.55,Celaya,Distribuidor,1-SEN,Sensores,1859.2,2796,887,1909,3.15,China,QRO-SJR
394,2026-05-06,2026-05-26,2026,5,3,20,1,16,140.5,2057.85,14.65,Querétaro,Planta,15-ELE,Electrónica,1562.18,742,986,-244,0.75,Japón,QRO-SJR
395,2026-05-17,2026-05-31,2026,5,0,14,1,5,41.7,832.69,19.97,San Juan del Río,Planta,25-ELE,Electrónica,1552.43,1189,817,372,1.46,México,QRO-CEL
396,2022-05-09,2022-05-10,2022,5,1,1,0,0,195.6,2621.18,13.4,Querétaro,Distribuidor,52-FRE,Frenos,1237.74,4520,880,3640,5.14,Japón,QRO-MQZ
397,2021-01-28,2021-02-01,2021,1,4,4,1,1,151.2,2273.16,15.03,El Marqués,Taller,39-SUS,Suspensión,3757.25,1049,806,243,1.3,China,QRO-SLP
398,2024-12-03,2024-12-04,2024,12,2,1,0,0,174.8,2691.34,15.4,León,Tier1,52-FRE,Frenos,1237.74,4520,880,3640,5.14,México,QRO-SLP
399,2021-09-29,2021-10-05,2021,9,3,6,1,3,315,2565.22,8.14,Querétaro,Taller,87-SUS,Suspensión,2152.64,3435,242,3193,14.19,México,QRO-MQZ
400,2023-03-02,2023-03-03,2023,3,4,1,0,0,315.3,3362.9,10.67,San Juan del Río,Taller,30-FRE,Frenos,2601.88,1085,192,893,5.65,China,QRO-SJR
401,2026-05-14,2026-05-25,2026,5,4,11,1,8,80.8,687.47,8.51,Celaya,Planta,32-SEN,Sensores,1196.78,3120,728,2392,4.29,México,QRO-CEL
402,2023-04-25,2023-04-26,2023,4,2,1,0,0,180.4,2116.51,11.73,Querétaro,Tier1,78-ELE,Electrónica,2160.49,2923,533,2390,5.48,Japón,QRO-SLP
403,2022-09-26,2022-10-02,2022,9,1,6,1,3,140.5,1479.25,10.53,El Marqués,Taller,74-SUS,Suspensión,4557.16,415,619,-204,0.67,Alemania,QRO-CEL
404,2026-05-18,2026-05-28,2026,5,1,10,1,4,84.3,1152.22,13.67,Querétaro,Tier1,84-ELE,Electrónica,4956.47,3359,709,2650,4.74,Alemania,QRO-CEL
405,2026-05-14,2026-05-26,2026,5,4,12,1,8,321.4,3274.58,10.19,León,Tier1,64-ARN,Arneses,324.29,3235,687,2548,4.71,Alemania,QRO-CEL
406,2024-06-19,2024-06-26,2024,6,3,7,1,4,83.8,1549.47,18.49,El Marqués,Planta,58-SEN,Sensores,2617.63,4219,411,3808,10.27,China,QRO-SLP
407,2021-10-29,2021-11-05,2021,10,5,7,1,4,265.1,4804.78,18.12,San Luis Potosí,Tier1,77-SUS,Suspensión,2408.66,2567,263,2304,9.76,China,QRO-MQZ
408,2023-03-24,2023-03-29,2023,3,5,5,1,2,115.4,2176.51,18.86,El Marqués,Tier1,69-FRE,Frenos,186.87,4709,419,4290,11.24,USA,QRO-SJR
409,2024-10-23,2024-10-26,2024,10,3,3,0,0,285.6,3224.01,11.29,El Marqués,Tier1,94-SUS,Suspensión,345.62,2291,202,2089,11.34,USA,QRO-CEL
410,2025-12-05,2025-12-10,2025,12,5,5,1,2,146.4,1224.3,8.36,El Marqués,Taller,95-FRE,Frenos,4724.44,71,925,-854,0.08,China,QRO-MQZ
411,2021-12-02,2021-12-09,2021,12,4,7,1,4,331.8,5975.84,18.01,Celaya,Tier1,77-ELE,Electrónica,761.01,3401,523,2878,6.5,China,QRO-CEL
412,2026-05-21,2026-05-25,2026,5,4,4,1,1,322.5,5310.06,16.47,El Marqués,Tier1,64-FRE,Frenos,3469.29,4865,898,3967,5.42,Japón,QRO-CEL
413,2023-04-19,2023-04-24,2023,4,3,5,1,2,173,3092.88,17.88,San Juan del Río,Taller,36-FRE,Frenos,2503.31,2427,781,1646,3.11,China,QRO-MQZ
414,2026-05-20,2026-05-29,2026,5,3,9,1,2,11.3,204.38,18.09,Corregidora,Tier1,49-SEN,Sensores,1664.17,3963,807,3156,4.91,China,QRO-CEL
415,2026-05-12,2026-05-25,2026,5,2,13,1,10,135.6,1935.38,14.27,Querétaro,Tier1,57-SUS,Suspensión,4521.23,466,706,-240,0.66,USA,QRO-SLP
416,2026-05-14,2026-05-25,2026,5,4,11,1,8,291,3810.51,13.09,Querétaro,Planta,59-SUS,Suspensión,149.53,1044,359,685,2.91,USA,QRO-SLP
417,2025-01-25,2025-02-02,2025,1,6,8,1,5,15.3,192.29,12.57,Corregidora,Tier1,32-ARN,Arneses,1534.06,183,367,-184,0.5,USA,QRO-CEL
418,2021-06-18,2021-06-25,2021,6,5,7,1,4,249.5,4640.99,18.6,San Luis Potosí,Tier1,75-SEN,Sensores,2324.33,2246,115,2131,19.53,Japón,QRO-SJR
419,2024-04-10,2024-04-18,2024,4,3,8,1,5,333.6,4439.2,13.31,Corregidora,Planta,56-SUS,Suspensión,4497.66,4064,966,3098,4.21,China,QRO-CEL
420,2026-05-10,2026-05-29,2026,5,0,19,1,12,62.9,1078.58,17.15,El Marqués,Tier1,60-FRE,Frenos,4591.5,2619,968,1651,2.71,México,QRO-CEL
421,2026-05-23,2026-05-26,2026,5,6,3,0,0,49.8,986.33,19.81,Celaya,Planta,9-ARN,Arneses,1971.31,2328,930,1398,2.5,China,QRO-MQZ
422,2023-06-19,2023-06-25,2023,6,1,6,1,3,303.2,4007.34,13.22,San Juan del Río,Planta,79-ARN,Arneses,2822.38,3202,339,2863,9.45,China,QRO-SLP
423,2026-05-12,2026-05-28,2026,5,2,16,1,10,184.5,1838.92,9.97,Celaya,Distribuidor,29-FRE,Frenos,3167.34,4361,305,4056,14.3,Alemania,QRO-SLP
424,2026-04-13,2026-04-14,2026,4,1,1,0,0,181.3,2693.22,14.86,Querétaro,Tier1,46-ARN,Arneses,2665.1,3109,331,2778,9.39,Alemania,QRO-MQZ
425,2021-02-28,2021-03-07,2021,2,0,7,1,4,178,3073.9,17.27,Celaya,Tier1,100-ARN,Arneses,1116.73,659,716,-57,0.92,USA,QRO-SJR
426,2025-09-06,2025-09-13,2025,9,6,7,1,4,316,6125.12,19.38,El Marqués,Tier1,98-ARN,Arneses,3240.05,314,373,-59,0.84,México,QRO-CEL
427,2026-05-09,2026-05-29,2026,5,6,20,1,13,82.6,1228.47,14.87,Celaya,Planta,22-SUS,Suspensión,895.84,3847,874,2973,4.4,Alemania,QRO-SJR
428,2026-05-06,2026-05-25,2026,5,3,19,1,16,158.5,2937.78,18.53,Celaya,Distribuidor,58-SUS,Suspensión,1458.38,4972,879,4093,5.66,China,QRO-CEL
429,2026-05-06,2026-05-26,2026,5,3,20,1,16,173.6,3334.75,19.21,Celaya,Planta,44-ARN,Arneses,4310.1,1228,335,893,3.67,Alemania,QRO-MQZ
430,2026-05-17,2026-05-29,2026,5,0,12,1,5,203.2,3094.5,15.23,Querétaro,Planta,9-ELE,Electrónica,3081.81,4325,472,3853,9.16,Japón,QRO-CEL
431,2025-10-07,2025-10-12,2025,10,2,5,1,2,65.9,757.51,11.49,San Juan del Río,Planta,33-ARN,Arneses,4073.72,1315,307,1008,4.28,Japón,QRO-SLP
432,2022-05-15,2022-05-23,2022,5,0,8,1,5,260.5,2312.1,8.88,Corregidora,Planta,92-ARN,Arneses,287.69,1288,902,386,1.43,USA,QRO-SJR
433,2026-05-01,2026-05-28,2026,5,5,27,1,21,138.8,2670.93,19.24,León,Tier1,77-ELE,Electrónica,761.01,3401,523,2878,6.5,China,QRO-CEL
434,2026-05-07,2026-05-15,2026,5,4,8,1,5,189.7,2088.07,11.01,El Marqués,Taller,45-FRE,Frenos,1728.34,1258,154,1104,8.17,Alemania,QRO-MQZ
435,2021-03-04,2021-03-07,2021,3,4,3,0,0,343.8,3400.49,9.89,Querétaro,Distribuidor,26-ELE,Electrónica,922.82,3095,331,2764,9.35,Japón,QRO-MQZ
436,2026-05-11,2026-05-30,2026,5,1,19,1,11,255.5,3087.05,12.08,León,Taller,90-ARN,Arneses,2855.44,3929,856,3073,4.59,China,QRO-SLP
437,2024-03-22,2024-03-28,2024,3,5,6,1,3,268.5,3164.86,11.79,Celaya,Distribuidor,17-SUS,Suspensión,2687.14,2633,740,1893,3.56,China,QRO-SJR
438,2026-05-19,2026-05-29,2026,5,2,10,1,3,242.2,3744.82,15.46,Querétaro,Tier1,56-ELE,Electrónica,4660.32,2448,510,1938,4.8,USA,QRO-SLP
439,2026-05-18,2026-05-30,2026,5,1,12,1,4,345.3,6087.18,17.63,Corregidora,Planta,54-ARN,Arneses,3425.08,4574,874,3700,5.23,China,QRO-MQZ
440,2026-05-18,2026-06-01,2026,5,1,14,1,4,237.6,2468.05,10.39,Corregidora,Distribuidor,60-FRE,Frenos,4591.5,2619,968,1651,2.71,Alemania,QRO-CEL
441,2026-05-20,2026-05-28,2026,5,3,8,1,2,42.5,440.66,10.37,Querétaro,Distribuidor,67-SUS,Suspensión,2907.17,4550,308,4242,14.77,México,QRO-SLP
442,2026-03-29,2026-03-31,2026,3,0,2,0,0,320.7,6114.01,19.06,Corregidora,Distribuidor,60-ELE,Electrónica,1065.78,4715,596,4119,7.91,China,QRO-CEL
443,2025-04-09,2025-04-10,2025,4,3,1,0,0,102.8,1792.67,17.44,León,Tier1,83-ARN,Arneses,4089.81,3819,304,3515,12.56,Japón,QRO-SLP
444,2026-05-03,2026-06-01,2026,5,0,29,1,19,267.2,2246.49,8.41,San Luis Potosí,Tier1,14-SEN,Sensores,1286.42,722,555,167,1.3,Alemania,QRO-SJR
445,2026-05-06,2026-05-31,2026,5,3,25,1,16,118,1573.77,13.34,Querétaro,Planta,58-ARN,Arneses,2254.49,3722,381,3341,9.77,México,QRO-CEL
446,2025-03-28,2025-04-03,2025,3,5,6,1,3,286,4375.95,15.3,Corregidora,Planta,3-ARN,Arneses,4070.75,2695,779,1916,3.46,Alemania,QRO-SJR
447,2022-11-27,2022-11-29,2022,11,0,2,0,0,230.8,4503.33,19.51,León,Planta,77-ARN,Arneses,4833.11,3865,647,3218,5.97,Alemania,QRO-SLP
448,2023-01-08,2023-01-15,2023,1,0,7,1,4,124.5,2270.17,18.23,Corregidora,Planta,49-ELE,Electrónica,3034.43,2749,539,2210,5.1,México,QRO-MQZ
449,2021-05-18,2021-05-19,2021,5,2,1,0,0,176.2,2504.86,14.22,León,Tier1,13-SUS,Suspensión,186.07,4142,666,3476,6.22,China,QRO-CEL
450,2024-10-02,2024-10-06,2024,10,3,4,1,1,137,2200.6,16.06,Celaya,Distribuidor,90-ARN,Arneses,2855.44,3929,856,3073,4.59,USA,QRO-CEL
451,2025-01-19,2025-01-21,2025,1,0,2,0,0,322.5,5849.64,18.14,El Marqués,Taller,48-ELE,Electrónica,2929.89,2314,767,1547,3.02,Alemania,QRO-MQZ
452,2025-05-06,2025-05-14,2025,5,2,8,1,5,280.1,4673.35,16.68,El Marqués,Planta,11-SUS,Suspensión,588.59,823,217,606,3.79,China,QRO-SJR
453,2023-06-03,2023-06-09,2023,6,6,6,1,3,61.8,975.71,15.79,León,Planta,70-FRE,Frenos,3370.05,2773,737,2036,3.76,USA,QRO-CEL
454,2022-09-19,2022-09-22,2022,9,1,3,0,0,27.9,291.31,10.44,Querétaro,Tier1,41-SEN,Sensores,4243.67,4515,377,4138,11.98,México,QRO-SJR
455,2022-02-20,2022-02-27,2022,2,0,7,1,4,182.1,1707.38,9.38,Corregidora,Distribuidor,72-SUS,Suspensión,234.19,3605,243,3362,14.84,USA,QRO-CEL
456,2023-09-02,2023-09-10,2023,9,6,8,1,5,128.9,1729.79,13.42,San Luis Potosí,Distribuidor,97-ARN,Arneses,2270.01,2349,327,2022,7.18,México,QRO-MQZ
457,2026-05-22,2026-05-29,2026,5,5,7,0,0,312.6,5087.49,16.27,Querétaro,Tier1,35-FRE,Frenos,2222.63,4456,817,3639,5.45,México,QRO-SLP
458,2021-09-20,2021-09-27,2021,9,1,7,1,4,224.9,2088.93,9.29,León,Planta,87-SUS,Suspensión,2152.64,3435,242,3193,14.19,Japón,QRO-SLP
459,2021-01-14,2021-01-18,2021,1,4,4,1,1,150,2643.33,17.62,León,Planta,91-SUS,Suspensión,3680.26,3837,791,3046,4.85,Japón,QRO-SJR
460,2026-03-27,2026-04-02,2026,3,5,6,1,3,20.9,359.22,17.19,Celaya,Distribuidor,84-SUS,Suspensión,3111.43,4098,547,3551,7.49,Japón,QRO-MQZ
461,2021-01-28,2021-02-04,2021,1,4,7,1,4,300.8,5068.96,16.85,Querétaro,Tier1,50-SUS,Suspensión,1449.41,272,798,-526,0.34,China,QRO-SJR
462,2026-02-06,2026-02-07,2026,2,5,1,0,0,173.7,2328.47,13.41,San Luis Potosí,Distribuidor,10-SUS,Suspensión,3974.3,2474,590,1884,4.19,Japón,QRO-SLP
463,2026-05-22,2026-05-31,2026,5,5,9,0,0,324,4492.41,13.87,San Juan del Río,Tier1,68-FRE,Frenos,3853.4,2725,382,2343,7.13,Alemania,QRO-SJR
464,2021-10-31,2021-11-03,2021,10,0,3,0,0,252,4014.13,15.93,Corregidora,Distribuidor,76-SEN,Sensores,3690.33,3173,898,2275,3.53,USA,QRO-SJR
465,2021-12-20,2021-12-25,2021,12,1,5,1,2,198,1722.07,8.7,El Marqués,Taller,54-ELE,Electrónica,3166.45,2424,477,1947,5.08,México,QRO-CEL
466,2026-05-11,2026-05-25,2026,5,1,14,1,11,245.8,3074.71,12.51,Corregidora,Distribuidor,36-SUS,Suspensión,787.36,3511,115,3396,30.53,Japón,QRO-MQZ
467,2021-04-10,2021-04-12,2021,4,6,2,0,0,268,5315.57,19.83,Corregidora,Distribuidor,50-SEN,Sensores,4354.41,2670,213,2457,12.54,USA,QRO-SLP
468,2026-05-23,2026-06-05,2026,5,6,13,0,0,144.6,1377.62,9.53,San Juan del Río,Planta,72-FRE,Frenos,2982.1,4614,609,4005,7.58,Alemania,QRO-MQZ
469,2022-07-18,2022-07-24,2022,7,1,6,1,3,166.6,2705.02,16.24,Corregidora,Tier1,84-ELE,Electrónica,4956.47,3359,709,2650,4.74,Alemania,QRO-SJR
470,2021-02-08,2021-02-16,2021,2,1,8,1,5,268.4,3457.26,12.88,Corregidora,Tier1,84-ELE,Electrónica,4956.47,3359,709,2650,4.74,Alemania,QRO-SJR
471,2026-05-04,2026-05-29,2026,5,1,25,1,18,200.5,3109.89,15.51,Querétaro,Distribuidor,88-ARN,Arneses,4573.3,1325,367,958,3.61,USA,QRO-CEL
472,2024-12-14,2024-12-17,2024,12,6,3,0,0,93.2,1854.79,19.9,Querétaro,Planta,65-ARN,Arneses,844,2641,720,1921,3.67,China,QRO-SJR
473,2026-05-10,2026-05-30,2026,5,0,20,1,12,135.6,1430.4,10.55,León,Planta,29-ELE,Electrónica,1560,2476,616,1860,4.02,China,QRO-SJR
474,2026-05-17,2026-06-01,2026,5,0,15,1,5,82.8,1408.13,17.01,Corregidora,Distribuidor,29-FRE,Frenos,3167.34,4361,305,4056,14.3,USA,QRO-SJR
475,2022-09-28,2022-10-02,2022,9,3,4,1,1,306,5584.45,18.25,Celaya,Planta,11-SEN,Sensores,1039.42,4283,144,4139,29.74,USA,QRO-CEL
476,2025-07-15,2025-07-16,2025,7,2,1,0,0,85,1526.97,17.96,El Marqués,Tier1,19-FRE,Frenos,2228.63,130,180,-50,0.72,Alemania,QRO-CEL
477,2024-04-05,2024-04-12,2024,4,5,7,1,4,319.3,4704.08,14.73,San Luis Potosí,Planta,69-FRE,Frenos,186.87,4709,419,4290,11.24,USA,QRO-CEL
478,2026-05-15,2026-05-29,2026,5,5,14,1,7,338.4,3978.32,11.76,San Luis Potosí,Tier1,20-SEN,Sensores,595.92,674,866,-192,0.78,México,QRO-SLP
479,2025-01-10,2025-01-15,2025,1,5,5,1,2,245.2,2408.03,9.82,Corregidora,Tier1,8-FRE,Frenos,1993.18,2763,635,2128,4.35,USA,QRO-MQZ
480,2025-03-14,2025-03-20,2025,3,5,6,1,3,64.7,632.17,9.77,San Luis Potosí,Tier1,59-ELE,Electrónica,3153.37,470,478,-8,0.98,Alemania,QRO-MQZ
481,2026-05-24,2026-06-01,2026,5,0,8,0,0,54,1055.14,19.54,San Luis Potosí,Tier1,53-FRE,Frenos,818.13,4754,550,4204,8.64,Japón,QRO-MQZ
482,2026-05-13,2026-05-25,2026,5,3,12,1,9,267.9,2231.98,8.33,Querétaro,Planta,24-ARN,Arneses,4525.05,711,612,99,1.16,Alemania,QRO-CEL
483,2021-09-03,2021-09-10,2021,9,5,7,1,4,246.3,4053.86,16.46,León,Taller,80-SEN,Sensores,4961.03,2089,880,1209,2.37,México,QRO-SLP
484,2026-02-14,2026-02-17,2026,2,6,3,0,0,175.7,2065.06,11.75,San Luis Potosí,Planta,65-SUS,Suspensión,3449.87,4345,595,3750,7.3,Alemania,QRO-SLP
485,2025-05-09,2025-05-10,2025,5,5,1,0,0,174.9,2246.1,12.84,Corregidora,Taller,94-SUS,Suspensión,345.62,2291,202,2089,11.34,Japón,QRO-CEL
486,2024-01-12,2024-01-19,2024,1,5,7,1,4,60.9,713.23,11.71,León,Planta,10-SUS,Suspensión,3974.3,2474,590,1884,4.19,México,QRO-SLP
487,2022-01-12,2022-01-16,2022,1,3,4,1,1,221.8,2619.93,11.81,Corregidora,Planta,77-SEN,Sensores,2481.2,2143,179,1964,11.97,Japón,QRO-MQZ
488,2026-05-14,2026-06-01,2026,5,4,18,1,8,330.2,4902.53,14.85,Celaya,Planta,7-ELE,Electrónica,246.58,4554,646,3908,7.05,China,QRO-MQZ
489,2023-08-04,2023-08-05,2023,8,5,1,0,0,118.5,1503.23,12.69,El Marqués,Tier1,26-SUS,Suspensión,4121.98,3676,530,3146,6.94,México,QRO-MQZ
490,2025-06-01,2025-06-06,2025,6,0,5,1,2,52.6,594.44,11.3,El Marqués,Taller,90-FRE,Frenos,2310.29,1160,815,345,1.42,Japón,QRO-MQZ
491,2021-06-16,2021-06-24,2021,6,3,8,1,5,205,3502.09,17.08,Celaya,Distribuidor,88-FRE,Frenos,4043.96,2439,113,2326,21.58,México,QRO-SLP
492,2026-05-16,2026-05-29,2026,5,6,13,1,6,315.5,3521.53,11.16,Celaya,Taller,28-SEN,Sensores,1818.54,4432,701,3731,6.32,Alemania,QRO-CEL
493,2026-05-08,2026-05-28,2026,5,5,20,1,14,232.6,3798.06,16.33,San Juan del Río,Taller,20-SUS,Suspensión,1687.63,629,800,-171,0.79,Japón,QRO-SJR
494,2026-05-10,2026-05-27,2026,5,0,17,1,12,78.2,824.51,10.54,San Luis Potosí,Planta,60-SUS,Suspensión,2653.99,2128,369,1759,5.77,USA,QRO-CEL
495,2024-03-30,2024-04-06,2024,3,6,7,1,4,122.5,1827.38,14.92,Corregidora,Distribuidor,39-FRE,Frenos,1372.38,2726,706,2020,3.86,USA,QRO-CEL
496,2023-01-13,2023-01-14,2023,1,5,1,0,0,320.9,3136.36,9.77,San Juan del Río,Taller,47-SUS,Suspensión,1103.8,4418,319,4099,13.85,México,QRO-SLP
497,2024-01-07,2024-01-14,2024,1,0,7,1,4,308.6,3005.6,9.74,San Luis Potosí,Taller,98-SUS,Suspensión,1541.04,2575,226,2349,11.39,Japón,QRO-SLP
498,2022-06-05,2022-06-06,2022,6,0,1,0,0,167.9,2161.03,12.87,Querétaro,Taller,51-SUS,Suspensión,1327.15,4912,621,4291,7.91,México,QRO-MQZ
499,2024-10-17,2024-10-23,2024,10,4,6,1,3,121.6,1790.96,14.73,El Marqués,Tier1,36-SUS,Suspensión,787.36,3511,115,3396,30.53,Alemania,QRO-SJR
500,2022-11-18,2022-11-19,2022,11,5,1,0,0,306.7,5436.44,17.73,León,Planta,38-ELE,Electrónica,2360.54,3797,195,3602,19.47,China,QRO-SLP
501,2025-10-30,2025-11-03,2025,10,4,4,1,1,65.1,1230.76,18.91,Corregidora,Distribuidor,9-SEN,Sensores,3506.81,652,938,-286,0.7,México,QRO-MQZ
502,2026-05-03,2026-05-27,2026,5,0,24,1,19,349.5,4753.59,13.6,León,Planta,8-ARN,Arneses,3605.24,2185,615,1570,3.55,China,QRO-MQZ
503,2021-12-05,2021-12-12,2021,12,0,7,1,4,233.2,3238.71,13.89,San Juan del Río,Tier1,58-FRE,Frenos,4382.22,4184,377,3807,11.1,México,QRO-SJR
504,2026-05-22,2026-05-28,2026,5,5,6,0,0,49.3,793.07,16.09,Querétaro,Tier1,39-SUS,Suspensión,3757.25,1049,806,243,1.3,China,QRO-CEL
505,2026-05-21,2026-05-30,2026,5,4,9,1,1,33.8,317.58,9.4,Querétaro,Planta,72-FRE,Frenos,2982.1,4614,609,4005,7.58,Alemania,QRO-MQZ
506,2021-03-13,2021-03-18,2021,3,6,5,1,2,96,1228.09,12.79,San Juan del Río,Taller,24-SUS,Suspensión,712.49,4064,852,3212,4.77,China,QRO-MQZ
507,2024-08-28,2024-09-05,2024,8,3,8,1,5,103.1,1429.13,13.86,San Luis Potosí,Tier1,83-FRE,Frenos,4864.67,2926,560,2366,5.22,China,QRO-MQZ
508,2024-07-30,2024-08-03,2024,7,2,4,1,1,344.2,5317.24,15.45,San Juan del Río,Planta,31-ELE,Electrónica,4149.51,2548,128,2420,19.91,Alemania,QRO-SLP
509,2024-01-28,2024-02-02,2024,1,0,5,1,2,186.1,1808.82,9.72,San Juan del Río,Planta,88-ARN,Arneses,4573.3,1325,367,958,3.61,China,QRO-SJR
510,2026-05-20,2026-05-25,2026,5,3,5,1,2,76.5,1171.38,15.31,Corregidora,Distribuidor,72-SEN,Sensores,2907.83,4310,751,3559,5.74,USA,QRO-SLP
511,2026-05-25,2026-05-28,2026,5,1,3,0,0,212.8,3832.83,18.01,León,Tier1,70-SEN,Sensores,1991.74,2888,241,2647,11.98,Alemania,QRO-MQZ
512,2023-11-20,2023-11-26,2023,11,1,6,1,3,233,3803.48,16.32,Querétaro,Taller,31-FRE,Frenos,259.79,2493,478,2015,5.22,Alemania,QRO-SJR
513,2026-05-09,2026-05-30,2026,5,6,21,1,13,91.7,1163.01,12.68,León,Planta,41-FRE,Frenos,402.6,1519,142,1377,10.7,México,QRO-MQZ
514,2024-12-18,2024-12-23,2024,12,3,5,1,2,21.3,212.27,9.97,San Luis Potosí,Tier1,73-ARN,Arneses,3687.85,3796,460,3336,8.25,Japón,QRO-CEL
515,2022-06-12,2022-06-18,2022,6,0,6,1,3,141.2,1438.34,10.19,El Marqués,Taller,63-SEN,Sensores,610.95,201,678,-477,0.3,México,QRO-SJR
516,2025-10-01,2025-10-05,2025,10,3,4,1,1,267.1,2238.92,8.38,León,Taller,34-ARN,Arneses,4771.65,2699,606,2093,4.45,USA,QRO-SJR
517,2026-05-14,2026-05-31,2026,5,4,17,1,8,229.4,4086.14,17.81,San Luis Potosí,Distribuidor,82-ARN,Arneses,1708.12,766,973,-207,0.79,Japón,QRO-CEL
518,2025-01-27,2025-02-01,2025,1,1,5,1,2,154.4,1401.58,9.08,León,Tier1,23-ELE,Electrónica,1997.95,1627,354,1273,4.6,USA,QRO-SJR
519,2022-12-07,2022-12-15,2022,12,3,8,1,5,169.1,2758,16.31,Corregidora,Tier1,39-FRE,Frenos,1372.38,2726,706,2020,3.86,China,QRO-MQZ
520,2026-05-06,2026-05-28,2026,5,3,22,1,16,148.3,2611.79,17.61,El Marqués,Taller,57-SUS,Suspensión,4521.23,466,706,-240,0.66,Japón,QRO-MQZ
521,2022-11-29,2022-12-05,2022,11,2,6,1,3,262.4,3547.18,13.52,Querétaro,Distribuidor,28-SUS,Suspensión,2679.89,2559,178,2381,14.38,China,QRO-CEL
522,2026-03-14,2026-03-21,2026,3,6,7,1,4,103.2,992.41,9.62,Corregidora,Planta,54-ELE,Electrónica,3166.45,2424,477,1947,5.08,Japón,QRO-MQZ
523,2022-04-13,2022-04-17,2022,4,3,4,1,1,156.2,2385.42,15.27,Querétaro,Tier1,18-FRE,Frenos,2478.97,2322,407,1915,5.71,China,QRO-CEL
524,2022-12-26,2022-12-28,2022,12,1,2,0,0,220.3,1869.83,8.49,El Marqués,Distribuidor,68-SUS,Suspensión,4427.01,2107,162,1945,13.01,USA,QRO-SJR
525,2022-09-16,2022-09-23,2022,9,5,7,1,4,253.8,3579.43,14.1,Celaya,Planta,52-ARN,Arneses,4854.61,3039,358,2681,8.49,China,QRO-MQZ
526,2026-05-01,2026-05-28,2026,5,5,27,1,21,114.5,1565.75,13.67,San Luis Potosí,Planta,19-SEN,Sensores,1116.53,4535,959,3576,4.73,USA,QRO-SJR
527,2026-05-11,2026-05-29,2026,5,1,18,1,11,43.8,782.01,17.85,Celaya,Planta,72-FRE,Frenos,2982.1,4614,609,4005,7.58,Japón,QRO-SLP
528,2025-03-07,2025-03-08,2025,3,5,1,0,0,228.5,2515.02,11.01,San Juan del Río,Taller,77-ARN,Arneses,4833.11,3865,647,3218,5.97,México,QRO-MQZ
529,2026-05-14,2026-05-28,2026,5,4,14,1,8,242.5,2339.33,9.65,San Juan del Río,Taller,74-ELE,Electrónica,4728.06,3772,558,3214,6.76,Alemania,QRO-SLP
530,2023-06-05,2023-06-09,2023,6,1,4,1,1,223.5,3846.64,17.21,León,Taller,36-ARN,Arneses,142.04,4438,157,4281,28.27,China,QRO-MQZ
531,2026-05-08,2026-05-28,2026,5,5,20,1,14,96.9,868.48,8.96,León,Planta,79-FRE,Frenos,2622.75,2367,816,1551,2.9,Alemania,QRO-CEL
532,2021-08-26,2021-09-03,2021,8,4,8,1,5,147.6,1395.25,9.45,León,Tier1,69-FRE,Frenos,186.87,4709,419,4290,11.24,Alemania,QRO-SJR
533,2026-05-16,2026-05-27,2026,5,6,11,1,6,65.7,798.14,12.15,Querétaro,Tier1,60-ARN,Arneses,4406.3,1,551,-550,0,Japón,QRO-CEL
534,2026-05-21,2026-06-01,2026,5,4,11,1,1,76.9,1050.7,13.66,San Juan del Río,Taller,86-SEN,Sensores,2869.97,158,622,-464,0.25,México,QRO-MQZ
535,2026-05-13,2026-05-30,2026,5,3,17,1,9,43.6,686.55,15.75,San Luis Potosí,Tier1,37-ELE,Electrónica,3241.13,791,710,81,1.11,Japón,QRO-CEL
536,2026-05-15,2026-05-29,2026,5,5,14,1,7,262.5,4307.34,16.41,Celaya,Distribuidor,85-SEN,Sensores,1521.2,2920,544,2376,5.37,Alemania,QRO-SLP
537,2026-05-14,2026-05-31,2026,5,4,17,1,8,311.8,3503.34,11.24,Querétaro,Distribuidor,2-SEN,Sensores,600.41,659,569,90,1.16,USA,QRO-MQZ
538,2026-05-19,2026-05-28,2026,5,2,9,1,3,18.4,157.03,8.53,Querétaro,Tier1,86-SUS,Suspensión,1070.24,3068,901,2167,3.41,Alemania,QRO-SLP
539,2025-03-27,2025-03-28,2025,3,4,1,0,0,225.9,3408.07,15.09,León,Tier1,69-SEN,Sensores,2210.85,4509,513,3996,8.79,Alemania,QRO-SJR
540,2021-07-01,2021-07-08,2021,7,4,7,1,4,275.5,5181.08,18.81,Querétaro,Distribuidor,30-FRE,Frenos,2601.88,1085,192,893,5.65,China,QRO-MQZ
541,2023-08-12,2023-08-16,2023,8,6,4,1,1,270.2,4393.86,16.26,León,Planta,30-FRE,Frenos,2601.88,1085,192,893,5.65,México,QRO-MQZ
542,2026-05-18,2026-05-26,2026,5,1,8,1,4,148.7,2397.89,16.13,Corregidora,Planta,36-SEN,Sensores,591.08,3132,264,2868,11.86,Alemania,QRO-SLP
543,2026-05-08,2026-05-27,2026,5,5,19,1,14,129.4,1191.28,9.21,León,Planta,22-ELE,Electrónica,4549.91,3883,821,3062,4.73,Alemania,QRO-CEL
544,2021-08-03,2021-08-06,2021,8,2,3,0,0,47.3,619.22,13.09,Querétaro,Distribuidor,91-SUS,Suspensión,3680.26,3837,791,3046,4.85,Japón,QRO-MQZ
545,2022-11-30,2022-12-01,2022,11,3,1,0,0,26.7,369.24,13.83,Celaya,Distribuidor,39-SUS,Suspensión,3757.25,1049,806,243,1.3,Alemania,QRO-CEL
546,2021-12-27,2022-01-02,2021,12,1,6,1,3,33.3,373.07,11.2,San Juan del Río,Taller,11-SEN,Sensores,1039.42,4283,144,4139,29.74,China,QRO-CEL
547,2025-08-18,2025-08-19,2025,8,1,1,0,0,132.8,2144.77,16.15,Celaya,Tier1,63-ARN,Arneses,1644.88,31,820,-789,0.04,Japón,QRO-SLP
548,2021-12-14,2021-12-21,2021,12,2,7,1,4,231,3555.58,15.39,León,Planta,23-SEN,Sensores,1056.26,3445,649,2796,5.31,Alemania,QRO-SJR
549,2025-10-06,2025-10-07,2025,10,1,1,0,0,240.3,2254.08,9.38,San Luis Potosí,Planta,19-SEN,Sensores,1116.53,4535,959,3576,4.73,Japón,QRO-SJR
550,2024-01-16,2024-01-18,2024,1,2,2,0,0,323,3936.91,12.19,León,Tier1,46-ELE,Electrónica,2511.37,3579,173,3406,20.69,China,QRO-MQZ
551,2026-05-02,2026-05-28,2026,5,6,26,1,20,30.5,320.96,10.52,Celaya,Distribuidor,51-SEN,Sensores,3785.32,2882,317,2565,9.09,México,QRO-SLP
552,2026-05-17,2026-05-30,2026,5,0,13,1,5,342.9,4229.56,12.33,San Luis Potosí,Taller,14-SUS,Suspensión,1917.93,1250,616,634,2.03,México,QRO-MQZ
553,2021-11-21,2021-11-24,2021,11,0,3,0,0,14.1,144.98,10.28,San Luis Potosí,Planta,81-FRE,Frenos,857.33,1893,403,1490,4.7,Japón,QRO-SLP
554,2022-10-15,2022-10-21,2022,10,6,6,1,3,58.7,696.65,11.87,San Luis Potosí,Tier1,6-SEN,Sensores,1099.61,3877,502,3375,7.72,China,QRO-SJR
555,2023-05-01,2023-05-02,2023,5,1,1,0,0,40.5,493.7,12.19,San Juan del Río,Taller,70-ELE,Electrónica,1470.68,4676,492,4184,9.5,México,QRO-MQZ
556,2024-03-21,2024-03-25,2024,3,4,4,1,1,140.9,1279.16,9.08,León,Tier1,45-SUS,Suspensión,2909.13,3021,431,2590,7.01,México,QRO-SLP
557,2026-05-12,2026-05-31,2026,5,2,19,1,10,204.8,3660.07,17.87,San Luis Potosí,Planta,9-SEN,Sensores,3506.81,652,938,-286,0.7,Japón,QRO-CEL
558,2022-08-08,2022-08-11,2022,8,1,3,0,0,97,1470.12,15.16,Corregidora,Distribuidor,13-FRE,Frenos,1618.96,1055,651,404,1.62,USA,QRO-CEL
559,2026-05-23,2026-05-27,2026,5,6,4,0,0,137.5,1632.76,11.87,San Juan del Río,Tier1,54-FRE,Frenos,2428.99,2196,677,1519,3.24,Japón,QRO-CEL
560,2026-05-13,2026-06-01,2026,5,3,19,1,9,218.2,4009.75,18.38,El Marqués,Distribuidor,37-ARN,Arneses,1422.73,3772,947,2825,3.98,China,QRO-MQZ
561,2026-05-18,2026-05-30,2026,5,1,12,1,4,173.8,1899.88,10.93,San Luis Potosí,Planta,19-ELE,Electrónica,3029.39,2447,372,2075,6.58,Alemania,QRO-SJR
562,2026-05-15,2026-05-27,2026,5,5,12,1,7,142.6,2787.06,19.54,San Luis Potosí,Tier1,39-FRE,Frenos,1372.38,2726,706,2020,3.86,Alemania,QRO-SJR
563,2024-10-07,2024-10-12,2024,10,1,5,1,2,162.9,2313.82,14.2,Celaya,Planta,96-SUS,Suspensión,3516.22,1894,371,1523,5.11,China,QRO-MQZ
564,2025-11-21,2025-11-24,2025,11,5,3,0,0,196.8,2005.08,10.19,Querétaro,Tier1,1-FRE,Frenos,233.71,1282,783,499,1.64,China,QRO-SLP
565,2026-05-11,2026-05-25,2026,5,1,14,1,11,298.9,3866.58,12.94,El Marqués,Taller,59-ARN,Arneses,757.6,2440,393,2047,6.21,China,QRO-SJR
566,2026-05-06,2026-05-25,2026,5,3,19,1,16,332.6,6513.6,19.58,Corregidora,Distribuidor,91-ARN,Arneses,3259.69,1994,705,1289,2.83,China,QRO-SJR
567,2026-02-08,2026-02-13,2026,2,0,5,1,2,65.2,1257.49,19.29,El Marqués,Distribuidor,43-SEN,Sensores,2429.63,4819,141,4678,34.18,China,QRO-SLP
568,2026-05-18,2026-05-30,2026,5,1,12,1,4,341.8,6773.68,19.82,San Juan del Río,Taller,76-SUS,Suspensión,1064.99,2521,492,2029,5.12,México,QRO-SLP
569,2022-05-04,2022-05-09,2022,5,3,5,1,2,151.8,2863.62,18.86,León,Planta,49-SUS,Suspensión,2456.79,4682,791,3891,5.92,China,QRO-MQZ
570,2024-04-06,2024-04-14,2024,4,6,8,1,5,125.8,1389.53,11.05,Celaya,Tier1,89-SEN,Sensores,4357.78,2341,878,1463,2.67,USA,QRO-MQZ
571,2021-06-13,2021-06-21,2021,6,0,8,1,5,184.5,2353.82,12.76,El Marqués,Tier1,60-ELE,Electrónica,1065.78,4715,596,4119,7.91,USA,QRO-MQZ
572,2022-10-21,2022-10-23,2022,10,5,2,0,0,42.9,601.1,14.01,San Luis Potosí,Distribuidor,20-FRE,Frenos,3362.99,3735,334,3401,11.18,China,QRO-SJR
573,2022-03-08,2022-03-15,2022,3,2,7,1,4,140.6,1644.15,11.69,Celaya,Tier1,19-FRE,Frenos,2228.63,130,180,-50,0.72,China,QRO-SJR
574,2026-05-01,2026-06-01,2026,5,5,31,1,21,129.9,1182.75,9.11,El Marqués,Tier1,38-ELE,Electrónica,2360.54,3797,195,3602,19.47,China,QRO-CEL
575,2026-05-07,2026-05-27,2026,5,4,20,1,15,188.4,1947.97,10.34,San Luis Potosí,Tier1,21-ARN,Arneses,2688.88,472,527,-55,0.9,Japón,QRO-CEL
576,2026-05-15,2026-05-30,2026,5,5,15,1,7,140.3,2235.9,15.94,El Marqués,Taller,50-SUS,Suspensión,1449.41,272,798,-526,0.34,Alemania,QRO-SLP
577,2026-05-11,2026-05-31,2026,5,1,20,1,11,262.7,3407.4,12.97,Celaya,Distribuidor,41-ARN,Arneses,2258.51,2697,698,1999,3.86,USA,QRO-MQZ
578,2025-02-05,2025-02-11,2025,2,3,6,1,3,312.1,4370.06,14,San Luis Potosí,Planta,80-ARN,Arneses,2549.16,1887,973,914,1.94,China,QRO-SLP
579,2024-05-16,2024-05-21,2024,5,4,5,1,2,85.1,829.78,9.75,Celaya,Distribuidor,59-SEN,Sensores,627.84,3969,671,3298,5.92,México,QRO-SLP
580,2026-05-13,2026-05-25,2026,5,3,12,1,9,236,3409.77,14.45,Celaya,Tier1,62-ELE,Electrónica,4147.27,4050,501,3549,8.08,China,QRO-SJR
581,2024-03-30,2024-04-01,2024,3,6,2,0,0,158.2,1595.14,10.08,Querétaro,Tier1,4-SUS,Suspensión,4325.44,2289,793,1496,2.89,China,QRO-CEL
582,2026-05-20,2026-05-30,2026,5,3,10,1,2,252,3841.76,15.25,San Luis Potosí,Tier1,41-ARN,Arneses,2258.51,2697,698,1999,3.86,Japón,QRO-MQZ
583,2023-05-26,2023-05-27,2023,5,5,1,0,0,329.7,5760.24,17.47,León,Tier1,2-FRE,Frenos,2261.86,2629,314,2315,8.37,China,QRO-SJR
584,2021-06-04,2021-06-11,2021,6,5,7,1,4,90.6,1138.93,12.57,El Marqués,Tier1,34-SUS,Suspensión,3433.34,3403,155,3248,21.95,USA,QRO-MQZ
585,2022-04-30,2022-05-04,2022,4,6,4,1,1,248.9,4134.23,16.61,León,Tier1,93-SEN,Sensores,4236.96,1229,379,850,3.24,China,QRO-SLP
586,2025-03-20,2025-03-27,2025,3,4,7,1,4,150.2,2894.59,19.27,El Marqués,Tier1,2-ELE,Electrónica,1189.72,3706,870,2836,4.26,USA,QRO-MQZ
587,2023-08-17,2023-08-23,2023,8,4,6,1,3,185.9,2357.21,12.68,Corregidora,Distribuidor,75-SUS,Suspensión,269.17,1657,967,690,1.71,China,QRO-SJR
588,2021-06-24,2021-07-02,2021,6,4,8,1,5,140.5,2164.55,15.41,El Marqués,Taller,81-ARN,Arneses,4391.37,366,872,-506,0.42,Alemania,QRO-SJR
589,2021-10-07,2021-10-15,2021,10,4,8,1,5,99.9,976.27,9.77,El Marqués,Taller,51-ARN,Arneses,2205.11,3816,443,3373,8.61,USA,QRO-MQZ
590,2022-01-21,2022-01-29,2022,1,5,8,1,5,252.7,2235.52,8.85,San Luis Potosí,Tier1,52-ELE,Electrónica,4788.22,421,203,218,2.07,USA,QRO-SLP
591,2024-03-09,2024-03-14,2024,3,6,5,1,2,285.6,3130.92,10.96,El Marqués,Planta,33-SEN,Sensores,4299.55,4446,746,3700,5.96,México,QRO-CEL
592,2021-03-18,2021-03-23,2021,3,4,5,1,2,208.2,3640.69,17.49,Corregidora,Distribuidor,57-SEN,Sensores,1514.51,438,789,-351,0.56,China,QRO-SLP
593,2023-06-11,2023-06-15,2023,6,0,4,1,1,160.5,2952.75,18.4,Querétaro,Distribuidor,95-SEN,Sensores,3843.72,3856,664,3192,5.81,México,QRO-SJR
594,2025-12-25,2025-12-27,2025,12,4,2,0,0,92,902.18,9.81,Celaya,Planta,31-ELE,Electrónica,4149.51,2548,128,2420,19.91,Alemania,QRO-SJR
595,2026-05-24,2026-06-03,2026,5,0,10,0,0,344.5,6393.55,18.56,Querétaro,Taller,73-FRE,Frenos,1090.63,4235,792,3443,5.35,USA,QRO-SJR
596,2024-10-06,2024-10-11,2024,10,0,5,1,2,59.4,1092.29,18.39,León,Planta,36-SUS,Suspensión,787.36,3511,115,3396,30.53,China,QRO-MQZ
597,2026-05-15,2026-05-26,2026,5,5,11,1,7,28.1,454.8,16.19,San Juan del Río,Tier1,55-SEN,Sensores,431.65,4262,586,3676,7.27,USA,QRO-MQZ
598,2025-01-09,2025-01-10,2025,1,4,1,0,0,297.2,2647.09,8.91,Celaya,Distribuidor,80-ELE,Electrónica,3933.63,4561,222,4339,20.55,Alemania,QRO-MQZ
599,2026-05-17,2026-05-30,2026,5,0,13,1,5,22.2,370.86,16.71,San Juan del Río,Taller,22-SEN,Sensores,4518.66,3974,785,3189,5.06,USA,QRO-CEL
600,2023-05-14,2023-05-16,2023,5,0,2,0,0,305.3,3944.83,12.92,El Marqués,Tier1,42-FRE,Frenos,4554.59,2399,529,1870,4.53,Japón,QRO-CEL
601,2024-01-28,2024-02-03,2024,1,0,6,1,3,24.2,204.36,8.44,León,Planta,41-ARN,Arneses,2258.51,2697,698,1999,3.86,China,QRO-SLP
602,2026-05-01,2026-05-28,2026,5,5,27,1,21,57.3,875.66,15.28,Querétaro,Tier1,76-ELE,Electrónica,1417.28,705,976,-271,0.72,México,QRO-MQZ
603,2024-11-12,2024-11-19,2024,11,2,7,1,4,162.9,2358.38,14.48,San Juan del Río,Taller,58-SUS,Suspensión,1458.38,4972,879,4093,5.66,China,QRO-MQZ
604,2022-02-23,2022-03-03,2022,2,3,8,1,5,71.9,834.6,11.61,El Marqués,Distribuidor,9-ELE,Electrónica,3081.81,4325,472,3853,9.16,USA,QRO-SLP
605,2026-05-14,2026-05-25,2026,5,4,11,1,8,284.1,2758.36,9.71,Celaya,Tier1,35-SEN,Sensores,262.68,3794,321,3473,11.82,Japón,QRO-MQZ
606,2026-05-04,2026-05-26,2026,5,1,22,1,18,229.4,2638.22,11.5,Celaya,Distribuidor,16-SUS,Suspensión,2880.89,356,123,233,2.89,USA,QRO-SJR
607,2022-02-02,2022-02-06,2022,2,3,4,1,1,171.9,1617.63,9.41,San Luis Potosí,Tier1,96-FRE,Frenos,3819.86,1364,751,613,1.82,Alemania,QRO-MQZ
608,2026-05-21,2026-05-29,2026,5,4,8,1,1,51.9,927.56,17.87,Celaya,Planta,34-FRE,Frenos,1708.23,2340,807,1533,2.9,México,QRO-CEL
609,2026-02-06,2026-02-09,2026,2,5,3,0,0,313.6,4183.54,13.34,San Luis Potosí,Tier1,90-ARN,Arneses,2855.44,3929,856,3073,4.59,China,QRO-SJR
610,2022-04-13,2022-04-18,2022,4,3,5,1,2,59.6,1020.01,17.11,San Juan del Río,Tier1,18-ARN,Arneses,3932.93,125,138,-13,0.91,México,QRO-MQZ
611,2025-07-26,2025-08-03,2025,7,6,8,1,5,316.5,5929.83,18.74,Corregidora,Tier1,20-FRE,Frenos,3362.99,3735,334,3401,11.18,Alemania,QRO-SLP
612,2022-06-28,2022-07-06,2022,6,2,8,1,5,203.2,2979.64,14.66,Corregidora,Planta,93-ARN,Arneses,4982.78,4849,464,4385,10.45,USA,QRO-MQZ
613,2021-07-23,2021-07-26,2021,7,5,3,0,0,224.2,4102.09,18.3,Celaya,Planta,44-FRE,Frenos,3124.9,1604,281,1323,5.71,USA,QRO-SJR
614,2021-02-03,2021-02-07,2021,2,3,4,1,1,261.5,2162.82,8.27,San Luis Potosí,Tier1,73-SUS,Suspensión,1205.2,139,592,-453,0.23,USA,QRO-CEL
615,2026-05-12,2026-05-26,2026,5,2,14,1,10,95.4,797.4,8.36,Corregidora,Distribuidor,7-SEN,Sensores,2046.46,1410,596,814,2.37,Alemania,QRO-CEL
616,2026-05-21,2026-05-25,2026,5,4,4,1,1,217.5,3498.77,16.09,Celaya,Tier1,90-SUS,Suspensión,679.84,1842,357,1485,5.16,Alemania,QRO-SJR
617,2024-04-02,2024-04-06,2024,4,2,4,1,1,20.4,176.6,8.66,León,Tier1,4-ARN,Arneses,1994.2,3537,743,2794,4.76,China,QRO-SJR
618,2026-05-18,2026-05-21,2026,5,1,3,0,0,305.9,4107.64,13.43,Corregidora,Tier1,6-SEN,Sensores,1099.61,3877,502,3375,7.72,México,QRO-CEL
619,2024-03-10,2024-03-12,2024,3,0,2,0,0,296.4,2485.49,8.39,Corregidora,Distribuidor,44-ARN,Arneses,4310.1,1228,335,893,3.67,China,QRO-SJR
620,2021-09-08,2021-09-09,2021,9,3,1,0,0,155.4,2681.72,17.26,San Luis Potosí,Tier1,61-ARN,Arneses,4744.31,4892,624,4268,7.84,México,QRO-MQZ
621,2022-06-29,2022-07-07,2022,6,3,8,1,5,81.4,1025.04,12.59,Querétaro,Planta,90-SUS,Suspensión,679.84,1842,357,1485,5.16,USA,QRO-SJR
622,2022-02-08,2022-02-13,2022,2,2,5,1,2,327.8,5984.12,18.26,El Marqués,Taller,49-ELE,Electrónica,3034.43,2749,539,2210,5.1,USA,QRO-CEL
623,2021-10-25,2021-10-31,2021,10,1,6,1,3,33.6,305.83,9.1,León,Taller,100-FRE,Frenos,1719.07,4842,314,4528,15.42,México,QRO-CEL
624,2024-10-16,2024-10-23,2024,10,3,7,1,4,282.8,3224.72,11.4,León,Planta,10-SUS,Suspensión,3974.3,2474,590,1884,4.19,Japón,QRO-CEL
625,2026-05-09,2026-05-28,2026,5,6,19,1,13,149.1,1701.27,11.41,San Luis Potosí,Taller,90-FRE,Frenos,2310.29,1160,815,345,1.42,USA,QRO-SLP
626,2026-05-04,2026-05-30,2026,5,1,26,1,18,305.5,4925.47,16.12,León,Tier1,48-ELE,Electrónica,2929.89,2314,767,1547,3.02,Alemania,QRO-CEL
627,2026-05-10,2026-05-30,2026,5,0,20,1,12,327.1,5751.29,17.58,San Juan del Río,Taller,21-SEN,Sensores,2963.98,277,140,137,1.98,Japón,QRO-SJR
628,2024-03-14,2024-03-20,2024,3,4,6,1,3,337.2,5068.42,15.03,San Juan del Río,Taller,33-SEN,Sensores,4299.55,4446,746,3700,5.96,México,QRO-MQZ
629,2023-09-21,2023-09-27,2023,9,4,6,1,3,185.3,1619.38,8.74,San Juan del Río,Planta,8-SEN,Sensores,4374.33,2187,777,1410,2.81,México,QRO-SLP
630,2022-10-13,2022-10-17,2022,10,4,4,1,1,338.9,3821.9,11.28,El Marqués,Distribuidor,44-FRE,Frenos,3124.9,1604,281,1323,5.71,México,QRO-CEL
631,2026-05-03,2026-05-30,2026,5,0,27,1,19,115.8,2079.62,17.96,San Juan del Río,Tier1,89-SEN,Sensores,4357.78,2341,878,1463,2.67,USA,QRO-MQZ
632,2021-05-14,2021-05-19,2021,5,5,5,1,2,310.9,2993.3,9.63,San Luis Potosí,Taller,65-SUS,Suspensión,3449.87,4345,595,3750,7.3,Alemania,QRO-MQZ
633,2021-06-01,2021-06-03,2021,6,2,2,0,0,141.6,1166.25,8.24,Corregidora,Tier1,92-SUS,Suspensión,3033.85,4447,428,4019,10.39,Japón,QRO-SJR
634,2026-05-02,2026-05-29,2026,5,6,27,1,20,98.3,1894.24,19.27,Celaya,Tier1,42-FRE,Frenos,4554.59,2399,529,1870,4.53,China,QRO-CEL
635,2026-05-17,2026-05-25,2026,5,0,8,1,5,52.5,711.2,13.55,Corregidora,Tier1,47-SEN,Sensores,2369.53,4045,567,3478,7.13,Japón,QRO-MQZ
636,2023-04-26,2023-05-04,2023,4,3,8,1,5,224.5,2570.53,11.45,Celaya,Tier1,92-ARN,Arneses,287.69,1288,902,386,1.43,México,QRO-MQZ
637,2021-05-29,2021-06-01,2021,5,6,3,0,0,139.6,2427.28,17.39,Querétaro,Distribuidor,99-ELE,Electrónica,1359.1,1089,262,827,4.16,China,QRO-MQZ
638,2026-05-21,2026-06-02,2026,5,4,12,1,1,102,984.28,9.65,San Juan del Río,Planta,70-FRE,Frenos,3370.05,2773,737,2036,3.76,USA,QRO-SLP
639,2023-11-20,2023-11-26,2023,11,1,6,1,3,35.6,495.06,13.91,Querétaro,Tier1,84-ELE,Electrónica,4956.47,3359,709,2650,4.74,China,QRO-MQZ
640,2024-04-11,2024-04-13,2024,4,4,2,0,0,105,1055.86,10.06,San Juan del Río,Tier1,58-SUS,Suspensión,1458.38,4972,879,4093,5.66,China,QRO-CEL
641,2024-08-18,2024-08-19,2024,8,0,1,0,0,241,4408.06,18.29,León,Tier1,11-ELE,Electrónica,2731.07,2870,828,2042,3.47,USA,QRO-MQZ
642,2022-03-22,2022-03-27,2022,3,2,5,1,2,46.8,882.11,18.85,San Luis Potosí,Taller,81-ELE,Electrónica,140.61,1480,170,1310,8.71,USA,QRO-SJR
643,2026-05-19,2026-05-29,2026,5,2,10,1,3,326.5,2694.27,8.25,El Marqués,Tier1,79-ELE,Electrónica,359.85,133,141,-8,0.94,México,QRO-MQZ
644,2026-05-10,2026-05-29,2026,5,0,19,1,12,232.5,3474.44,14.94,León,Tier1,25-FRE,Frenos,2232.98,3690,225,3465,16.4,USA,QRO-SLP
645,2026-05-01,2026-05-28,2026,5,5,27,1,21,169.4,1461.07,8.62,Corregidora,Tier1,96-FRE,Frenos,3819.86,1364,751,613,1.82,Alemania,QRO-SLP
646,2023-09-14,2023-09-22,2023,9,4,8,1,5,292.6,5000.05,17.09,Celaya,Tier1,80-ELE,Electrónica,3933.63,4561,222,4339,20.55,México,QRO-CEL
647,2022-06-02,2022-06-04,2022,6,4,2,0,0,328.8,3208.43,9.76,Celaya,Planta,17-SEN,Sensores,2051.63,4952,131,4821,37.8,México,QRO-MQZ
648,2026-05-12,2026-05-26,2026,5,2,14,1,10,226,4104.55,18.16,San Juan del Río,Planta,75-ARN,Arneses,783.6,3454,262,3192,13.18,Japón,QRO-SLP
649,2026-05-24,2026-05-31,2026,5,0,7,0,0,212.5,4148.26,19.52,Celaya,Planta,39-ARN,Arneses,1573.02,936,723,213,1.29,Japón,QRO-SJR
650,2021-03-23,2021-03-29,2021,3,2,6,1,3,242,2870,11.86,El Marqués,Tier1,11-ELE,Electrónica,2731.07,2870,828,2042,3.47,México,QRO-SJR
651,2025-01-14,2025-01-22,2025,1,2,8,1,5,32.6,262.19,8.04,Querétaro,Distribuidor,51-SUS,Suspensión,1327.15,4912,621,4291,7.91,China,QRO-SJR
652,2023-04-11,2023-04-19,2023,4,2,8,1,5,87.5,1537.73,17.57,El Marqués,Taller,44-ELE,Electrónica,1705.75,4295,341,3954,12.6,Japón,QRO-SJR
653,2026-05-09,2026-05-28,2026,5,6,19,1,13,101.6,1812.11,17.84,San Juan del Río,Tier1,31-ARN,Arneses,3016.79,2221,601,1620,3.7,Alemania,QRO-CEL
654,2023-08-05,2023-08-13,2023,8,6,8,1,5,284,4543.13,16,Celaya,Planta,2-SEN,Sensores,600.41,659,569,90,1.16,México,QRO-CEL
655,2024-04-23,2024-04-27,2024,4,2,4,1,1,171.7,1791.23,10.43,León,Tier1,87-ELE,Electrónica,370.62,1029,479,550,2.15,USA,QRO-SLP
656,2025-01-24,2025-01-30,2025,1,5,6,1,3,11.8,198.34,16.81,Querétaro,Planta,24-ELE,Electrónica,4055.81,2955,652,2303,4.53,USA,QRO-CEL
657,2026-05-07,2026-05-31,2026,5,4,24,1,15,302.3,5100.65,16.87,León,Tier1,78-ARN,Arneses,3156.74,4864,828,4036,5.87,China,QRO-SJR
658,2026-05-11,2026-05-30,2026,5,1,19,1,11,44.7,494.47,11.06,Celaya,Tier1,8-ARN,Arneses,3605.24,2185,615,1570,3.55,USA,QRO-MQZ
659,2025-09-13,2025-09-15,2025,9,6,2,0,0,81.7,664.7,8.14,Celaya,Planta,39-SEN,Sensores,905.02,4748,901,3847,5.27,México,QRO-SLP
660,2025-06-19,2025-06-22,2025,6,4,3,0,0,348.2,4881.81,14.02,San Juan del Río,Planta,33-SUS,Suspensión,3309.06,3967,660,3307,6.01,China,QRO-MQZ
661,2023-08-27,2023-09-02,2023,8,0,6,1,3,271.6,2398.44,8.83,Corregidora,Distribuidor,62-ARN,Arneses,3503.43,704,326,378,2.16,México,QRO-SJR
662,2026-05-08,2026-05-26,2026,5,5,18,1,14,108.1,1514.8,14.01,Querétaro,Tier1,5-FRE,Frenos,3547.92,1323,978,345,1.35,Japón,QRO-SJR
663,2024-07-12,2024-07-19,2024,7,5,7,1,4,325.3,5724.28,17.6,San Luis Potosí,Tier1,56-SEN,Sensores,1253.34,3707,620,3087,5.98,México,QRO-MQZ
664,2022-07-26,2022-08-01,2022,7,2,6,1,3,224,3724.5,16.63,Celaya,Planta,31-ARN,Arneses,3016.79,2221,601,1620,3.7,USA,QRO-MQZ
665,2026-05-24,2026-06-03,2026,5,0,10,0,0,288.9,4629.73,16.03,Celaya,Planta,87-SUS,Suspensión,2152.64,3435,242,3193,14.19,México,QRO-MQZ
666,2022-08-02,2022-08-10,2022,8,2,8,1,5,198.4,2965.18,14.95,Celaya,Planta,67-SUS,Suspensión,2907.17,4550,308,4242,14.77,USA,QRO-SJR
667,2023-11-23,2023-11-26,2023,11,4,3,0,0,83.7,1014.93,12.13,El Marqués,Taller,67-SUS,Suspensión,2907.17,4550,308,4242,14.77,Japón,QRO-MQZ
668,2025-02-08,2025-02-13,2025,2,6,5,1,2,242.7,4620.75,19.04,Querétaro,Distribuidor,11-SEN,Sensores,1039.42,4283,144,4139,29.74,México,QRO-SLP
669,2025-07-06,2025-07-08,2025,7,0,2,0,0,269.2,2318.78,8.61,Celaya,Tier1,54-FRE,Frenos,2428.99,2196,677,1519,3.24,Alemania,QRO-SJR
670,2025-08-16,2025-08-22,2025,8,6,6,1,3,116.1,1602.59,13.8,San Juan del Río,Taller,38-FRE,Frenos,2176.42,4632,529,4103,8.76,Alemania,QRO-SLP
671,2023-06-29,2023-07-03,2023,6,4,4,1,1,264.1,4081.76,15.46,Celaya,Distribuidor,26-ELE,Electrónica,922.82,3095,331,2764,9.35,México,QRO-MQZ
672,2025-12-21,2025-12-27,2025,12,0,6,1,3,168.6,3047.48,18.08,Querétaro,Tier1,59-ARN,Arneses,757.6,2440,393,2047,6.21,Japón,QRO-SJR
673,2025-03-13,2025-03-19,2025,3,4,6,1,3,219.9,2297.44,10.45,Celaya,Planta,78-SEN,Sensores,1084.74,2183,681,1502,3.21,México,QRO-SJR
674,2026-05-01,2026-05-26,2026,5,5,25,1,21,246.2,3527.35,14.33,Celaya,Taller,4-ARN,Arneses,1994.2,3537,743,2794,4.76,China,QRO-SLP
675,2026-05-24,2026-05-30,2026,5,0,6,0,0,93.5,981.89,10.5,Corregidora,Planta,56-FRE,Frenos,1990.85,504,987,-483,0.51,Japón,QRO-CEL
676,2026-05-11,2026-05-28,2026,5,1,17,1,11,171.8,2469.72,14.38,San Juan del Río,Taller,70-ELE,Electrónica,1470.68,4676,492,4184,9.5,USA,QRO-MQZ
677,2024-10-25,2024-10-29,2024,10,5,4,1,1,306.2,5125.78,16.74,San Juan del Río,Taller,13-ELE,Electrónica,1731.24,4181,159,4022,26.3,México,QRO-CEL
678,2024-01-21,2024-01-26,2024,1,0,5,1,2,300.5,4713.01,15.68,Corregidora,Tier1,91-SUS,Suspensión,3680.26,3837,791,3046,4.85,China,QRO-CEL
679,2026-05-17,2026-05-26,2026,5,0,9,1,5,219,4253.91,19.42,San Juan del Río,Tier1,82-SEN,Sensores,1389.69,82,257,-175,0.32,Japón,QRO-MQZ
680,2022-05-17,2022-05-23,2022,5,2,6,1,3,285.1,3083.34,10.81,Querétaro,Tier1,49-SUS,Suspensión,2456.79,4682,791,3891,5.92,Alemania,QRO-CEL
681,2025-05-31,2025-06-08,2025,5,6,8,1,5,78.6,1441.05,18.33,Querétaro,Planta,62-FRE,Frenos,4762.92,2484,760,1724,3.27,USA,QRO-CEL
682,2025-09-27,2025-09-30,2025,9,6,3,0,0,95.7,1013.17,10.59,El Marqués,Taller,6-SUS,Suspensión,2576.41,2042,642,1400,3.18,México,QRO-MQZ
683,2026-05-18,2026-05-25,2026,5,1,7,1,4,252.5,4605.73,18.24,San Luis Potosí,Tier1,69-SEN,Sensores,2210.85,4509,513,3996,8.79,Alemania,QRO-SLP
684,2026-05-11,2026-05-25,2026,5,1,14,1,11,235.6,1916.2,8.13,Celaya,Distribuidor,22-FRE,Frenos,473.66,3099,887,2212,3.49,Japón,QRO-CEL
685,2022-09-20,2022-09-28,2022,9,2,8,1,5,60.2,703.42,11.68,Celaya,Tier1,31-SUS,Suspensión,414.84,3309,482,2827,6.87,Alemania,QRO-MQZ
686,2025-12-30,2026-01-04,2025,12,2,5,1,2,186.1,2870.91,15.43,El Marqués,Tier1,44-FRE,Frenos,3124.9,1604,281,1323,5.71,USA,QRO-MQZ
687,2024-12-07,2024-12-14,2024,12,6,7,1,4,43.6,557.69,12.79,León,Tier1,38-SEN,Sensores,3074.64,1377,629,748,2.19,China,QRO-SJR
688,2025-05-11,2025-05-19,2025,5,0,8,1,5,87,1428.49,16.42,Corregidora,Tier1,18-FRE,Frenos,2478.97,2322,407,1915,5.71,Japón,QRO-MQZ
689,2025-06-16,2025-06-18,2025,6,1,2,0,0,149.4,2983.96,19.97,Corregidora,Distribuidor,84-SEN,Sensores,3879.48,1645,209,1436,7.87,China,QRO-SLP
690,2022-01-29,2022-01-30,2022,1,6,1,0,0,59.5,655.96,11.02,Corregidora,Tier1,25-SUS,Suspensión,2863.6,1207,249,958,4.85,Japón,QRO-MQZ
691,2026-05-05,2026-05-30,2026,5,2,25,1,17,150.6,1510.16,10.03,Querétaro,Tier1,51-ELE,Electrónica,807.84,2612,676,1936,3.86,Japón,QRO-CEL
692,2026-03-18,2026-03-21,2026,3,3,3,0,0,232.1,3917.95,16.88,Querétaro,Tier1,55-SUS,Suspensión,105.27,1887,966,921,1.95,México,QRO-MQZ
693,2026-05-25,2026-06-01,2026,5,1,7,0,0,75.8,942.65,12.44,San Luis Potosí,Tier1,49-SEN,Sensores,1664.17,3963,807,3156,4.91,Japón,QRO-MQZ
694,2026-05-10,2026-05-31,2026,5,0,21,1,12,165.5,3182.3,19.23,Corregidora,Distribuidor,85-SUS,Suspensión,2247.84,2925,536,2389,5.46,México,QRO-SLP
695,2024-07-20,2024-07-25,2024,7,6,5,1,2,114.7,1524.45,13.29,León,Planta,5-SEN,Sensores,3287.36,1717,744,973,2.31,China,QRO-SJR
696,2025-05-08,2025-05-11,2025,5,4,3,0,0,322.1,5012.94,15.56,León,Taller,66-SEN,Sensores,2796.85,2735,811,1924,3.37,Japón,QRO-MQZ
697,2024-03-29,2024-03-31,2024,3,5,2,0,0,291.5,4926.63,16.9,San Luis Potosí,Tier1,58-SUS,Suspensión,1458.38,4972,879,4093,5.66,China,QRO-SJR
698,2021-09-10,2021-09-11,2021,9,5,1,0,0,191.4,3015.57,15.76,Celaya,Planta,9-ELE,Electrónica,3081.81,4325,472,3853,9.16,USA,QRO-SJR
699,2026-05-17,2026-05-27,2026,5,0,10,1,5,335.8,4390.31,13.07,Querétaro,Distribuidor,11-SEN,Sensores,1039.42,4283,144,4139,29.74,Japón,QRO-MQZ
700,2021-02-07,2021-02-11,2021,2,0,4,1,1,315.7,5585.47,17.69,Corregidora,Planta,78-ARN,Arneses,3156.74,4864,828,4036,5.87,Alemania,QRO-MQZ
701,2026-02-07,2026-02-09,2026,2,6,2,0,0,283.6,5621.42,19.82,San Luis Potosí,Planta,62-SEN,Sensores,61.64,976,325,651,3,Alemania,QRO-SJR
702,2025-04-07,2025-04-13,2025,4,1,6,1,3,304.6,2992,9.82,Celaya,Taller,28-ARN,Arneses,615.82,4597,278,4319,16.54,Alemania,QRO-SJR
703,2023-03-30,2023-04-06,2023,3,4,7,1,4,92.2,846.68,9.18,Corregidora,Tier1,54-ARN,Arneses,3425.08,4574,874,3700,5.23,USA,QRO-CEL
704,2026-05-20,2026-05-30,2026,5,3,10,1,2,180.1,2283.44,12.68,San Juan del Río,Planta,54-SUS,Suspensión,456.95,529,846,-317,0.63,México,QRO-CEL
705,2021-10-17,2021-10-25,2021,10,0,8,1,5,265.6,2224.17,8.37,Querétaro,Planta,57-SUS,Suspensión,4521.23,466,706,-240,0.66,China,QRO-SJR
706,2025-03-29,2025-04-04,2025,3,6,6,1,3,172.4,2995.87,17.38,San Juan del Río,Taller,2-FRE,Frenos,2261.86,2629,314,2315,8.37,Japón,QRO-CEL
707,2022-04-26,2022-05-03,2022,4,2,7,1,4,266.9,3296.34,12.35,San Luis Potosí,Taller,67-SUS,Suspensión,2907.17,4550,308,4242,14.77,USA,QRO-SJR
708,2026-05-03,2026-05-30,2026,5,0,27,1,19,348.2,5994.46,17.22,Celaya,Tier1,73-SUS,Suspensión,1205.2,139,592,-453,0.23,USA,QRO-MQZ
709,2025-01-08,2025-01-12,2025,1,3,4,1,1,266,2865.22,10.77,Corregidora,Distribuidor,72-ARN,Arneses,3783.02,2196,705,1491,3.11,Japón,QRO-SJR
710,2024-11-18,2024-11-25,2024,11,1,7,1,4,233.3,3792.03,16.25,San Juan del Río,Taller,29-ARN,Arneses,4197.3,2125,821,1304,2.59,Alemania,QRO-SJR
711,2025-05-14,2025-05-17,2025,5,3,3,0,0,226.7,4000.39,17.65,San Luis Potosí,Tier1,53-FRE,Frenos,818.13,4754,550,4204,8.64,México,QRO-CEL
712,2022-02-14,2022-02-18,2022,2,1,4,1,1,296.5,5436.09,18.33,Corregidora,Distribuidor,99-FRE,Frenos,4195.98,3122,126,2996,24.78,China,QRO-CEL
713,2025-12-12,2025-12-16,2025,12,5,4,1,1,252.6,4780.12,18.92,Corregidora,Planta,61-ARN,Arneses,4744.31,4892,624,4268,7.84,USA,QRO-SLP
714,2023-07-24,2023-07-29,2023,7,1,5,1,2,303.6,2908.76,9.58,Celaya,Planta,85-ARN,Arneses,182.43,4967,727,4240,6.83,USA,QRO-MQZ
715,2026-03-07,2026-03-15,2026,3,6,8,1,5,48.8,653.01,13.38,Corregidora,Distribuidor,39-FRE,Frenos,1372.38,2726,706,2020,3.86,México,QRO-SLP
716,2022-10-16,2022-10-22,2022,10,0,6,1,3,112.9,1224.08,10.84,Corregidora,Distribuidor,36-SUS,Suspensión,787.36,3511,115,3396,30.53,Japón,QRO-CEL
717,2022-01-16,2022-01-19,2022,1,0,3,0,0,214.4,2727.93,12.72,Corregidora,Planta,13-ARN,Arneses,1454.25,4822,879,3943,5.49,Japón,QRO-SJR
718,2022-12-11,2022-12-17,2022,12,0,6,1,3,72.2,1110.2,15.38,San Luis Potosí,Distribuidor,54-FRE,Frenos,2428.99,2196,677,1519,3.24,México,QRO-SJR
719,2026-05-11,2026-05-30,2026,5,1,19,1,11,25.7,447.29,17.4,Celaya,Taller,53-SUS,Suspensión,2062.9,3440,719,2721,4.78,Alemania,QRO-CEL
720,2023-09-20,2023-09-21,2023,9,3,1,0,0,348.8,5882.6,16.87,Querétaro,Tier1,62-ELE,Electrónica,4147.27,4050,501,3549,8.08,USA,QRO-MQZ
721,2023-06-16,2023-06-22,2023,6,5,6,1,3,340.1,5947.14,17.49,San Juan del Río,Planta,54-FRE,Frenos,2428.99,2196,677,1519,3.24,Japón,QRO-SJR
722,2026-05-16,2026-05-28,2026,5,6,12,1,6,241.3,2769.65,11.48,León,Tier1,18-SEN,Sensores,2642.38,2763,311,2452,8.88,México,QRO-SJR
723,2025-08-31,2025-09-04,2025,8,0,4,1,1,246.6,1994.85,8.09,El Marqués,Tier1,97-SUS,Suspensión,3611.27,2315,112,2203,20.67,México,QRO-SJR
724,2024-03-24,2024-04-01,2024,3,0,8,1,5,173.9,3378.1,19.43,Corregidora,Planta,75-SEN,Sensores,2324.33,2246,115,2131,19.53,México,QRO-CEL
725,2021-03-05,2021-03-11,2021,3,5,6,1,3,74.3,732.87,9.86,San Juan del Río,Planta,40-SUS,Suspensión,1400.65,52,574,-522,0.09,USA,QRO-SJR
726,2024-06-05,2024-06-08,2024,6,3,3,0,0,52.6,932.77,17.73,Corregidora,Distribuidor,27-SUS,Suspensión,4748.31,2962,518,2444,5.72,Alemania,QRO-SLP
727,2026-05-23,2026-06-04,2026,5,6,12,0,0,346.8,6771.66,19.53,El Marqués,Tier1,67-ARN,Arneses,250.33,2392,600,1792,3.99,Alemania,QRO-CEL
728,2026-01-30,2026-02-02,2026,1,5,3,0,0,248.8,2255.15,9.06,León,Taller,39-FRE,Frenos,1372.38,2726,706,2020,3.86,Alemania,QRO-CEL
729,2021-09-14,2021-09-19,2021,9,2,5,1,2,182.4,2137.22,11.72,Querétaro,Distribuidor,14-FRE,Frenos,3534.94,4023,455,3568,8.84,México,QRO-SJR
730,2022-10-02,2022-10-07,2022,10,0,5,1,2,334.7,3272,9.78,San Juan del Río,Tier1,59-ARN,Arneses,757.6,2440,393,2047,6.21,China,QRO-MQZ
731,2023-10-11,2023-10-19,2023,10,3,8,1,5,34.2,598.92,17.51,El Marqués,Taller,10-FRE,Frenos,553.07,572,283,289,2.02,China,QRO-MQZ
732,2026-04-02,2026-04-06,2026,4,4,4,1,1,246.5,4149.81,16.83,Celaya,Tier1,88-ARN,Arneses,4573.3,1325,367,958,3.61,México,QRO-SJR
733,2022-09-30,2022-10-03,2022,9,5,3,0,0,18.1,202.56,11.19,San Juan del Río,Taller,78-ELE,Electrónica,2160.49,2923,533,2390,5.48,Alemania,QRO-CEL
734,2021-11-28,2021-11-30,2021,11,0,2,0,0,260.8,2562.4,9.83,León,Taller,42-ARN,Arneses,4312.83,3536,833,2703,4.24,Alemania,QRO-SLP
735,2024-11-18,2024-11-25,2024,11,1,7,1,4,246.6,2728.88,11.07,Querétaro,Distribuidor,68-ELE,Electrónica,428.16,3609,688,2921,5.25,México,QRO-SLP
736,2021-01-27,2021-01-30,2021,1,3,3,0,0,250.7,2008.57,8.01,Corregidora,Distribuidor,3-SUS,Suspensión,3159.17,1739,584,1155,2.98,Alemania,QRO-CEL
737,2022-01-20,2022-01-26,2022,1,4,6,1,3,319.9,5117.31,16,Corregidora,Taller,53-ELE,Electrónica,2503.62,2992,933,2059,3.21,USA,QRO-SLP
738,2021-06-16,2021-06-22,2021,6,3,6,1,3,139.6,2674.41,19.16,El Marqués,Tier1,56-FRE,Frenos,1990.85,504,987,-483,0.51,México,QRO-SJR
739,2022-12-17,2022-12-19,2022,12,6,2,0,0,338.1,5960.88,17.63,San Juan del Río,Tier1,29-ARN,Arneses,4197.3,2125,821,1304,2.59,Alemania,QRO-SJR
740,2025-05-24,2025-06-01,2025,5,6,8,1,5,177.4,1685.64,9.5,Querétaro,Taller,26-ELE,Electrónica,922.82,3095,331,2764,9.35,USA,QRO-SLP
741,2023-10-13,2023-10-18,2023,10,5,5,1,2,24.9,441.86,17.75,El Marqués,Distribuidor,87-ARN,Arneses,4993.62,4977,367,4610,13.56,México,QRO-SJR
742,2024-11-12,2024-11-17,2024,11,2,5,1,2,228.4,3693.82,16.17,El Marqués,Distribuidor,19-ELE,Electrónica,3029.39,2447,372,2075,6.58,USA,QRO-CEL
743,2026-05-21,2026-05-25,2026,5,4,4,1,1,107.2,1784.32,16.64,León,Planta,38-FRE,Frenos,2176.42,4632,529,4103,8.76,México,QRO-CEL
744,2026-05-25,2026-06-01,2026,5,1,7,0,0,106.2,1157.85,10.9,El Marqués,Tier1,58-FRE,Frenos,4382.22,4184,377,3807,11.1,USA,QRO-SJR
745,2022-07-12,2022-07-17,2022,7,2,5,1,2,194.7,1673.66,8.6,Corregidora,Distribuidor,84-FRE,Frenos,3127.21,853,327,526,2.61,USA,QRO-SJR
746,2022-08-28,2022-09-03,2022,8,0,6,1,3,208.7,2684.88,12.86,Celaya,Tier1,41-ARN,Arneses,2258.51,2697,698,1999,3.86,Alemania,QRO-CEL
747,2026-04-29,2026-05-07,2026,4,3,8,1,5,280.1,5527.63,19.73,Celaya,Taller,62-SUS,Suspensión,2758.99,4916,257,4659,19.13,USA,QRO-MQZ
748,2022-02-08,2022-02-09,2022,2,2,1,0,0,234.9,3515.77,14.97,San Juan del Río,Planta,42-SUS,Suspensión,1516.88,2245,576,1669,3.9,USA,QRO-SJR
749,2024-06-01,2024-06-09,2024,6,6,8,1,5,265.4,4061.22,15.3,Corregidora,Planta,19-ELE,Electrónica,3029.39,2447,372,2075,6.58,México,QRO-SLP
750,2024-10-16,2024-10-22,2024,10,3,6,1,3,31.8,316.81,9.96,San Luis Potosí,Tier1,78-SUS,Suspensión,3109.5,4399,835,3564,5.27,Japón,QRO-SLP
751,2026-05-17,2026-05-25,2026,5,0,8,1,5,264,3442.28,13.04,Corregidora,Planta,15-SEN,Sensores,4743.16,142,448,-306,0.32,México,QRO-SLP
752,2026-05-17,2026-05-28,2026,5,0,11,1,5,203.6,3490.95,17.15,San Juan del Río,Taller,23-ELE,Electrónica,1997.95,1627,354,1273,4.6,Japón,QRO-SJR
753,2024-07-24,2024-07-26,2024,7,3,2,0,0,285.4,4003.68,14.03,San Luis Potosí,Distribuidor,69-ARN,Arneses,2131.09,4430,982,3448,4.51,Japón,QRO-MQZ
754,2023-12-03,2023-12-07,2023,12,0,4,1,1,147.2,1950.77,13.25,Querétaro,Distribuidor,1-FRE,Frenos,233.71,1282,783,499,1.64,China,QRO-SJR
755,2025-10-29,2025-11-03,2025,10,3,5,1,2,321.8,5645.81,17.54,San Juan del Río,Tier1,99-SEN,Sensores,779.25,3054,160,2894,19.09,Alemania,QRO-SJR
756,2023-01-15,2023-01-20,2023,1,0,5,1,2,345.1,2931.87,8.5,San Juan del Río,Taller,58-FRE,Frenos,4382.22,4184,377,3807,11.1,Alemania,QRO-SLP
757,2023-09-12,2023-09-15,2023,9,2,3,0,0,85.2,944.1,11.08,Corregidora,Planta,48-ELE,Electrónica,2929.89,2314,767,1547,3.02,Japón,QRO-CEL
758,2022-05-03,2022-05-09,2022,5,2,6,1,3,215.5,1935.22,8.98,Celaya,Distribuidor,65-SUS,Suspensión,3449.87,4345,595,3750,7.3,USA,QRO-SJR
759,2026-05-04,2026-05-30,2026,5,1,26,1,18,298.3,4457.07,14.94,León,Tier1,53-ARN,Arneses,3524.83,988,317,671,3.12,Alemania,QRO-MQZ
760,2024-11-01,2024-11-06,2024,11,5,5,1,2,63.6,931.41,14.64,Corregidora,Taller,39-ELE,Electrónica,2379.6,1533,174,1359,8.81,Japón,QRO-CEL
761,2026-05-15,2026-05-25,2026,5,5,10,1,7,219.3,4321.79,19.71,Corregidora,Distribuidor,90-SUS,Suspensión,679.84,1842,357,1485,5.16,México,QRO-MQZ
762,2025-09-13,2025-09-21,2025,9,6,8,1,5,51.1,859.72,16.82,San Luis Potosí,Tier1,20-FRE,Frenos,3362.99,3735,334,3401,11.18,Alemania,QRO-SJR
763,2021-03-14,2021-03-19,2021,3,0,5,1,2,164.1,2932.4,17.87,León,Tier1,17-ARN,Arneses,1311.09,4802,363,4439,13.23,China,QRO-MQZ
764,2021-10-24,2021-10-29,2021,10,0,5,1,2,325.3,2886.97,8.87,León,Tier1,74-ELE,Electrónica,4728.06,3772,558,3214,6.76,Alemania,QRO-MQZ
765,2026-02-22,2026-02-26,2026,2,0,4,1,1,19.4,306.84,15.82,Querétaro,Tier1,4-SUS,Suspensión,4325.44,2289,793,1496,2.89,México,QRO-SJR
766,2023-03-30,2023-04-03,2023,3,4,4,1,1,94.6,1572.01,16.62,San Juan del Río,Tier1,77-FRE,Frenos,1286.73,3721,625,3096,5.95,Alemania,QRO-SJR
767,2025-11-09,2025-11-13,2025,11,0,4,1,1,198.1,3430.34,17.32,Corregidora,Planta,21-ARN,Arneses,2688.88,472,527,-55,0.9,México,QRO-CEL
768,2023-03-22,2023-03-26,2023,3,3,4,1,1,347.3,5120.19,14.74,León,Planta,16-ELE,Electrónica,316.27,2849,664,2185,4.29,USA,QRO-SJR
769,2026-05-16,2026-06-01,2026,5,6,16,1,6,34.1,511.98,15.01,Querétaro,Planta,89-FRE,Frenos,3217.84,688,519,169,1.33,USA,QRO-SJR
770,2021-06-19,2021-06-22,2021,6,6,3,0,0,314.2,4380.54,13.94,El Marqués,Tier1,30-SUS,Suspensión,506.69,2378,235,2143,10.12,México,QRO-CEL
771,2021-12-27,2022-01-01,2021,12,1,5,1,2,261,3185.24,12.2,Celaya,Distribuidor,3-ELE,Electrónica,4739.2,4636,173,4463,26.8,USA,QRO-SJR
772,2024-09-02,2024-09-10,2024,9,1,8,1,5,155.1,2600.87,16.77,El Marqués,Distribuidor,33-FRE,Frenos,4635.35,4897,202,4695,24.24,México,QRO-CEL
773,2026-05-24,2026-05-31,2026,5,0,7,0,0,270.3,2673.01,9.89,Celaya,Taller,49-FRE,Frenos,163.61,2823,238,2585,11.86,USA,QRO-MQZ
774,2022-12-02,2022-12-04,2022,12,5,2,0,0,339.5,3059.84,9.01,San Luis Potosí,Tier1,69-SUS,Suspensión,2311.07,1018,914,104,1.11,Alemania,QRO-CEL
775,2025-09-02,2025-09-08,2025,9,2,6,1,3,43.4,461.86,10.64,San Juan del Río,Taller,82-SUS,Suspensión,998.09,2299,178,2121,12.92,Alemania,QRO-SLP
776,2026-01-03,2026-01-11,2026,1,6,8,1,5,319.5,2843.6,8.9,San Luis Potosí,Planta,20-ELE,Electrónica,4578.72,3498,121,3377,28.91,Alemania,QRO-CEL
777,2026-05-12,2026-05-31,2026,5,2,19,1,10,311.8,2644.25,8.48,San Juan del Río,Planta,49-ELE,Electrónica,3034.43,2749,539,2210,5.1,China,QRO-SLP
778,2024-07-05,2024-07-06,2024,7,5,1,0,0,158.2,2478.99,15.67,San Juan del Río,Tier1,17-SUS,Suspensión,2687.14,2633,740,1893,3.56,Alemania,QRO-CEL
779,2026-05-03,2026-05-26,2026,5,0,23,1,19,186.7,3509.69,18.8,Querétaro,Tier1,51-SEN,Sensores,3785.32,2882,317,2565,9.09,China,QRO-SLP
780,2022-09-21,2022-09-23,2022,9,3,2,0,0,30.3,246.21,8.13,Corregidora,Taller,21-ARN,Arneses,2688.88,472,527,-55,0.9,Alemania,QRO-MQZ
781,2023-09-17,2023-09-18,2023,9,0,1,0,0,86.2,1542.1,17.89,El Marqués,Planta,32-SUS,Suspensión,4111.1,4658,655,4003,7.11,Japón,QRO-SJR
782,2024-05-23,2024-05-28,2024,5,4,5,1,2,205.2,1730.94,8.44,San Juan del Río,Taller,46-FRE,Frenos,3166.98,4682,146,4536,32.07,Japón,QRO-MQZ
783,2026-05-21,2026-05-29,2026,5,4,8,1,1,129.5,2319.97,17.91,San Juan del Río,Tier1,80-ARN,Arneses,2549.16,1887,973,914,1.94,Japón,QRO-SJR
784,2026-05-18,2026-05-25,2026,5,1,7,1,4,349.9,4088.13,11.68,El Marqués,Taller,98-FRE,Frenos,1762.7,3662,966,2696,3.79,USA,QRO-CEL
785,2026-05-16,2026-05-31,2026,5,6,15,1,6,216.9,3157.98,14.56,Celaya,Distribuidor,84-ARN,Arneses,1914.15,2582,463,2119,5.58,Japón,QRO-SJR
786,2026-01-09,2026-01-10,2026,1,5,1,0,0,123.8,1507.52,12.18,San Juan del Río,Planta,67-FRE,Frenos,2570.48,1579,719,860,2.2,USA,QRO-MQZ
787,2021-08-16,2021-08-18,2021,8,1,2,0,0,51.3,932.02,18.17,San Luis Potosí,Tier1,85-ELE,Electrónica,2849.32,3481,180,3301,19.34,Japón,QRO-MQZ
788,2026-05-08,2026-05-29,2026,5,5,21,1,14,146.1,1281.91,8.77,Corregidora,Planta,52-FRE,Frenos,1237.74,4520,880,3640,5.14,USA,QRO-SJR
789,2024-02-11,2024-02-14,2024,2,0,3,0,0,222.9,3970.74,17.81,San Juan del Río,Planta,61-ARN,Arneses,4744.31,4892,624,4268,7.84,Japón,QRO-SJR
790,2022-01-10,2022-01-11,2022,1,1,1,0,0,113.3,957.2,8.45,San Juan del Río,Taller,98-SEN,Sensores,2084.79,1561,258,1303,6.05,Japón,QRO-SLP
791,2026-05-03,2026-05-25,2026,5,0,22,1,19,142,1380.21,9.72,Corregidora,Planta,6-SEN,Sensores,1099.61,3877,502,3375,7.72,Alemania,QRO-SJR
792,2023-10-20,2023-10-24,2023,10,5,4,1,1,253.3,4276.95,16.88,El Marqués,Tier1,52-SEN,Sensores,2701.62,2240,729,1511,3.07,China,QRO-MQZ
793,2024-10-15,2024-10-21,2024,10,2,6,1,3,286.6,4520.57,15.77,San Juan del Río,Tier1,74-ARN,Arneses,1238.29,2950,908,2042,3.25,México,QRO-SLP
794,2026-05-02,2026-05-28,2026,5,6,26,1,20,33.5,393.01,11.73,Querétaro,Planta,99-ARN,Arneses,1390.25,230,392,-162,0.59,China,QRO-CEL
795,2025-12-13,2025-12-19,2025,12,6,6,1,3,191.7,1934.65,10.09,El Marqués,Taller,7-ARN,Arneses,2965.42,1199,206,993,5.82,USA,QRO-MQZ
796,2023-03-25,2023-03-29,2023,3,6,4,1,1,101.3,1164.67,11.5,Querétaro,Distribuidor,51-SEN,Sensores,3785.32,2882,317,2565,9.09,China,QRO-MQZ
797,2026-05-09,2026-05-27,2026,5,6,18,1,13,277.4,4757,17.15,San Luis Potosí,Tier1,97-SUS,Suspensión,3611.27,2315,112,2203,20.67,USA,QRO-CEL
798,2024-08-24,2024-08-27,2024,8,6,3,0,0,112.6,973.27,8.64,San Luis Potosí,Tier1,27-ARN,Arneses,1335.52,4511,497,4014,9.08,Japón,QRO-SJR
799,2026-05-22,2026-06-03,2026,5,5,12,0,0,157.8,3141.4,19.91,Corregidora,Tier1,62-SUS,Suspensión,2758.99,4916,257,4659,19.13,China,QRO-SLP
800,2026-05-05,2026-05-27,2026,5,2,22,1,17,334.4,4312.21,12.9,Querétaro,Tier1,79-SEN,Sensores,3466.99,835,695,140,1.2,Alemania,QRO-SLP
801,2021-09-13,2021-09-18,2021,9,1,5,1,2,52.5,864.48,16.47,San Luis Potosí,Tier1,53-SUS,Suspensión,2062.9,3440,719,2721,4.78,Japón,QRO-MQZ
802,2022-04-15,2022-04-19,2022,4,5,4,1,1,32.7,326.43,9.98,San Juan del Río,Taller,82-SEN,Sensores,1389.69,82,257,-175,0.32,USA,QRO-MQZ
803,2022-06-08,2022-06-15,2022,6,3,7,1,4,298.2,3738.66,12.54,Corregidora,Distribuidor,46-FRE,Frenos,3166.98,4682,146,4536,32.07,Alemania,QRO-SJR
804,2021-07-23,2021-07-31,2021,7,5,8,1,5,298.8,3579.19,11.98,San Juan del Río,Tier1,51-SUS,Suspensión,1327.15,4912,621,4291,7.91,México,QRO-CEL
805,2024-09-25,2024-10-03,2024,9,3,8,1,5,203.9,3076.24,15.09,El Marqués,Tier1,92-SUS,Suspensión,3033.85,4447,428,4019,10.39,México,QRO-MQZ
806,2026-05-11,2026-05-25,2026,5,1,14,1,11,165.6,3008.13,18.17,San Luis Potosí,Taller,61-ARN,Arneses,4744.31,4892,624,4268,7.84,USA,QRO-SLP
807,2026-05-11,2026-05-30,2026,5,1,19,1,11,307.1,3752.91,12.22,Celaya,Distribuidor,97-FRE,Frenos,4200.07,1145,962,183,1.19,Alemania,QRO-SJR
808,2023-09-28,2023-10-01,2023,9,4,3,0,0,301.1,4539.46,15.08,Corregidora,Distribuidor,68-FRE,Frenos,3853.4,2725,382,2343,7.13,Japón,QRO-SJR
809,2025-06-04,2025-06-09,2025,6,3,5,1,2,229.1,4015.03,17.53,Celaya,Tier1,63-SUS,Suspensión,3993.5,2133,790,1343,2.7,Japón,QRO-SLP
810,2025-12-08,2025-12-15,2025,12,1,7,1,4,82.3,865.81,10.52,León,Taller,50-ARN,Arneses,2901.33,2029,792,1237,2.56,México,QRO-SJR
811,2026-05-13,2026-05-27,2026,5,3,14,1,9,273.1,2735.87,10.02,Celaya,Planta,26-SEN,Sensores,2283.16,2773,396,2377,7,México,QRO-SJR
812,2026-05-09,2026-05-25,2026,5,6,16,1,13,67.5,563.21,8.34,Querétaro,Distribuidor,11-SUS,Suspensión,588.59,823,217,606,3.79,Alemania,QRO-SJR
813,2023-08-23,2023-08-30,2023,8,3,7,1,4,349.6,6129.39,17.53,Querétaro,Planta,46-SEN,Sensores,4891.28,2915,405,2510,7.2,China,QRO-SLP
814,2022-07-02,2022-07-04,2022,7,6,2,0,0,175.6,1896.72,10.8,San Luis Potosí,Planta,2-ELE,Electrónica,1189.72,3706,870,2836,4.26,México,QRO-CEL
815,2024-11-05,2024-11-11,2024,11,2,6,1,3,232.2,3667.12,15.79,Celaya,Planta,13-SUS,Suspensión,186.07,4142,666,3476,6.22,Alemania,QRO-CEL
816,2022-01-18,2022-01-24,2022,1,2,6,1,3,106.8,958.52,8.97,Querétaro,Planta,44-ARN,Arneses,4310.1,1228,335,893,3.67,México,QRO-CEL
817,2026-05-03,2026-05-28,2026,5,0,25,1,19,300.5,2528.21,8.41,San Luis Potosí,Tier1,96-ELE,Electrónica,4610.48,3616,228,3388,15.86,Japón,QRO-SJR
818,2026-04-30,2026-05-04,2026,4,4,4,1,1,259.9,4682.42,18.02,El Marqués,Taller,7-ELE,Electrónica,246.58,4554,646,3908,7.05,China,QRO-CEL
819,2023-12-07,2023-12-14,2023,12,4,7,1,4,270.9,2360.03,8.71,Corregidora,Taller,6-SEN,Sensores,1099.61,3877,502,3375,7.72,Japón,QRO-SJR
820,2026-05-21,2026-05-30,2026,5,4,9,1,1,98.8,1894.23,19.17,Querétaro,Distribuidor,46-SUS,Suspensión,1653.36,4322,935,3387,4.62,Japón,QRO-CEL
821,2025-10-13,2025-10-15,2025,10,1,2,0,0,18.1,150.13,8.29,Querétaro,Distribuidor,17-ELE,Electrónica,2928.48,3082,652,2430,4.73,China,QRO-SJR
822,2022-09-29,2022-10-05,2022,9,4,6,1,3,289.9,4322.22,14.91,San Luis Potosí,Distribuidor,21-SEN,Sensores,2963.98,277,140,137,1.98,Alemania,QRO-CEL
823,2024-04-21,2024-04-28,2024,4,0,7,1,4,220.2,2689.51,12.21,León,Tier1,7-FRE,Frenos,3386.88,9,821,-812,0.01,Japón,QRO-MQZ
824,2024-06-04,2024-06-12,2024,6,2,8,1,5,120.4,1331.06,11.06,Querétaro,Tier1,44-ARN,Arneses,4310.1,1228,335,893,3.67,Japón,QRO-SLP
825,2022-03-25,2022-03-26,2022,3,5,1,0,0,319,4492.71,14.08,Corregidora,Distribuidor,50-FRE,Frenos,3207.27,2881,413,2468,6.98,Alemania,QRO-CEL
826,2026-05-05,2026-05-26,2026,5,2,21,1,17,29.4,267.87,9.11,León,Tier1,72-SEN,Sensores,2907.83,4310,751,3559,5.74,Japón,QRO-MQZ
827,2026-05-07,2026-05-26,2026,5,4,19,1,15,272.6,2753.49,10.1,San Luis Potosí,Planta,3-SUS,Suspensión,3159.17,1739,584,1155,2.98,Japón,QRO-MQZ
828,2021-09-25,2021-09-28,2021,9,6,3,0,0,235.2,2509.09,10.67,San Luis Potosí,Tier1,30-SEN,Sensores,3410.75,196,590,-394,0.33,Japón,QRO-MQZ
829,2021-06-24,2021-07-02,2021,6,4,8,1,5,287.4,3938.71,13.7,El Marqués,Tier1,57-SEN,Sensores,1514.51,438,789,-351,0.56,México,QRO-SJR
830,2026-05-02,2026-05-28,2026,5,6,26,1,20,141.3,2202.62,15.59,Corregidora,Distribuidor,18-ELE,Electrónica,3808.96,3955,122,3833,32.42,China,QRO-SLP
831,2025-05-30,2025-06-07,2025,5,5,8,1,5,281.1,4719.54,16.79,León,Planta,46-ARN,Arneses,2665.1,3109,331,2778,9.39,USA,QRO-SJR
832,2026-05-11,2026-05-28,2026,5,1,17,1,11,92.8,849.81,9.16,Celaya,Distribuidor,38-ELE,Electrónica,2360.54,3797,195,3602,19.47,Japón,QRO-SLP
833,2023-05-11,2023-05-17,2023,5,4,6,1,3,158.2,1577.67,9.97,Querétaro,Distribuidor,34-ARN,Arneses,4771.65,2699,606,2093,4.45,Japón,QRO-SJR
834,2021-10-29,2021-11-01,2021,10,5,3,0,0,267.7,4234.18,15.82,Corregidora,Planta,92-SEN,Sensores,4469.2,3130,154,2976,20.32,México,QRO-SJR
835,2022-04-03,2022-04-07,2022,4,0,4,1,1,85,1438.53,16.92,Querétaro,Distribuidor,99-ELE,Electrónica,1359.1,1089,262,827,4.16,Alemania,QRO-SLP
836,2024-03-12,2024-03-20,2024,3,2,8,1,5,166.4,2780.8,16.71,San Juan del Río,Planta,2-SEN,Sensores,600.41,659,569,90,1.16,Japón,QRO-CEL
837,2021-12-11,2021-12-13,2021,12,6,2,0,0,338.8,3949.66,11.66,Querétaro,Distribuidor,61-FRE,Frenos,2992.6,2417,256,2161,9.44,Japón,QRO-SJR
838,2026-02-05,2026-02-09,2026,2,4,4,1,1,228.7,2897.38,12.67,León,Tier1,49-ELE,Electrónica,3034.43,2749,539,2210,5.1,Japón,QRO-CEL
839,2026-05-25,2026-06-02,2026,5,1,8,0,0,240.2,2919.83,12.16,Corregidora,Tier1,1-SUS,Suspensión,3019.89,3188,814,2374,3.92,México,QRO-SJR
840,2021-07-04,2021-07-06,2021,7,0,2,0,0,292.2,2392.47,8.19,San Luis Potosí,Planta,86-ELE,Electrónica,4667.98,3468,649,2819,5.34,Alemania,QRO-SLP
841,2026-05-12,2026-05-27,2026,5,2,15,1,10,99,1808.75,18.27,San Juan del Río,Taller,82-FRE,Frenos,3559.78,1290,296,994,4.36,Japón,QRO-CEL
842,2023-07-02,2023-07-05,2023,7,0,3,0,0,162.2,2671.75,16.47,Querétaro,Planta,77-SUS,Suspensión,2408.66,2567,263,2304,9.76,Japón,QRO-CEL
843,2024-07-18,2024-07-20,2024,7,4,2,0,0,220,2592.51,11.78,El Marqués,Taller,20-SUS,Suspensión,1687.63,629,800,-171,0.79,Japón,QRO-SLP
844,2024-06-28,2024-07-06,2024,6,5,8,1,5,112.1,1308.78,11.68,Corregidora,Tier1,1-ARN,Arneses,3422.68,3382,224,3158,15.1,Japón,QRO-SLP
845,2025-07-12,2025-07-14,2025,7,6,2,0,0,115.5,1211.73,10.49,Corregidora,Distribuidor,3-ARN,Arneses,4070.75,2695,779,1916,3.46,México,QRO-CEL
846,2026-05-18,2026-05-31,2026,5,1,13,1,4,83.4,1433.38,17.19,León,Tier1,6-SEN,Sensores,1099.61,3877,502,3375,7.72,México,QRO-MQZ
847,2026-05-12,2026-05-25,2026,5,2,13,1,10,234.1,4485.11,19.16,León,Taller,1-ARN,Arneses,3422.68,3382,224,3158,15.1,China,QRO-SJR
848,2026-05-06,2026-06-01,2026,5,3,26,1,16,206.1,2802.11,13.6,San Juan del Río,Planta,83-ARN,Arneses,4089.81,3819,304,3515,12.56,USA,QRO-CEL
849,2026-05-05,2026-05-27,2026,5,2,22,1,17,134.5,1554.79,11.56,Corregidora,Distribuidor,78-SUS,Suspensión,3109.5,4399,835,3564,5.27,Japón,QRO-SLP
850,2022-05-06,2022-05-13,2022,5,5,7,1,4,164.1,1995.81,12.16,Corregidora,Tier1,65-SEN,Sensores,3356.68,3642,308,3334,11.82,China,QRO-MQZ
851,2026-05-09,2026-05-29,2026,5,6,20,1,13,295.2,3085.78,10.45,León,Planta,36-FRE,Frenos,2503.31,2427,781,1646,3.11,México,QRO-CEL
852,2023-10-02,2023-10-08,2023,10,1,6,1,3,185.7,3125.5,16.83,León,Taller,24-FRE,Frenos,3167.6,1248,407,841,3.07,USA,QRO-CEL
853,2026-05-24,2026-06-02,2026,5,0,9,0,0,300.8,5060.05,16.82,Querétaro,Planta,10-SEN,Sensores,4186.41,1042,960,82,1.09,Japón,QRO-CEL
854,2026-05-09,2026-06-01,2026,5,6,23,1,13,167.6,2793.84,16.67,Celaya,Distribuidor,51-ARN,Arneses,2205.11,3816,443,3373,8.61,China,QRO-CEL
855,2024-09-08,2024-09-11,2024,9,0,3,0,0,332.8,3342.06,10.04,Corregidora,Taller,34-ELE,Electrónica,4829.03,4110,965,3145,4.26,Alemania,QRO-SLP
856,2025-11-22,2025-11-23,2025,11,6,1,0,0,64.1,1154.13,18.01,León,Tier1,21-ELE,Electrónica,2331.02,422,893,-471,0.47,México,QRO-CEL
857,2026-05-20,2026-05-26,2026,5,3,6,1,2,51.7,646.38,12.5,El Marqués,Tier1,80-FRE,Frenos,1456.89,1654,528,1126,3.13,USA,QRO-SJR
858,2023-12-11,2023-12-12,2023,12,1,1,0,0,222.8,2806.79,12.6,Querétaro,Tier1,91-SUS,Suspensión,3680.26,3837,791,3046,4.85,México,QRO-SJR
859,2023-10-24,2023-10-26,2023,10,2,2,0,0,258.1,3167.04,12.27,Celaya,Taller,1-FRE,Frenos,233.71,1282,783,499,1.64,Japón,QRO-MQZ
860,2026-05-19,2026-05-28,2026,5,2,9,1,3,39,676.79,17.35,El Marqués,Planta,56-SUS,Suspensión,4497.66,4064,966,3098,4.21,Japón,QRO-CEL
861,2025-01-22,2025-01-25,2025,1,3,3,0,0,82.7,1204.13,14.56,Celaya,Planta,96-SEN,Sensores,4971.73,4377,915,3462,4.78,USA,QRO-SLP
862,2025-07-20,2025-07-23,2025,7,0,3,0,0,340,4419.99,13,San Juan del Río,Taller,76-SUS,Suspensión,1064.99,2521,492,2029,5.12,México,QRO-SLP
863,2022-06-27,2022-07-02,2022,6,1,5,1,2,203,2021.74,9.96,León,Tier1,84-ARN,Arneses,1914.15,2582,463,2119,5.58,México,QRO-SJR
864,2026-05-25,2026-06-02,2026,5,1,8,0,0,317.8,6015.58,18.93,El Marqués,Taller,28-FRE,Frenos,2880.95,4135,830,3305,4.98,México,QRO-MQZ
865,2022-05-31,2022-06-06,2022,5,2,6,1,3,50,622.59,12.45,San Juan del Río,Planta,53-SUS,Suspensión,2062.9,3440,719,2721,4.78,México,QRO-MQZ
866,2025-05-28,2025-05-31,2025,5,3,3,0,0,88.2,913.43,10.36,Corregidora,Distribuidor,28-SEN,Sensores,1818.54,4432,701,3731,6.32,USA,QRO-MQZ
867,2026-05-23,2026-05-31,2026,5,6,8,0,0,14.7,127.97,8.71,Celaya,Tier1,100-ARN,Arneses,1116.73,659,716,-57,0.92,USA,QRO-MQZ
868,2022-02-09,2022-02-10,2022,2,3,1,0,0,265.3,2437.33,9.19,San Juan del Río,Tier1,75-FRE,Frenos,2586.79,1278,749,529,1.71,Alemania,QRO-SJR
869,2026-05-01,2026-06-01,2026,5,5,31,1,21,312.6,4249.17,13.59,Corregidora,Taller,56-SEN,Sensores,1253.34,3707,620,3087,5.98,USA,QRO-CEL
870,2021-06-01,2021-06-09,2021,6,2,8,1,5,34.3,637.26,18.58,Corregidora,Planta,30-SUS,Suspensión,506.69,2378,235,2143,10.12,China,QRO-CEL
871,2022-05-18,2022-05-21,2022,5,3,3,0,0,253.1,5050.83,19.96,Corregidora,Distribuidor,44-ARN,Arneses,4310.1,1228,335,893,3.67,Japón,QRO-SLP
872,2025-03-07,2025-03-08,2025,3,5,1,0,0,243.8,2859.86,11.73,León,Planta,8-ELE,Electrónica,1771.55,3926,741,3185,5.3,Japón,QRO-CEL
873,2026-05-09,2026-05-30,2026,5,6,21,1,13,349,5291.95,15.16,San Luis Potosí,Planta,34-SUS,Suspensión,3433.34,3403,155,3248,21.95,México,QRO-CEL
874,2024-03-17,2024-03-23,2024,3,0,6,1,3,79.6,829.36,10.42,Celaya,Distribuidor,86-SEN,Sensores,2869.97,158,622,-464,0.25,México,QRO-CEL
875,2021-12-07,2021-12-14,2021,12,2,7,1,4,243.8,4034.93,16.55,San Luis Potosí,Tier1,53-FRE,Frenos,818.13,4754,550,4204,8.64,China,QRO-SLP
876,2022-01-16,2022-01-23,2022,1,0,7,1,4,181.1,3132.64,17.3,Celaya,Planta,6-FRE,Frenos,4765.97,4975,994,3981,5.01,México,QRO-MQZ
877,2024-04-01,2024-04-05,2024,4,1,4,1,1,134.2,2470.61,18.41,Querétaro,Tier1,9-ELE,Electrónica,3081.81,4325,472,3853,9.16,Japón,QRO-CEL
878,2026-05-24,2026-05-31,2026,5,0,7,0,0,222.1,3126.2,14.08,Querétaro,Planta,31-SEN,Sensores,2188.74,120,548,-428,0.22,USA,QRO-SLP
879,2024-02-26,2024-03-04,2024,2,1,7,1,4,296,4758.27,16.08,Querétaro,Distribuidor,27-ELE,Electrónica,1768.11,2885,368,2517,7.84,México,QRO-SLP
880,2026-05-13,2026-05-26,2026,5,3,13,1,9,127.9,1581.02,12.36,San Luis Potosí,Tier1,48-SEN,Sensores,2080.46,31,818,-787,0.04,Japón,QRO-SJR
881,2022-04-03,2022-04-09,2022,4,0,6,1,3,267.4,3727.15,13.94,Corregidora,Tier1,45-SEN,Sensores,754.06,1135,113,1022,10.04,Japón,QRO-SLP
882,2026-05-02,2026-06-01,2026,5,6,30,1,20,159.3,2660.35,16.7,San Juan del Río,Tier1,47-FRE,Frenos,1952.37,1312,523,789,2.51,México,QRO-CEL
883,2024-07-03,2024-07-04,2024,7,3,1,0,0,41.4,354.21,8.56,León,Tier1,81-ELE,Electrónica,140.61,1480,170,1310,8.71,Japón,QRO-SJR
884,2022-02-10,2022-02-18,2022,2,4,8,1,5,118.4,1038.24,8.77,San Juan del Río,Planta,55-FRE,Frenos,3030.18,3583,896,2687,4,Alemania,QRO-SLP
885,2025-08-27,2025-08-28,2025,8,3,1,0,0,28.3,384,13.57,San Juan del Río,Taller,73-SUS,Suspensión,1205.2,139,592,-453,0.23,Japón,QRO-SLP
886,2026-01-28,2026-02-01,2026,1,3,4,1,1,225,2992.01,13.3,Corregidora,Distribuidor,10-ELE,Electrónica,3951.78,1728,872,856,1.98,Japón,QRO-MQZ
887,2023-07-21,2023-07-23,2023,7,5,2,0,0,119,1390.08,11.68,Celaya,Taller,34-SUS,Suspensión,3433.34,3403,155,3248,21.95,México,QRO-SLP
888,2026-05-20,2026-05-31,2026,5,3,11,1,2,297.7,3934.69,13.22,Celaya,Planta,59-SEN,Sensores,627.84,3969,671,3298,5.92,México,QRO-SJR
889,2022-05-12,2022-05-16,2022,5,4,4,1,1,151.5,2116.05,13.97,San Luis Potosí,Tier1,15-FRE,Frenos,886.52,1011,947,64,1.07,Japón,QRO-SLP
890,2026-05-11,2026-05-29,2026,5,1,18,1,11,229.6,3588.36,15.63,Celaya,Taller,11-SEN,Sensores,1039.42,4283,144,4139,29.74,China,QRO-MQZ
891,2025-03-17,2025-03-19,2025,3,1,2,0,0,268.4,2604.64,9.7,León,Tier1,42-ARN,Arneses,4312.83,3536,833,2703,4.24,Japón,QRO-SJR
892,2021-12-14,2021-12-19,2021,12,2,5,1,2,44.5,553.81,12.45,Corregidora,Taller,20-SEN,Sensores,595.92,674,866,-192,0.78,China,QRO-SLP
893,2026-05-06,2026-05-25,2026,5,3,19,1,16,125,1971.83,15.77,Corregidora,Distribuidor,7-FRE,Frenos,3386.88,9,821,-812,0.01,China,QRO-MQZ
894,2021-12-20,2021-12-26,2021,12,1,6,1,3,182.3,2122.76,11.64,El Marqués,Taller,98-SEN,Sensores,2084.79,1561,258,1303,6.05,USA,QRO-MQZ
895,2026-05-04,2026-05-26,2026,5,1,22,1,18,171.9,3427.84,19.94,San Juan del Río,Planta,78-SUS,Suspensión,3109.5,4399,835,3564,5.27,México,QRO-SJR
896,2022-04-22,2022-04-26,2022,4,5,4,1,1,182.2,2245.42,12.32,Corregidora,Distribuidor,16-ELE,Electrónica,316.27,2849,664,2185,4.29,Alemania,QRO-MQZ
897,2023-05-16,2023-05-19,2023,5,2,3,0,0,106.2,1536.89,14.47,Querétaro,Planta,99-SEN,Sensores,779.25,3054,160,2894,19.09,China,QRO-SLP
898,2021-02-12,2021-02-20,2021,2,5,8,1,5,340.9,5901.85,17.31,Celaya,Tier1,99-ARN,Arneses,1390.25,230,392,-162,0.59,México,QRO-MQZ
899,2026-05-20,2026-05-26,2026,5,3,6,1,2,81.4,781.17,9.6,Celaya,Planta,69-SUS,Suspensión,2311.07,1018,914,104,1.11,USA,QRO-CEL
900,2021-05-28,2021-05-31,2021,5,5,3,0,0,217.7,4072.8,18.71,Celaya,Planta,1-FRE,Frenos,233.71,1282,783,499,1.64,Japón,QRO-SLP
901,2024-06-26,2024-06-29,2024,6,3,3,0,0,209.6,2980.63,14.22,San Juan del Río,Taller,6-ARN,Arneses,1073.65,2312,666,1646,3.47,Japón,QRO-CEL
902,2026-05-22,2026-05-28,2026,5,5,6,0,0,134.2,2432.96,18.13,San Luis Potosí,Tier1,13-FRE,Frenos,1618.96,1055,651,404,1.62,USA,QRO-SJR
903,2025-03-11,2025-03-14,2025,3,2,3,0,0,269.9,3695.28,13.69,Querétaro,Tier1,29-SUS,Suspensión,2268.03,800,134,666,5.97,USA,QRO-SJR
904,2023-08-28,2023-09-01,2023,8,1,4,1,1,133.7,1423.65,10.65,Querétaro,Tier1,48-SEN,Sensores,2080.46,31,818,-787,0.04,China,QRO-SLP
905,2026-05-19,2026-05-27,2026,5,2,8,1,3,43,541.39,12.59,Corregidora,Distribuidor,81-ARN,Arneses,4391.37,366,872,-506,0.42,México,QRO-MQZ
906,2026-05-09,2026-05-31,2026,5,6,22,1,13,59.1,482.67,8.17,Corregidora,Tier1,21-SEN,Sensores,2963.98,277,140,137,1.98,China,QRO-SJR
907,2022-10-02,2022-10-04,2022,10,0,2,0,0,315.5,5179.38,16.42,El Marqués,Taller,88-ARN,Arneses,4573.3,1325,367,958,3.61,USA,QRO-CEL
908,2021-09-06,2021-09-12,2021,9,1,6,1,3,264.1,5090.93,19.28,El Marqués,Tier1,78-SEN,Sensores,1084.74,2183,681,1502,3.21,China,QRO-MQZ
909,2023-07-12,2023-07-14,2023,7,3,2,0,0,267.5,4731.86,17.69,León,Planta,24-ARN,Arneses,4525.05,711,612,99,1.16,Alemania,QRO-SJR
910,2025-10-24,2025-10-25,2025,10,5,1,0,0,280.2,2761.14,9.85,Corregidora,Taller,53-SUS,Suspensión,2062.9,3440,719,2721,4.78,China,QRO-CEL
911,2023-06-03,2023-06-08,2023,6,6,5,1,2,132.7,2433.26,18.34,Celaya,Tier1,5-SUS,Suspensión,1510.97,1853,254,1599,7.3,China,QRO-SJR
912,2026-05-09,2026-05-10,2026,5,6,1,0,0,172,2791.76,16.23,San Luis Potosí,Tier1,89-ARN,Arneses,2647.36,4434,738,3696,6.01,China,QRO-CEL
913,2024-06-11,2024-06-16,2024,6,2,5,1,2,165.8,3108.69,18.75,San Luis Potosí,Tier1,100-SUS,Suspensión,4542.37,1415,190,1225,7.45,Alemania,QRO-CEL
914,2025-11-18,2025-11-22,2025,11,2,4,1,1,329.1,6239.54,18.96,San Luis Potosí,Tier1,79-ARN,Arneses,2822.38,3202,339,2863,9.45,Japón,QRO-SLP
915,2026-05-07,2026-05-30,2026,5,4,23,1,15,31.4,325.49,10.37,León,Taller,8-SEN,Sensores,4374.33,2187,777,1410,2.81,México,QRO-SJR
916,2023-12-24,2023-12-28,2023,12,0,4,1,1,243.4,4058.25,16.67,San Juan del Río,Planta,17-SEN,Sensores,2051.63,4952,131,4821,37.8,México,QRO-CEL
917,2026-05-04,2026-05-30,2026,5,1,26,1,18,157.8,3007.01,19.06,Querétaro,Tier1,84-SUS,Suspensión,3111.43,4098,547,3551,7.49,Alemania,QRO-SLP
918,2026-05-10,2026-05-26,2026,5,0,16,1,12,98.3,1693.14,17.22,Querétaro,Planta,40-ELE,Electrónica,3251.02,3372,892,2480,3.78,México,QRO-MQZ
919,2022-12-09,2022-12-11,2022,12,5,2,0,0,172.7,1918.44,11.11,San Juan del Río,Planta,61-ARN,Arneses,4744.31,4892,624,4268,7.84,China,QRO-CEL
920,2025-10-26,2025-10-29,2025,10,0,3,0,0,38.3,470.76,12.29,Querétaro,Tier1,28-ARN,Arneses,615.82,4597,278,4319,16.54,USA,QRO-SLP
921,2021-08-12,2021-08-18,2021,8,4,6,1,3,39.4,380.42,9.66,León,Tier1,100-SEN,Sensores,1884.18,1812,275,1537,6.59,México,QRO-CEL
922,2022-02-25,2022-02-26,2022,2,5,1,0,0,113.2,1525.71,13.48,Querétaro,Planta,52-FRE,Frenos,1237.74,4520,880,3640,5.14,Japón,QRO-SJR
923,2024-04-01,2024-04-08,2024,4,1,7,1,4,184.9,2072.18,11.21,San Juan del Río,Tier1,88-SEN,Sensores,674.64,467,107,360,4.36,Japón,QRO-SLP
924,2026-05-01,2026-05-25,2026,5,5,24,1,21,335.3,6406.93,19.11,El Marqués,Taller,64-ARN,Arneses,324.29,3235,687,2548,4.71,Alemania,QRO-SJR
925,2024-01-05,2024-01-12,2024,1,5,7,1,4,17.8,173.07,9.72,San Luis Potosí,Tier1,97-ARN,Arneses,2270.01,2349,327,2022,7.18,Alemania,QRO-SLP
926,2021-11-11,2021-11-19,2021,11,4,8,1,5,225,2085.27,9.27,León,Planta,45-FRE,Frenos,1728.34,1258,154,1104,8.17,Japón,QRO-SJR
927,2023-08-24,2023-08-28,2023,8,4,4,1,1,164.2,2194.91,13.37,León,Tier1,98-SEN,Sensores,2084.79,1561,258,1303,6.05,Japón,QRO-SJR
928,2026-05-05,2026-05-26,2026,5,2,21,1,17,190.7,3207.45,16.82,Celaya,Planta,87-FRE,Frenos,4868.31,520,545,-25,0.95,China,QRO-CEL
929,2026-01-12,2026-01-18,2026,1,1,6,1,3,329.3,6565.28,19.94,Corregidora,Tier1,39-FRE,Frenos,1372.38,2726,706,2020,3.86,Alemania,QRO-SJR
930,2022-07-12,2022-07-16,2022,7,2,4,1,1,87.1,1710.5,19.64,San Juan del Río,Planta,39-SEN,Sensores,905.02,4748,901,3847,5.27,México,QRO-CEL
931,2023-04-16,2023-04-18,2023,4,0,2,0,0,279.2,3195.05,11.44,Querétaro,Taller,92-ARN,Arneses,287.69,1288,902,386,1.43,Japón,QRO-MQZ
932,2022-01-30,2022-02-06,2022,1,0,7,1,4,115.4,1956.22,16.95,Querétaro,Planta,80-SUS,Suspensión,3018.8,2364,799,1565,2.96,México,QRO-SLP
933,2024-01-20,2024-01-26,2024,1,6,6,1,3,146.1,1966.8,13.46,San Juan del Río,Tier1,16-SUS,Suspensión,2880.89,356,123,233,2.89,Japón,QRO-SLP
934,2026-05-09,2026-05-30,2026,5,6,21,1,13,10.4,102.77,9.88,San Luis Potosí,Tier1,83-SEN,Sensores,3044.98,1762,882,880,2,México,QRO-MQZ
935,2025-01-04,2025-01-11,2025,1,6,7,1,4,21.1,198.53,9.41,Corregidora,Distribuidor,96-FRE,Frenos,3819.86,1364,751,613,1.82,Alemania,QRO-SJR
936,2026-05-22,2026-05-25,2026,5,5,3,0,0,153.5,1245.54,8.11,León,Taller,41-ARN,Arneses,2258.51,2697,698,1999,3.86,China,QRO-SJR
937,2026-05-25,2026-05-30,2026,5,1,5,0,0,104.6,1787.2,17.09,Querétaro,Planta,12-SEN,Sensores,4736.13,22,333,-311,0.07,Japón,QRO-SLP
938,2023-02-21,2023-02-26,2023,2,2,5,1,2,127.5,1527.27,11.98,Celaya,Distribuidor,36-FRE,Frenos,2503.31,2427,781,1646,3.11,China,QRO-SLP
939,2021-08-23,2021-08-29,2021,8,1,6,1,3,182.7,2715.88,14.87,Querétaro,Tier1,90-ELE,Electrónica,2914.45,2443,282,2161,8.66,China,QRO-CEL
940,2026-05-01,2026-05-26,2026,5,5,25,1,21,131,1503.7,11.48,León,Planta,50-SUS,Suspensión,1449.41,272,798,-526,0.34,Japón,QRO-CEL
941,2025-10-18,2025-10-22,2025,10,6,4,1,1,340.2,3664.56,10.77,El Marqués,Tier1,100-SEN,Sensores,1884.18,1812,275,1537,6.59,Alemania,QRO-SJR
942,2026-05-13,2026-05-27,2026,5,3,14,1,9,255.6,2194.87,8.59,Celaya,Tier1,79-FRE,Frenos,2622.75,2367,816,1551,2.9,México,QRO-SLP
943,2025-09-13,2025-09-21,2025,9,6,8,1,5,188.1,2646.35,14.07,Celaya,Tier1,97-ELE,Electrónica,2011.22,862,727,135,1.19,México,QRO-SLP
944,2026-05-09,2026-05-31,2026,5,6,22,1,13,83.1,771.55,9.28,San Juan del Río,Taller,37-SUS,Suspensión,1200.77,1755,358,1397,4.9,Japón,QRO-SJR
945,2025-01-07,2025-01-10,2025,1,2,3,0,0,232.3,3295.12,14.18,Corregidora,Tier1,20-ELE,Electrónica,4578.72,3498,121,3377,28.91,México,QRO-CEL
946,2021-09-21,2021-09-24,2021,9,2,3,0,0,231.7,2172.93,9.38,San Juan del Río,Tier1,5-ARN,Arneses,2099.43,479,838,-359,0.57,USA,QRO-SLP
947,2026-01-21,2026-01-28,2026,1,3,7,1,4,68.4,593.14,8.67,León,Tier1,86-FRE,Frenos,4599.2,3868,867,3001,4.46,USA,QRO-SLP
948,2026-05-11,2026-05-28,2026,5,1,17,1,11,107,1270.07,11.87,Celaya,Distribuidor,44-FRE,Frenos,3124.9,1604,281,1323,5.71,México,QRO-SLP
949,2021-11-21,2021-11-27,2021,11,0,6,1,3,155.4,2567.88,16.52,Querétaro,Tier1,47-SUS,Suspensión,1103.8,4418,319,4099,13.85,China,QRO-SLP
950,2026-05-22,2026-05-27,2026,5,5,5,0,0,283.6,3906.28,13.77,El Marqués,Tier1,35-ELE,Electrónica,1141.28,3576,681,2895,5.25,China,QRO-SJR
951,2026-05-23,2026-05-29,2026,5,6,6,0,0,51.6,638.59,12.38,Corregidora,Tier1,52-ARN,Arneses,4854.61,3039,358,2681,8.49,USA,QRO-SLP
952,2023-01-31,2023-02-01,2023,1,2,1,0,0,75.4,679.7,9.01,Celaya,Distribuidor,80-FRE,Frenos,1456.89,1654,528,1126,3.13,China,QRO-SJR
953,2024-01-26,2024-02-03,2024,1,5,8,1,5,144.8,2494.62,17.23,Celaya,Tier1,13-ELE,Electrónica,1731.24,4181,159,4022,26.3,China,QRO-MQZ
954,2022-03-19,2022-03-24,2022,3,6,5,1,2,215.2,2586.56,12.02,El Marqués,Tier1,75-ARN,Arneses,783.6,3454,262,3192,13.18,México,QRO-SLP
955,2023-08-05,2023-08-07,2023,8,6,2,0,0,218.1,1901.98,8.72,León,Planta,94-ARN,Arneses,584.4,1245,705,540,1.77,China,QRO-CEL
956,2026-04-15,2026-04-22,2026,4,3,7,1,4,246.3,2543.87,10.33,Celaya,Taller,2-SEN,Sensores,600.41,659,569,90,1.16,Japón,QRO-CEL
957,2024-10-10,2024-10-13,2024,10,4,3,0,0,227.6,3797.86,16.69,Querétaro,Tier1,13-SEN,Sensores,1929.65,2670,406,2264,6.58,China,QRO-SLP
958,2021-07-19,2021-07-24,2021,7,1,5,1,2,151.5,1820.82,12.02,Corregidora,Taller,4-SUS,Suspensión,4325.44,2289,793,1496,2.89,México,QRO-CEL
959,2021-08-22,2021-08-29,2021,8,0,7,1,4,139.1,1496.84,10.76,León,Taller,9-FRE,Frenos,366.33,1374,473,901,2.9,USA,QRO-CEL
960,2026-05-01,2026-05-28,2026,5,5,27,1,21,183.1,1690.67,9.23,León,Planta,50-SEN,Sensores,4354.41,2670,213,2457,12.54,Alemania,QRO-SLP
961,2023-01-31,2023-02-04,2023,1,2,4,1,1,162.9,2488.6,15.28,Querétaro,Tier1,44-ELE,Electrónica,1705.75,4295,341,3954,12.6,USA,QRO-CEL
962,2021-06-30,2021-07-04,2021,6,3,4,1,1,336.8,5850.81,17.37,Celaya,Tier1,33-FRE,Frenos,4635.35,4897,202,4695,24.24,Japón,QRO-SLP
963,2023-07-09,2023-07-15,2023,7,0,6,1,3,345.1,4600.05,13.33,León,Planta,6-ELE,Electrónica,1689.54,135,497,-362,0.27,México,QRO-SLP
964,2024-07-20,2024-07-22,2024,7,6,2,0,0,35.1,471.52,13.43,Corregidora,Planta,68-ARN,Arneses,4667.59,2569,343,2226,7.49,Alemania,QRO-SJR
965,2026-05-06,2026-05-28,2026,5,3,22,1,16,136.6,2255.07,16.51,El Marqués,Taller,24-ARN,Arneses,4525.05,711,612,99,1.16,Japón,QRO-MQZ
966,2022-10-30,2022-11-07,2022,10,0,8,1,5,146.9,1401.68,9.54,San Juan del Río,Planta,90-ELE,Electrónica,2914.45,2443,282,2161,8.66,México,QRO-SLP
967,2022-11-04,2022-11-11,2022,11,5,7,1,4,71.8,1001.83,13.95,Corregidora,Planta,58-SEN,Sensores,2617.63,4219,411,3808,10.27,Japón,QRO-SJR
968,2026-05-04,2026-05-30,2026,5,1,26,1,18,201.6,3653.11,18.12,Querétaro,Distribuidor,51-FRE,Frenos,1270.56,3380,623,2757,5.43,México,QRO-SLP
969,2026-05-25,2026-05-30,2026,5,1,5,0,0,343.4,4170.15,12.14,Corregidora,Tier1,73-SEN,Sensores,1840.37,2686,730,1956,3.68,China,QRO-MQZ
970,2026-05-22,2026-05-29,2026,5,5,7,0,0,149.8,2351.79,15.7,Querétaro,Tier1,53-ARN,Arneses,3524.83,988,317,671,3.12,China,QRO-SJR
971,2021-09-09,2021-09-13,2021,9,4,4,1,1,323.3,4847,14.99,Celaya,Tier1,24-ELE,Electrónica,4055.81,2955,652,2303,4.53,USA,QRO-CEL
972,2021-02-15,2021-02-23,2021,2,1,8,1,5,68,725.64,10.67,Querétaro,Tier1,49-FRE,Frenos,163.61,2823,238,2585,11.86,USA,QRO-SJR
973,2024-03-12,2024-03-20,2024,3,2,8,1,5,237.4,2063.95,8.69,León,Taller,71-SUS,Suspensión,1916.47,1253,659,594,1.9,China,QRO-MQZ
974,2023-09-29,2023-10-03,2023,9,5,4,1,1,42.7,710.95,16.65,León,Taller,9-ELE,Electrónica,3081.81,4325,472,3853,9.16,México,QRO-SLP
975,2025-01-11,2025-01-19,2025,1,6,8,1,5,183.1,2723.86,14.88,San Juan del Río,Taller,72-ELE,Electrónica,892.6,1623,479,1144,3.39,USA,QRO-CEL
976,2025-08-26,2025-09-01,2025,8,2,6,1,3,231.6,3023.49,13.05,Corregidora,Planta,5-FRE,Frenos,3547.92,1323,978,345,1.35,Japón,QRO-MQZ
977,2022-08-10,2022-08-16,2022,8,3,6,1,3,333,2934.07,8.81,San Luis Potosí,Planta,42-FRE,Frenos,4554.59,2399,529,1870,4.53,Japón,QRO-CEL
978,2025-01-22,2025-01-23,2025,1,3,1,0,0,42.2,396.49,9.4,El Marqués,Planta,46-ELE,Electrónica,2511.37,3579,173,3406,20.69,Japón,QRO-MQZ
979,2025-07-20,2025-07-28,2025,7,0,8,1,5,251,3768.37,15.01,León,Planta,55-SUS,Suspensión,105.27,1887,966,921,1.95,China,QRO-SLP
980,2024-10-23,2024-10-31,2024,10,3,8,1,5,203.6,1810.55,8.89,San Luis Potosí,Tier1,90-SUS,Suspensión,679.84,1842,357,1485,5.16,China,QRO-SJR
981,2026-05-15,2026-05-28,2026,5,5,13,1,7,13.5,268.81,19.91,Corregidora,Planta,12-SUS,Suspensión,2011.59,4865,386,4479,12.6,China,QRO-MQZ
982,2024-07-09,2024-07-10,2024,7,2,1,0,0,330.3,4446.65,13.46,San Luis Potosí,Tier1,68-SUS,Suspensión,4427.01,2107,162,1945,13.01,Alemania,QRO-CEL
983,2025-02-18,2025-02-23,2025,2,2,5,1,2,315.9,3364.51,10.65,Corregidora,Distribuidor,4-ELE,Electrónica,1583.34,802,919,-117,0.87,Japón,QRO-MQZ
984,2024-08-31,2024-09-02,2024,8,6,2,0,0,105.5,2045.44,19.39,San Juan del Río,Planta,80-ARN,Arneses,2549.16,1887,973,914,1.94,USA,QRO-SLP
985,2026-05-24,2026-05-29,2026,5,0,5,0,0,69.4,1006.39,14.5,Querétaro,Planta,42-FRE,Frenos,4554.59,2399,529,1870,4.53,México,QRO-CEL
986,2023-03-08,2023-03-16,2023,3,3,8,1,5,172.1,1425.38,8.28,Querétaro,Distribuidor,23-SEN,Sensores,1056.26,3445,649,2796,5.31,Alemania,QRO-SJR
987,2026-05-03,2026-06-01,2026,5,0,29,1,19,312.9,3840.55,12.27,Querétaro,Tier1,11-ELE,Electrónica,2731.07,2870,828,2042,3.47,China,QRO-SLP
988,2021-09-21,2021-09-27,2021,9,2,6,1,3,211.5,1721.59,8.14,San Luis Potosí,Distribuidor,64-ELE,Electrónica,4488.81,2018,103,1915,19.59,Japón,QRO-SLP
989,2026-05-22,2026-06-01,2026,5,5,10,0,0,307.1,4984.16,16.23,Corregidora,Taller,87-ELE,Electrónica,370.62,1029,479,550,2.15,China,QRO-SJR
990,2021-11-28,2021-12-02,2021,11,0,4,1,1,227.1,2323.72,10.23,San Luis Potosí,Taller,43-ARN,Arneses,913.85,1716,755,961,2.27,Alemania,QRO-MQZ
991,2026-05-19,2026-05-31,2026,5,2,12,1,3,73.2,957.47,13.08,Celaya,Planta,67-FRE,Frenos,2570.48,1579,719,860,2.2,Alemania,QRO-SJR
992,2025-11-17,2025-11-24,2025,11,1,7,1,4,239.8,2142.92,8.94,Querétaro,Planta,11-SUS,Suspensión,588.59,823,217,606,3.79,China,QRO-SJR
993,2023-10-22,2023-10-25,2023,10,0,3,0,0,194.8,2494.54,12.81,Celaya,Tier1,76-SUS,Suspensión,1064.99,2521,492,2029,5.12,Japón,QRO-CEL
994,2026-05-10,2026-05-31,2026,5,0,21,1,12,60,1030.09,17.17,San Juan del Río,Planta,86-SUS,Suspensión,1070.24,3068,901,2167,3.41,Alemania,QRO-SJR
995,2023-07-14,2023-07-15,2023,7,5,1,0,0,141.7,2252.58,15.9,León,Tier1,24-SUS,Suspensión,712.49,4064,852,3212,4.77,USA,QRO-CEL
996,2026-05-15,2026-05-27,2026,5,5,12,1,7,46.5,427.64,9.2,Corregidora,Taller,60-SEN,Sensores,4618.25,4938,354,4584,13.95,China,QRO-SLP
997,2024-03-30,2024-04-06,2024,3,6,7,1,4,320.6,6141.29,19.16,El Marqués,Taller,23-SEN,Sensores,1056.26,3445,649,2796,5.31,USA,QRO-CEL
998,2022-06-23,2022-06-28,2022,6,4,5,1,2,143.5,2370.99,16.52,El Marqués,Planta,53-SEN,Sensores,2001.95,4699,843,3856,5.57,USA,QRO-CEL
999,2025-10-11,2025-10-17,2025,10,6,6,1,3,311.7,5465.97,17.54,Corregidora,Planta,24-ARN,Arneses,4525.05,711,612,99,1.16,Alemania,QRO-SJR
1000,2026-05-19,2026-05-26,2026,5,2,7,1,3,156.6,2092.47,13.36,Corregidora,Planta,78-FRE,Frenos,641.45,617,398,219,1.55,México,QRO-CEL
1001,2025-04-14,2025-04-16,2025,4,1,2,0,0,236.2,2074.34,8.78,León,Planta,88-ELE,Electrónica,952.75,1483,288,1195,5.15,USA,QRO-CEL
1002,2022-08-09,2022-08-14,2022,8,2,5,1,2,321.1,3994.11,12.44,Querétaro,Distribuidor,70-FRE,Frenos,3370.05,2773,737,2036,3.76,USA,QRO-SJR
1003,2023-06-11,2023-06-16,2023,6,0,5,1,2,209.5,2533.77,12.09,Querétaro,Planta,23-ARN,Arneses,856.04,2511,134,2377,18.74,China,QRO-SJR
1004,2026-05-11,2026-05-29,2026,5,1,18,1,11,137.4,1776.49,12.93,Celaya,Tier1,32-SEN,Sensores,1196.78,3120,728,2392,4.29,Alemania,QRO-CEL
1005,2022-06-13,2022-06-15,2022,6,1,2,0,0,220.6,2412.45,10.94,León,Taller,36-FRE,Frenos,2503.31,2427,781,1646,3.11,México,QRO-SLP
1006,2026-05-13,2026-05-31,2026,5,3,18,1,9,136.8,2548.01,18.63,Corregidora,Distribuidor,51-SUS,Suspensión,1327.15,4912,621,4291,7.91,México,QRO-CEL
1007,2025-09-13,2025-09-18,2025,9,6,5,1,2,173.8,1887.63,10.86,Corregidora,Distribuidor,71-SEN,Sensores,263.19,144,177,-33,0.81,China,QRO-SJR
1008,2024-01-01,2024-01-07,2024,1,1,6,1,3,251,2306.79,9.19,Querétaro,Distribuidor,72-ARN,Arneses,3783.02,2196,705,1491,3.11,México,QRO-MQZ
1009,2026-05-09,2026-06-01,2026,5,6,23,1,13,195.3,2302.73,11.79,Querétaro,Tier1,83-ELE,Electrónica,2047.97,1307,286,1021,4.57,USA,QRO-SLP
1010,2026-05-13,2026-05-26,2026,5,3,13,1,9,197,3561.12,18.08,Corregidora,Distribuidor,95-ELE,Electrónica,4863.69,3953,627,3326,6.3,México,QRO-SLP
1011,2021-06-27,2021-07-03,2021,6,0,6,1,3,266.3,2307.77,8.67,León,Planta,1-ARN,Arneses,3422.68,3382,224,3158,15.1,Japón,QRO-SLP
1012,2022-07-22,2022-07-30,2022,7,5,8,1,5,136.5,2262.53,16.58,El Marqués,Taller,74-SEN,Sensores,3564.35,956,699,257,1.37,Japón,QRO-SLP
1013,2022-08-13,2022-08-18,2022,8,6,5,1,2,257.8,4012.75,15.57,Querétaro,Tier1,74-ELE,Electrónica,4728.06,3772,558,3214,6.76,China,QRO-SJR
1014,2022-03-31,2022-04-02,2022,3,4,2,0,0,94.6,1657.49,17.52,El Marqués,Taller,79-ELE,Electrónica,359.85,133,141,-8,0.94,México,QRO-SLP
1015,2021-12-09,2021-12-17,2021,12,4,8,1,5,15.9,161.92,10.18,León,Tier1,41-SEN,Sensores,4243.67,4515,377,4138,11.98,Japón,QRO-CEL
1016,2021-08-14,2021-08-18,2021,8,6,4,1,1,245.2,4213.16,17.18,San Juan del Río,Tier1,2-FRE,Frenos,2261.86,2629,314,2315,8.37,USA,QRO-MQZ
1017,2022-02-10,2022-02-17,2022,2,4,7,1,4,216.6,2958.04,13.66,San Luis Potosí,Planta,1-SUS,Suspensión,3019.89,3188,814,2374,3.92,Alemania,QRO-SLP
1018,2022-12-28,2022-12-29,2022,12,3,1,0,0,123.5,1167.99,9.46,Querétaro,Tier1,25-FRE,Frenos,2232.98,3690,225,3465,16.4,USA,QRO-MQZ
1019,2026-05-20,2026-05-25,2026,5,3,5,1,2,333.5,4287.15,12.86,Celaya,Tier1,9-SUS,Suspensión,3312.62,269,343,-74,0.78,USA,QRO-CEL
1020,2023-11-20,2023-11-23,2023,11,1,3,0,0,48.5,797.83,16.45,San Luis Potosí,Tier1,42-FRE,Frenos,4554.59,2399,529,1870,4.53,USA,QRO-SJR
1021,2026-05-19,2026-05-29,2026,5,2,10,1,3,140.5,2049.9,14.59,El Marqués,Distribuidor,33-ARN,Arneses,4073.72,1315,307,1008,4.28,México,QRO-SJR
1022,2024-06-08,2024-06-15,2024,6,6,7,1,4,136.3,1710.85,12.55,León,Tier1,16-SEN,Sensores,498.65,4923,754,4169,6.53,Japón,QRO-MQZ
1023,2023-05-18,2023-05-19,2023,5,4,1,0,0,329.5,4448.41,13.5,Corregidora,Tier1,56-FRE,Frenos,1990.85,504,987,-483,0.51,México,QRO-SLP
1024,2023-06-10,2023-06-17,2023,6,6,7,1,4,220,3039.69,13.82,León,Taller,5-ELE,Electrónica,92.23,1679,445,1234,3.77,México,QRO-SLP
1025,2024-06-11,2024-06-13,2024,6,2,2,0,0,244.6,3619.36,14.8,Corregidora,Distribuidor,60-ELE,Electrónica,1065.78,4715,596,4119,7.91,China,QRO-CEL
1026,2022-07-26,2022-07-28,2022,7,2,2,0,0,222.8,3724.26,16.72,San Luis Potosí,Tier1,65-SEN,Sensores,3356.68,3642,308,3334,11.82,Japón,QRO-MQZ
1027,2025-08-05,2025-08-13,2025,8,2,8,1,5,137.8,1980.04,14.37,San Luis Potosí,Tier1,5-SUS,Suspensión,1510.97,1853,254,1599,7.3,Japón,QRO-CEL
1028,2023-10-14,2023-10-17,2023,10,6,3,0,0,70.4,707.38,10.05,Querétaro,Distribuidor,100-SUS,Suspensión,4542.37,1415,190,1225,7.45,China,QRO-CEL
1029,2021-05-06,2021-05-12,2021,5,4,6,1,3,75.4,1227.74,16.28,Celaya,Tier1,41-ELE,Electrónica,4687.71,920,702,218,1.31,Japón,QRO-SLP
1030,2026-05-11,2026-05-28,2026,5,1,17,1,11,189.5,1787.62,9.43,León,Planta,42-FRE,Frenos,4554.59,2399,529,1870,4.53,Alemania,QRO-CEL
1031,2026-03-12,2026-03-15,2026,3,4,3,0,0,286.4,2529.34,8.83,Celaya,Planta,84-FRE,Frenos,3127.21,853,327,526,2.61,USA,QRO-SLP
1032,2024-06-23,2024-06-24,2024,6,0,1,0,0,252,4600.53,18.26,Celaya,Tier1,86-SUS,Suspensión,1070.24,3068,901,2167,3.41,Japón,QRO-MQZ
1033,2026-05-06,2026-05-30,2026,5,3,24,1,16,278.7,2556.72,9.17,León,Planta,44-SUS,Suspensión,504.34,1272,969,303,1.31,Alemania,QRO-SJR
1034,2026-05-08,2026-05-28,2026,5,5,20,1,14,195.5,1932.61,9.89,León,Tier1,14-ELE,Electrónica,1218.61,173,107,66,1.62,China,QRO-CEL
1035,2021-06-02,2021-06-09,2021,6,3,7,1,4,177.2,2335.11,13.18,Querétaro,Tier1,13-SUS,Suspensión,186.07,4142,666,3476,6.22,Japón,QRO-CEL
1036,2023-07-28,2023-08-01,2023,7,5,4,1,1,328,5796.31,17.67,San Juan del Río,Planta,58-SUS,Suspensión,1458.38,4972,879,4093,5.66,Alemania,QRO-SJR
1037,2026-05-22,2026-05-26,2026,5,5,4,0,0,33.9,510.61,15.06,León,Tier1,32-SEN,Sensores,1196.78,3120,728,2392,4.29,Alemania,QRO-CEL
1038,2026-05-19,2026-05-29,2026,5,2,10,1,3,233.9,3370.13,14.41,Corregidora,Planta,72-SUS,Suspensión,234.19,3605,243,3362,14.84,Japón,QRO-MQZ
1039,2023-04-06,2023-04-09,2023,4,4,3,0,0,225.6,2544.93,11.28,San Luis Potosí,Tier1,57-SEN,Sensores,1514.51,438,789,-351,0.56,Alemania,QRO-SJR
1040,2022-03-07,2022-03-12,2022,3,1,5,1,2,75.1,865.16,11.52,San Luis Potosí,Tier1,2-FRE,Frenos,2261.86,2629,314,2315,8.37,China,QRO-MQZ
1041,2022-12-02,2022-12-06,2022,12,5,4,1,1,153.1,1425.1,9.31,Celaya,Distribuidor,88-SUS,Suspensión,1941.02,3880,832,3048,4.66,Alemania,QRO-SJR
1042,2025-02-27,2025-03-02,2025,2,4,3,0,0,225.4,2702.69,11.99,San Luis Potosí,Tier1,98-FRE,Frenos,1762.7,3662,966,2696,3.79,China,QRO-CEL
1043,2026-05-23,2026-06-02,2026,5,6,10,0,0,117.7,2128.13,18.08,El Marqués,Taller,28-FRE,Frenos,2880.95,4135,830,3305,4.98,México,QRO-SJR
1044,2025-12-19,2025-12-22,2025,12,5,3,0,0,38.5,445.96,11.58,Celaya,Tier1,100-ELE,Electrónica,3513.62,1971,804,1167,2.45,México,QRO-CEL
1045,2026-05-01,2026-05-27,2026,5,5,26,1,21,132.8,2082.49,15.68,Corregidora,Distribuidor,52-SEN,Sensores,2701.62,2240,729,1511,3.07,Alemania,QRO-MQZ
1046,2026-05-18,2026-05-30,2026,5,1,12,1,4,340,3811.25,11.21,León,Tier1,44-SEN,Sensores,4770.35,1824,337,1487,5.41,México,QRO-MQZ
1047,2021-11-29,2021-12-06,2021,11,1,7,1,4,137.8,1306.07,9.48,Querétaro,Distribuidor,20-ARN,Arneses,1779.81,1862,979,883,1.9,USA,QRO-SJR
1048,2026-05-21,2026-05-29,2026,5,4,8,1,1,332.3,6527.57,19.64,Querétaro,Tier1,4-ELE,Electrónica,1583.34,802,919,-117,0.87,USA,QRO-CEL
1049,2022-07-24,2022-07-27,2022,7,0,3,0,0,57.8,1034.13,17.89,Querétaro,Tier1,47-SUS,Suspensión,1103.8,4418,319,4099,13.85,Alemania,QRO-MQZ
1050,2026-05-08,2026-05-30,2026,5,5,22,1,14,141.1,1775.75,12.59,San Juan del Río,Tier1,62-ARN,Arneses,3503.43,704,326,378,2.16,Alemania,QRO-MQZ
1051,2021-01-11,2021-01-19,2021,1,1,8,1,5,111,1420.51,12.8,San Juan del Río,Taller,13-SEN,Sensores,1929.65,2670,406,2264,6.58,China,QRO-CEL
1052,2022-02-08,2022-02-16,2022,2,2,8,1,5,120.3,1769.51,14.71,León,Tier1,12-ARN,Arneses,4577.37,1662,429,1233,3.87,Japón,QRO-MQZ
1053,2024-04-25,2024-05-03,2024,4,4,8,1,5,265.2,3733.75,14.08,Querétaro,Tier1,64-ELE,Electrónica,4488.81,2018,103,1915,19.59,USA,QRO-MQZ
1054,2022-07-03,2022-07-07,2022,7,0,4,1,1,133.3,1967.04,14.76,Celaya,Distribuidor,62-SEN,Sensores,61.64,976,325,651,3,Alemania,QRO-MQZ
1055,2021-10-01,2021-10-09,2021,10,5,8,1,5,119.4,1688.53,14.14,León,Planta,18-ELE,Electrónica,3808.96,3955,122,3833,32.42,Japón,QRO-MQZ
1056,2026-05-05,2026-06-01,2026,5,2,27,1,17,253.5,4101.73,16.18,San Juan del Río,Tier1,29-ARN,Arneses,4197.3,2125,821,1304,2.59,México,QRO-MQZ
1057,2026-05-21,2026-06-03,2026,5,4,13,1,1,127.2,1211.73,9.53,San Luis Potosí,Tier1,35-ARN,Arneses,3574.66,2983,906,2077,3.29,México,QRO-SJR
1058,2026-05-14,2026-05-25,2026,5,4,11,1,8,205.3,1834.27,8.93,Corregidora,Taller,59-SUS,Suspensión,149.53,1044,359,685,2.91,Japón,QRO-MQZ
1059,2026-05-23,2026-05-31,2026,5,6,8,0,0,152.9,2591.5,16.95,San Luis Potosí,Taller,47-SEN,Sensores,2369.53,4045,567,3478,7.13,Japón,QRO-SJR
1060,2025-12-05,2025-12-06,2025,12,5,1,0,0,117.3,1860.58,15.86,Corregidora,Distribuidor,75-ELE,Electrónica,216.11,4758,831,3927,5.73,Japón,QRO-MQZ
1061,2025-12-04,2025-12-07,2025,12,4,3,0,0,72.7,870.19,11.97,El Marqués,Planta,58-FRE,Frenos,4382.22,4184,377,3807,11.1,Japón,QRO-MQZ
1062,2026-05-24,2026-06-02,2026,5,0,9,0,0,18.2,255.38,14.03,Querétaro,Distribuidor,62-SUS,Suspensión,2758.99,4916,257,4659,19.13,China,QRO-MQZ
1063,2023-12-20,2023-12-28,2023,12,3,8,1,5,272.2,3502.86,12.87,San Juan del Río,Planta,93-SUS,Suspensión,251.29,694,704,-10,0.99,México,QRO-MQZ
1064,2026-05-04,2026-05-28,2026,5,1,24,1,18,263,4248.87,16.16,León,Planta,48-FRE,Frenos,3081.99,4282,516,3766,8.3,USA,QRO-SLP
1065,2021-04-24,2021-04-26,2021,4,6,2,0,0,197.4,2752.73,13.94,Celaya,Tier1,23-ELE,Electrónica,1997.95,1627,354,1273,4.6,Japón,QRO-SLP
1066,2024-10-24,2024-10-28,2024,10,4,4,1,1,175.2,3049.49,17.41,Querétaro,Distribuidor,11-SEN,Sensores,1039.42,4283,144,4139,29.74,México,QRO-MQZ
1067,2026-05-19,2026-05-26,2026,5,2,7,1,3,22.8,329.65,14.46,San Luis Potosí,Tier1,86-ARN,Arneses,2813.21,4833,175,4658,27.62,China,QRO-SJR
1068,2024-07-14,2024-07-20,2024,7,0,6,1,3,73.2,740.36,10.11,El Marqués,Tier1,97-ARN,Arneses,2270.01,2349,327,2022,7.18,México,QRO-MQZ
1069,2022-01-26,2022-01-31,2022,1,3,5,1,2,288.2,3001.72,10.42,Corregidora,Distribuidor,44-ARN,Arneses,4310.1,1228,335,893,3.67,Alemania,QRO-MQZ
1070,2021-10-30,2021-11-02,2021,10,6,3,0,0,153.6,2148.96,13.99,San Luis Potosí,Taller,51-SEN,Sensores,3785.32,2882,317,2565,9.09,China,QRO-SLP
1071,2023-05-30,2023-06-05,2023,5,2,6,1,3,289.2,4601.66,15.91,León,Planta,43-ELE,Electrónica,2094.4,1745,174,1571,10.03,Japón,QRO-MQZ
1072,2022-08-02,2022-08-10,2022,8,2,8,1,5,320,6224.75,19.45,Corregidora,Planta,82-FRE,Frenos,3559.78,1290,296,994,4.36,China,QRO-CEL
1073,2024-09-06,2024-09-08,2024,9,5,2,0,0,225.6,2731.84,12.11,Querétaro,Tier1,24-SUS,Suspensión,712.49,4064,852,3212,4.77,China,QRO-CEL
1074,2022-07-19,2022-07-21,2022,7,2,2,0,0,39.5,604.03,15.29,El Marqués,Taller,24-FRE,Frenos,3167.6,1248,407,841,3.07,México,QRO-MQZ
1075,2021-06-21,2021-06-23,2021,6,1,2,0,0,143.2,2428.92,16.96,San Juan del Río,Taller,15-FRE,Frenos,886.52,1011,947,64,1.07,México,QRO-CEL
1076,2024-05-20,2024-05-23,2024,5,1,3,0,0,208.7,4105.93,19.67,San Luis Potosí,Planta,4-FRE,Frenos,2773.92,2500,334,2166,7.49,China,QRO-MQZ
1077,2026-05-03,2026-05-28,2026,5,0,25,1,19,299,3918.07,13.1,Querétaro,Planta,85-ARN,Arneses,182.43,4967,727,4240,6.83,México,QRO-MQZ
1078,2024-11-04,2024-11-11,2024,11,1,7,1,4,92.6,1101.97,11.9,León,Planta,99-ARN,Arneses,1390.25,230,392,-162,0.59,Alemania,QRO-SLP
1079,2025-03-07,2025-03-08,2025,3,5,1,0,0,266.5,3895.93,14.62,San Juan del Río,Planta,28-FRE,Frenos,2880.95,4135,830,3305,4.98,USA,QRO-CEL
1080,2025-07-19,2025-07-23,2025,7,6,4,1,1,333.7,2986.5,8.95,San Luis Potosí,Planta,7-ARN,Arneses,2965.42,1199,206,993,5.82,México,QRO-CEL
1081,2026-05-15,2026-05-30,2026,5,5,15,1,7,92.2,1766.21,19.16,San Luis Potosí,Taller,97-ELE,Electrónica,2011.22,862,727,135,1.19,Japón,QRO-SLP
1082,2026-03-12,2026-03-15,2026,3,4,3,0,0,195.5,1839.84,9.41,San Juan del Río,Planta,75-FRE,Frenos,2586.79,1278,749,529,1.71,USA,QRO-SLP
1083,2026-05-18,2026-06-02,2026,5,1,15,1,4,174.6,3330.13,19.07,San Juan del Río,Tier1,85-FRE,Frenos,2849.37,4143,705,3438,5.88,USA,QRO-SJR
1084,2026-05-09,2026-05-27,2026,5,6,18,1,13,342.5,6789.27,19.82,León,Taller,27-ARN,Arneses,1335.52,4511,497,4014,9.08,México,QRO-MQZ
1085,2026-05-11,2026-05-25,2026,5,1,14,1,11,88.3,1350.24,15.29,San Luis Potosí,Taller,74-FRE,Frenos,4844.7,4945,375,4570,13.19,China,QRO-CEL
1086,2021-01-03,2021-01-10,2021,1,0,7,1,4,28.7,427.98,14.91,León,Planta,54-SEN,Sensores,2229.64,971,924,47,1.05,México,QRO-MQZ
1087,2026-05-20,2026-06-01,2026,5,3,12,1,2,172.2,1468.4,8.53,San Juan del Río,Taller,54-ELE,Electrónica,3166.45,2424,477,1947,5.08,Alemania,QRO-SJR
1088,2025-08-19,2025-08-25,2025,8,2,6,1,3,304.5,4939.24,16.22,El Marqués,Taller,21-FRE,Frenos,4833.89,4818,201,4617,23.97,China,QRO-SJR
1089,2025-03-21,2025-03-26,2025,3,5,5,1,2,118.3,1974.59,16.69,León,Tier1,7-ARN,Arneses,2965.42,1199,206,993,5.82,Alemania,QRO-CEL
1090,2023-03-05,2023-03-10,2023,3,0,5,1,2,125.3,1575.77,12.58,San Juan del Río,Taller,54-SUS,Suspensión,456.95,529,846,-317,0.63,Japón,QRO-SJR
1091,2024-10-06,2024-10-10,2024,10,0,4,1,1,183.1,3578.28,19.54,El Marqués,Taller,30-SUS,Suspensión,506.69,2378,235,2143,10.12,Alemania,QRO-SLP
1092,2026-05-17,2026-05-31,2026,5,0,14,1,5,327,4487.28,13.72,El Marqués,Tier1,16-SUS,Suspensión,2880.89,356,123,233,2.89,Alemania,QRO-SJR
1093,2021-01-07,2021-01-15,2021,1,4,8,1,5,45.2,674.87,14.93,Querétaro,Distribuidor,76-ELE,Electrónica,1417.28,705,976,-271,0.72,Alemania,QRO-SLP
1094,2026-05-09,2026-05-26,2026,5,6,17,1,13,13.7,222.37,16.23,Celaya,Tier1,55-ARN,Arneses,3941.75,4751,961,3790,4.94,México,QRO-CEL
1095,2022-02-17,2022-02-21,2022,2,4,4,1,1,160,2128.96,13.31,Corregidora,Taller,2-FRE,Frenos,2261.86,2629,314,2315,8.37,Japón,QRO-CEL
1096,2022-05-21,2022-05-28,2022,5,6,7,1,4,136.3,1821.15,13.36,Corregidora,Distribuidor,81-ARN,Arneses,4391.37,366,872,-506,0.42,China,QRO-SLP
1097,2023-01-26,2023-02-03,2023,1,4,8,1,5,126.4,2265.14,17.92,Celaya,Distribuidor,86-FRE,Frenos,4599.2,3868,867,3001,4.46,México,QRO-SLP
1098,2024-09-26,2024-09-30,2024,9,4,4,1,1,120.7,1893.24,15.69,Querétaro,Distribuidor,14-ARN,Arneses,4946.12,2364,110,2254,21.49,USA,QRO-CEL
1099,2023-05-25,2023-05-27,2023,5,4,2,0,0,29.1,532.7,18.31,San Luis Potosí,Tier1,80-ARN,Arneses,2549.16,1887,973,914,1.94,México,QRO-SLP
1100,2023-04-07,2023-04-11,2023,4,5,4,1,1,49.3,960.09,19.47,Celaya,Tier1,25-SEN,Sensores,4979.92,3606,752,2854,4.8,USA,QRO-CEL
1101,2025-12-09,2025-12-15,2025,12,2,6,1,3,51.3,469.12,9.14,Celaya,Tier1,38-ELE,Electrónica,2360.54,3797,195,3602,19.47,Japón,QRO-CEL
1102,2026-05-06,2026-05-31,2026,5,3,25,1,16,112.9,985.84,8.73,San Juan del Río,Planta,97-SEN,Sensores,396.7,1142,502,640,2.27,Alemania,QRO-SJR
1103,2021-01-26,2021-01-27,2021,1,2,1,0,0,281.2,2899.08,10.31,San Juan del Río,Planta,78-ARN,Arneses,3156.74,4864,828,4036,5.87,México,QRO-MQZ
1104,2023-05-30,2023-05-31,2023,5,2,1,0,0,66.1,610.66,9.24,San Luis Potosí,Taller,40-SEN,Sensores,1730.14,4560,975,3585,4.68,Japón,QRO-MQZ
1105,2026-05-14,2026-05-30,2026,5,4,16,1,8,50.9,494.18,9.71,Corregidora,Planta,64-SEN,Sensores,4961.2,4001,258,3743,15.51,México,QRO-SLP
1106,2024-02-16,2024-02-23,2024,2,5,7,1,4,147.9,1346.49,9.1,León,Tier1,74-SEN,Sensores,3564.35,956,699,257,1.37,China,QRO-SJR
1107,2022-07-21,2022-07-27,2022,7,4,6,1,3,104.3,1075.5,10.31,San Luis Potosí,Planta,35-ARN,Arneses,3574.66,2983,906,2077,3.29,México,QRO-SJR
1108,2026-05-24,2026-05-28,2026,5,0,4,0,0,168.7,3065.73,18.17,Querétaro,Planta,7-SEN,Sensores,2046.46,1410,596,814,2.37,USA,QRO-MQZ
1109,2021-05-20,2021-05-21,2021,5,4,1,0,0,347.8,3354.91,9.65,Corregidora,Distribuidor,76-ARN,Arneses,690.12,2510,973,1537,2.58,China,QRO-CEL
1110,2025-10-20,2025-10-27,2025,10,1,7,1,4,333,4151.15,12.47,Corregidora,Planta,51-ARN,Arneses,2205.11,3816,443,3373,8.61,Japón,QRO-CEL
1111,2022-04-05,2022-04-09,2022,4,2,4,1,1,67.8,613.16,9.04,León,Tier1,56-ELE,Electrónica,4660.32,2448,510,1938,4.8,México,QRO-MQZ
1112,2021-12-01,2021-12-08,2021,12,3,7,1,4,240.8,3226.57,13.4,Querétaro,Planta,91-ARN,Arneses,3259.69,1994,705,1289,2.83,China,QRO-SLP
1113,2026-05-07,2026-05-27,2026,5,4,20,1,15,304.3,5719.28,18.79,León,Tier1,96-ELE,Electrónica,4610.48,3616,228,3388,15.86,China,QRO-SLP
1114,2026-05-17,2026-05-24,2026,5,0,7,1,4,110.6,1845.78,16.69,San Luis Potosí,Taller,97-FRE,Frenos,4200.07,1145,962,183,1.19,Alemania,QRO-SJR
1115,2022-01-31,2022-02-03,2022,1,1,3,0,0,169.2,1972.07,11.66,Celaya,Tier1,52-ELE,Electrónica,4788.22,421,203,218,2.07,USA,QRO-MQZ
1116,2025-02-12,2025-02-13,2025,2,3,1,0,0,210.8,4059.32,19.26,San Luis Potosí,Planta,89-FRE,Frenos,3217.84,688,519,169,1.33,México,QRO-SJR
1117,2026-05-09,2026-06-01,2026,5,6,23,1,13,184.6,2234.82,12.11,León,Tier1,99-ELE,Electrónica,1359.1,1089,262,827,4.16,Japón,QRO-SLP
1118,2021-03-28,2021-04-04,2021,3,0,7,1,4,33.7,343.7,10.2,San Luis Potosí,Tier1,19-SEN,Sensores,1116.53,4535,959,3576,4.73,Japón,QRO-SJR
1119,2021-07-29,2021-08-03,2021,7,4,5,1,2,99.7,1533.92,15.39,Celaya,Tier1,81-ARN,Arneses,4391.37,366,872,-506,0.42,USA,QRO-MQZ
1120,2026-05-24,2026-05-27,2026,5,0,3,0,0,41.9,561.86,13.41,San Luis Potosí,Tier1,75-ARN,Arneses,783.6,3454,262,3192,13.18,China,QRO-SJR
1121,2026-05-11,2026-05-28,2026,5,1,17,1,11,132.3,1522.1,11.5,Querétaro,Distribuidor,71-ELE,Electrónica,3176.69,1574,322,1252,4.89,China,QRO-MQZ
1122,2026-05-23,2026-06-01,2026,5,6,9,0,0,191.7,3701.86,19.31,León,Taller,42-ARN,Arneses,4312.83,3536,833,2703,4.24,México,QRO-MQZ
1123,2025-09-29,2025-09-30,2025,9,1,1,0,0,253.7,4454.76,17.56,Corregidora,Tier1,63-SEN,Sensores,610.95,201,678,-477,0.3,Alemania,QRO-SLP
1124,2026-05-15,2026-05-27,2026,5,5,12,1,7,340.7,5061.59,14.86,León,Planta,23-SUS,Suspensión,3508.58,2134,799,1335,2.67,Alemania,QRO-SLP
1125,2026-01-10,2026-01-15,2026,1,6,5,1,2,128.9,1850.02,14.35,León,Tier1,1-SUS,Suspensión,3019.89,3188,814,2374,3.92,México,QRO-SJR
1126,2021-09-23,2021-09-27,2021,9,4,4,1,1,28.5,265.72,9.32,El Marqués,Taller,95-ELE,Electrónica,4863.69,3953,627,3326,6.3,Alemania,QRO-SJR
1127,2026-05-09,2026-05-30,2026,5,6,21,1,13,289.2,2645.99,9.15,San Luis Potosí,Tier1,41-FRE,Frenos,402.6,1519,142,1377,10.7,México,QRO-CEL
1128,2026-05-19,2026-05-31,2026,5,2,12,1,3,131.4,2489.15,18.94,León,Taller,6-FRE,Frenos,4765.97,4975,994,3981,5.01,Alemania,QRO-SLP
1129,2026-05-01,2026-05-26,2026,5,5,25,1,21,85.2,1277.23,14.99,Corregidora,Distribuidor,29-SUS,Suspensión,2268.03,800,134,666,5.97,China,QRO-SJR
1130,2026-05-11,2026-05-28,2026,5,1,17,1,11,111.3,1651.48,14.84,León,Tier1,27-FRE,Frenos,4045.05,2920,947,1973,3.08,México,QRO-SLP
1131,2025-03-26,2025-04-03,2025,3,3,8,1,5,103,1513.31,14.69,León,Tier1,39-SUS,Suspensión,3757.25,1049,806,243,1.3,Japón,QRO-MQZ
1132,2023-02-13,2023-02-18,2023,2,1,5,1,2,184.1,2708.07,14.71,El Marqués,Planta,57-ARN,Arneses,607.05,602,337,265,1.79,México,QRO-MQZ
1133,2026-05-02,2026-05-30,2026,5,6,28,1,20,200.4,1612.59,8.05,León,Taller,29-SEN,Sensores,3933.04,3258,672,2586,4.85,China,QRO-CEL
1134,2026-05-07,2026-05-27,2026,5,4,20,1,15,90.1,1330.89,14.77,León,Tier1,55-SUS,Suspensión,105.27,1887,966,921,1.95,USA,QRO-CEL
1135,2025-10-09,2025-10-14,2025,10,4,5,1,2,61.9,519.56,8.39,Querétaro,Planta,21-ELE,Electrónica,2331.02,422,893,-471,0.47,Alemania,QRO-CEL
1136,2024-03-04,2024-03-11,2024,3,1,7,1,4,193.4,3340.09,17.27,El Marqués,Taller,94-FRE,Frenos,4473.89,3060,162,2898,18.89,China,QRO-MQZ
1137,2026-05-20,2026-05-28,2026,5,3,8,1,2,60,852.77,14.21,San Luis Potosí,Tier1,47-ELE,Electrónica,129.58,3309,950,2359,3.48,Alemania,QRO-SJR
1138,2023-06-29,2023-06-30,2023,6,4,1,0,0,270.7,4884.82,18.05,San Juan del Río,Taller,78-SUS,Suspensión,3109.5,4399,835,3564,5.27,USA,QRO-CEL
1139,2024-08-20,2024-08-25,2024,8,2,5,1,2,302.3,5881.31,19.46,San Juan del Río,Taller,44-SEN,Sensores,4770.35,1824,337,1487,5.41,Japón,QRO-CEL
1140,2022-05-15,2022-05-16,2022,5,0,1,0,0,322.1,5723.26,17.77,San Luis Potosí,Distribuidor,86-ARN,Arneses,2813.21,4833,175,4658,27.62,México,QRO-MQZ
1141,2025-06-18,2025-06-20,2025,6,3,2,0,0,182,3195.16,17.56,El Marqués,Tier1,50-FRE,Frenos,3207.27,2881,413,2468,6.98,Alemania,QRO-MQZ
1142,2025-07-12,2025-07-18,2025,7,6,6,1,3,37.4,717.27,19.18,San Luis Potosí,Planta,88-SUS,Suspensión,1941.02,3880,832,3048,4.66,México,QRO-SJR
1143,2024-11-03,2024-11-11,2024,11,0,8,1,5,277.7,4902.5,17.65,Querétaro,Tier1,52-ARN,Arneses,4854.61,3039,358,2681,8.49,China,QRO-MQZ
1144,2023-01-27,2023-02-03,2023,1,5,7,1,4,224.8,3135.12,13.95,Querétaro,Tier1,66-SEN,Sensores,2796.85,2735,811,1924,3.37,China,QRO-SLP
1145,2026-05-01,2026-06-01,2026,5,5,31,1,21,83.8,1072,12.79,San Juan del Río,Taller,50-FRE,Frenos,3207.27,2881,413,2468,6.98,China,QRO-SJR
1146,2022-11-30,2022-12-05,2022,11,3,5,1,2,196.8,1717.4,8.73,San Luis Potosí,Planta,95-ARN,Arneses,3304.01,4822,472,4350,10.22,México,QRO-MQZ
1147,2026-05-04,2026-05-27,2026,5,1,23,1,18,113.3,1499.83,13.24,San Luis Potosí,Planta,10-SEN,Sensores,4186.41,1042,960,82,1.09,México,QRO-SLP
1148,2023-01-22,2023-01-28,2023,1,0,6,1,3,226,1924.53,8.52,Corregidora,Planta,70-FRE,Frenos,3370.05,2773,737,2036,3.76,México,QRO-CEL
1149,2022-01-06,2022-01-07,2022,1,4,1,0,0,221.4,2257.55,10.2,León,Planta,87-FRE,Frenos,4868.31,520,545,-25,0.95,Alemania,QRO-MQZ
1150,2026-05-11,2026-06-01,2026,5,1,21,1,11,129.1,1135.27,8.79,León,Tier1,29-SUS,Suspensión,2268.03,800,134,666,5.97,USA,QRO-CEL
1151,2021-05-01,2021-05-09,2021,5,6,8,1,5,150.5,1759.95,11.69,Celaya,Planta,70-SUS,Suspensión,3232.39,1824,203,1621,8.99,Alemania,QRO-CEL
1152,2025-05-19,2025-05-26,2025,5,1,7,1,4,88.2,1030.54,11.68,Corregidora,Taller,62-ARN,Arneses,3503.43,704,326,378,2.16,USA,QRO-SJR
1153,2026-05-04,2026-05-29,2026,5,1,25,1,18,37.5,613.68,16.36,León,Planta,27-ELE,Electrónica,1768.11,2885,368,2517,7.84,Alemania,QRO-SLP
1154,2025-03-13,2025-03-20,2025,3,4,7,1,4,175.4,3053.29,17.41,Corregidora,Tier1,43-FRE,Frenos,2378.13,401,657,-256,0.61,USA,QRO-MQZ
1155,2023-12-30,2024-01-01,2023,12,6,2,0,0,42.4,818,19.29,Corregidora,Taller,4-FRE,Frenos,2773.92,2500,334,2166,7.49,México,QRO-SLP
1156,2022-08-24,2022-08-28,2022,8,3,4,1,1,49.5,928.73,18.76,El Marqués,Taller,8-SEN,Sensores,4374.33,2187,777,1410,2.81,Alemania,QRO-CEL
1157,2023-08-10,2023-08-12,2023,8,4,2,0,0,47.6,547.2,11.5,El Marqués,Tier1,65-FRE,Frenos,3031.57,2001,416,1585,4.81,Japón,QRO-SJR
1158,2024-07-07,2024-07-08,2024,7,0,1,0,0,54.9,1029.9,18.76,Corregidora,Tier1,88-ELE,Electrónica,952.75,1483,288,1195,5.15,Japón,QRO-MQZ
1159,2023-06-24,2023-06-30,2023,6,6,6,1,3,258.4,3666.03,14.19,El Marqués,Tier1,91-ELE,Electrónica,4015.73,261,463,-202,0.56,Alemania,QRO-CEL
1160,2022-09-21,2022-09-28,2022,9,3,7,1,4,25.4,236.77,9.32,Corregidora,Tier1,77-ELE,Electrónica,761.01,3401,523,2878,6.5,Japón,QRO-MQZ
1161,2024-08-05,2024-08-11,2024,8,1,6,1,3,235.6,2450.31,10.4,Corregidora,Planta,20-SEN,Sensores,595.92,674,866,-192,0.78,China,QRO-SLP
1162,2024-01-04,2024-01-09,2024,1,4,5,1,2,18.1,354.12,19.56,Querétaro,Tier1,33-SUS,Suspensión,3309.06,3967,660,3307,6.01,Japón,QRO-MQZ
1163,2026-05-14,2026-05-31,2026,5,4,17,1,8,17.3,191.6,11.08,Corregidora,Distribuidor,52-SUS,Suspensión,2988.75,658,311,347,2.12,Alemania,QRO-SLP
1164,2023-03-18,2023-03-24,2023,3,6,6,1,3,27.8,548.95,19.75,San Luis Potosí,Tier1,7-ARN,Arneses,2965.42,1199,206,993,5.82,USA,QRO-SLP
1165,2026-05-11,2026-06-01,2026,5,1,21,1,11,165.8,2428.13,14.64,Celaya,Distribuidor,52-FRE,Frenos,1237.74,4520,880,3640,5.14,Alemania,QRO-SLP
1166,2021-07-22,2021-07-28,2021,7,4,6,1,3,124.7,1873.34,15.02,Celaya,Distribuidor,72-SEN,Sensores,2907.83,4310,751,3559,5.74,USA,QRO-MQZ
1167,2021-11-30,2021-12-02,2021,11,2,2,0,0,89.5,1683.42,18.81,El Marqués,Tier1,9-SEN,Sensores,3506.81,652,938,-286,0.7,México,QRO-CEL
1168,2026-02-15,2026-02-16,2026,2,0,1,0,0,278.8,4211.78,15.11,León,Tier1,19-ARN,Arneses,3708.16,4895,837,4058,5.85,Alemania,QRO-CEL
1169,2025-04-14,2025-04-17,2025,4,1,3,0,0,255.5,2175.8,8.52,Querétaro,Planta,53-SEN,Sensores,2001.95,4699,843,3856,5.57,China,QRO-CEL
1170,2024-03-01,2024-03-09,2024,3,5,8,1,5,317.5,3817.83,12.02,León,Tier1,72-FRE,Frenos,2982.1,4614,609,4005,7.58,Alemania,QRO-SJR
1171,2021-02-27,2021-03-07,2021,2,6,8,1,5,323.3,4119.84,12.74,Querétaro,Tier1,6-SEN,Sensores,1099.61,3877,502,3375,7.72,Japón,QRO-MQZ
1172,2026-05-02,2026-05-25,2026,5,6,23,1,20,82.6,859.3,10.4,Querétaro,Planta,27-ELE,Electrónica,1768.11,2885,368,2517,7.84,Japón,QRO-SJR
1173,2024-05-31,2024-06-06,2024,5,5,6,1,3,137,1833.95,13.39,Corregidora,Tier1,67-FRE,Frenos,2570.48,1579,719,860,2.2,Alemania,QRO-CEL
1174,2023-10-09,2023-10-13,2023,10,1,4,1,1,67.3,1047.24,15.56,Querétaro,Distribuidor,54-SEN,Sensores,2229.64,971,924,47,1.05,China,QRO-SJR
1175,2022-10-02,2022-10-09,2022,10,0,7,1,4,86.5,1512.88,17.49,Celaya,Planta,3-SUS,Suspensión,3159.17,1739,584,1155,2.98,Alemania,QRO-MQZ
1176,2022-07-10,2022-07-18,2022,7,0,8,1,5,289.8,5216,18,Corregidora,Planta,31-ELE,Electrónica,4149.51,2548,128,2420,19.91,USA,QRO-CEL
1177,2025-01-07,2025-01-10,2025,1,2,3,0,0,339.7,3838.51,11.3,San Luis Potosí,Tier1,7-ELE,Electrónica,246.58,4554,646,3908,7.05,Alemania,QRO-SLP
1178,2022-10-16,2022-10-18,2022,10,0,2,0,0,122.4,2105.86,17.2,Celaya,Distribuidor,82-FRE,Frenos,3559.78,1290,296,994,4.36,China,QRO-CEL
1179,2026-05-18,2026-05-27,2026,5,1,9,1,4,193.4,2021.09,10.45,El Marqués,Taller,65-SUS,Suspensión,3449.87,4345,595,3750,7.3,México,QRO-CEL
1180,2026-05-25,2026-06-09,2026,5,1,15,0,0,158,1779.02,11.26,Corregidora,Distribuidor,26-FRE,Frenos,4994.24,4421,624,3797,7.08,China,QRO-SLP
1181,2026-05-19,2026-05-28,2026,5,2,9,1,3,12.6,208.62,16.56,Querétaro,Planta,48-ELE,Electrónica,2929.89,2314,767,1547,3.02,Alemania,QRO-SJR
1182,2026-04-20,2026-04-28,2026,4,1,8,1,5,153.9,1917.13,12.46,San Luis Potosí,Tier1,94-FRE,Frenos,4473.89,3060,162,2898,18.89,USA,QRO-SJR
1183,2022-06-22,2022-06-26,2022,6,3,4,1,1,119.4,1984.66,16.62,El Marqués,Tier1,19-SEN,Sensores,1116.53,4535,959,3576,4.73,China,QRO-SLP
1184,2026-05-11,2026-05-30,2026,5,1,19,1,11,287.9,3987.1,13.85,Querétaro,Tier1,42-SEN,Sensores,534.52,117,157,-40,0.75,Alemania,QRO-MQZ
1185,2026-05-07,2026-05-30,2026,5,4,23,1,15,328.5,5669.09,17.26,El Marqués,Tier1,76-SUS,Suspensión,1064.99,2521,492,2029,5.12,Alemania,QRO-SJR
1186,2024-01-17,2024-01-18,2024,1,3,1,0,0,344.9,6503.14,18.86,El Marqués,Taller,20-ELE,Electrónica,4578.72,3498,121,3377,28.91,China,QRO-CEL
1187,2025-03-10,2025-03-12,2025,3,1,2,0,0,235.7,4381.44,18.59,San Luis Potosí,Tier1,58-ELE,Electrónica,2903.09,691,258,433,2.68,Alemania,QRO-MQZ
1188,2021-02-21,2021-02-22,2021,2,0,1,0,0,236.3,2923.06,12.37,San Luis Potosí,Tier1,34-FRE,Frenos,1708.23,2340,807,1533,2.9,Alemania,QRO-SLP
1189,2024-09-23,2024-09-24,2024,9,1,1,0,0,13,175.13,13.47,Querétaro,Tier1,82-ELE,Electrónica,4169.44,3032,267,2765,11.36,China,QRO-SJR
1190,2026-05-24,2026-05-29,2026,5,0,5,0,0,70.3,1280.78,18.22,Querétaro,Tier1,53-SEN,Sensores,2001.95,4699,843,3856,5.57,Alemania,QRO-SLP
1191,2026-05-22,2026-05-29,2026,5,5,7,0,0,238.8,3193.96,13.38,Celaya,Tier1,27-FRE,Frenos,4045.05,2920,947,1973,3.08,Japón,QRO-CEL
1192,2026-05-17,2026-05-30,2026,5,0,13,1,5,34.8,340.82,9.79,San Luis Potosí,Tier1,55-SUS,Suspensión,105.27,1887,966,921,1.95,Japón,QRO-SLP
1193,2023-07-24,2023-07-30,2023,7,1,6,1,3,224.9,4228.3,18.8,León,Planta,88-FRE,Frenos,4043.96,2439,113,2326,21.58,Alemania,QRO-SJR
1194,2026-05-06,2026-06-01,2026,5,3,26,1,16,234,3194.14,13.65,El Marqués,Taller,60-SEN,Sensores,4618.25,4938,354,4584,13.95,Alemania,QRO-SLP
1195,2023-07-12,2023-07-19,2023,7,3,7,1,4,74.2,996.7,13.43,Celaya,Tier1,55-FRE,Frenos,3030.18,3583,896,2687,4,México,QRO-MQZ
1196,2022-12-25,2022-12-30,2022,12,0,5,1,2,17.1,191.97,11.23,León,Tier1,32-ARN,Arneses,1534.06,183,367,-184,0.5,México,QRO-SLP
1197,2025-03-12,2025-03-16,2025,3,3,4,1,1,162.2,1964.72,12.11,Corregidora,Distribuidor,58-FRE,Frenos,4382.22,4184,377,3807,11.1,Japón,QRO-CEL
1198,2026-05-13,2026-05-29,2026,5,3,16,1,9,167.5,2875.29,17.17,León,Planta,15-SEN,Sensores,4743.16,142,448,-306,0.32,USA,QRO-SJR
1199,2021-02-04,2021-02-09,2021,2,4,5,1,2,126.2,1538.74,12.19,Querétaro,Tier1,13-FRE,Frenos,1618.96,1055,651,404,1.62,USA,QRO-SJR
1200,2026-05-02,2026-05-25,2026,5,6,23,1,20,112,1642.93,14.67,Querétaro,Tier1,44-ELE,Electrónica,1705.75,4295,341,3954,12.6,USA,QRO-SJR
1201,2026-05-20,2026-06-02,2026,5,3,13,1,2,334.5,4043.95,12.09,El Marqués,Tier1,94-SUS,Suspensión,345.62,2291,202,2089,11.34,Japón,QRO-SJR
1202,2026-05-01,2026-05-29,2026,5,5,28,1,21,55.5,634.75,11.44,Querétaro,Tier1,55-FRE,Frenos,3030.18,3583,896,2687,4,China,QRO-MQZ
1203,2026-05-05,2026-05-31,2026,5,2,26,1,17,199.9,2802.86,14.02,Querétaro,Tier1,57-SEN,Sensores,1514.51,438,789,-351,0.56,Alemania,QRO-CEL
1204,2026-05-08,2026-05-29,2026,5,5,21,1,14,105,933.25,8.89,León,Planta,59-SUS,Suspensión,149.53,1044,359,685,2.91,China,QRO-SJR
1205,2023-08-01,2023-08-09,2023,8,2,8,1,5,202.7,1845.29,9.1,El Marqués,Taller,66-ELE,Electrónica,1657.94,1756,172,1584,10.21,Japón,QRO-CEL
1206,2026-05-11,2026-05-25,2026,5,1,14,1,11,216.7,2025.99,9.35,León,Tier1,31-FRE,Frenos,259.79,2493,478,2015,5.22,USA,QRO-CEL
1207,2023-03-13,2023-03-14,2023,3,1,1,0,0,115.5,1562.99,13.53,San Luis Potosí,Planta,86-ARN,Arneses,2813.21,4833,175,4658,27.62,Japón,QRO-CEL
1208,2026-05-21,2026-05-25,2026,5,4,4,1,1,101.7,1712.75,16.84,Querétaro,Distribuidor,60-FRE,Frenos,4591.5,2619,968,1651,2.71,Alemania,QRO-SLP
1209,2026-05-12,2026-05-28,2026,5,2,16,1,10,314,3625.93,11.55,El Marqués,Tier1,97-ELE,Electrónica,2011.22,862,727,135,1.19,USA,QRO-CEL
1210,2022-12-22,2022-12-27,2022,12,4,5,1,2,121.1,1547.28,12.78,El Marqués,Taller,24-ELE,Electrónica,4055.81,2955,652,2303,4.53,USA,QRO-MQZ
1211,2023-08-09,2023-08-12,2023,8,3,3,0,0,140.3,1225.1,8.73,Querétaro,Planta,82-ARN,Arneses,1708.12,766,973,-207,0.79,China,QRO-CEL
1212,2023-07-22,2023-07-30,2023,7,6,8,1,5,117.3,1082.62,9.23,Celaya,Distribuidor,64-ELE,Electrónica,4488.81,2018,103,1915,19.59,USA,QRO-SJR
1213,2026-05-11,2026-05-29,2026,5,1,18,1,11,53.4,779.69,14.6,Querétaro,Tier1,72-FRE,Frenos,2982.1,4614,609,4005,7.58,Alemania,QRO-CEL
1214,2026-05-24,2026-05-30,2026,5,0,6,0,0,66.4,555.3,8.36,San Juan del Río,Planta,70-ELE,Electrónica,1470.68,4676,492,4184,9.5,USA,QRO-SLP
1215,2026-05-25,2026-06-05,2026,5,1,11,0,0,102,1841.92,18.06,Celaya,Distribuidor,39-FRE,Frenos,1372.38,2726,706,2020,3.86,USA,QRO-MQZ
1216,2025-09-15,2025-09-19,2025,9,1,4,1,1,171.9,3422.74,19.91,Celaya,Planta,3-SEN,Sensores,523.6,1191,770,421,1.55,China,QRO-SJR
1217,2025-10-01,2025-10-07,2025,10,3,6,1,3,257.4,3637.05,14.13,Celaya,Planta,89-SUS,Suspensión,3420.66,3727,958,2769,3.89,China,QRO-SLP
1218,2026-05-08,2026-05-27,2026,5,5,19,1,14,293.6,4782.17,16.29,San Juan del Río,Planta,69-FRE,Frenos,186.87,4709,419,4290,11.24,USA,QRO-SLP
1219,2026-05-16,2026-06-01,2026,5,6,16,1,6,324.2,6285.1,19.39,Querétaro,Planta,31-ELE,Electrónica,4149.51,2548,128,2420,19.91,USA,QRO-SJR
1220,2026-04-20,2026-04-26,2026,4,1,6,1,3,145.9,1961.58,13.44,Querétaro,Distribuidor,45-SEN,Sensores,754.06,1135,113,1022,10.04,México,QRO-MQZ
1221,2026-05-11,2026-06-01,2026,5,1,21,1,11,261.6,2556.88,9.77,Corregidora,Planta,75-ARN,Arneses,783.6,3454,262,3192,13.18,Alemania,QRO-SLP
1222,2023-02-23,2023-02-28,2023,2,4,5,1,2,343.4,3072.89,8.95,Corregidora,Planta,14-ELE,Electrónica,1218.61,173,107,66,1.62,Japón,QRO-SLP
1223,2023-02-02,2023-02-10,2023,2,4,8,1,5,277.7,2952.59,10.63,Querétaro,Planta,81-SEN,Sensores,3476.55,1073,855,218,1.25,México,QRO-MQZ
1224,2024-11-23,2024-11-27,2024,11,6,4,1,1,289.7,2564.26,8.85,San Juan del Río,Tier1,75-ARN,Arneses,783.6,3454,262,3192,13.18,China,QRO-SLP
1225,2023-08-01,2023-08-04,2023,8,2,3,0,0,112.2,1208.09,10.77,San Juan del Río,Planta,77-ELE,Electrónica,761.01,3401,523,2878,6.5,Japón,QRO-MQZ
1226,2026-05-03,2026-05-28,2026,5,0,25,1,19,191.5,3366.51,17.58,León,Tier1,95-ARN,Arneses,3304.01,4822,472,4350,10.22,China,QRO-SJR
1227,2021-04-27,2021-04-29,2021,4,2,2,0,0,328.2,3818.56,11.63,Querétaro,Distribuidor,69-SEN,Sensores,2210.85,4509,513,3996,8.79,USA,QRO-MQZ
1228,2023-10-20,2023-10-24,2023,10,5,4,1,1,268.1,3685.25,13.75,Celaya,Tier1,19-SUS,Suspensión,4085.71,2770,814,1956,3.4,Japón,QRO-CEL
1229,2026-05-16,2026-05-25,2026,5,6,9,1,6,240.4,3425.81,14.25,San Juan del Río,Planta,58-ELE,Electrónica,2903.09,691,258,433,2.68,México,QRO-CEL
1230,2023-07-21,2023-07-23,2023,7,5,2,0,0,35.2,477.74,13.57,Corregidora,Planta,98-ARN,Arneses,3240.05,314,373,-59,0.84,USA,QRO-MQZ
1231,2026-05-02,2026-05-27,2026,5,6,25,1,20,65.3,1117.98,17.12,León,Taller,49-ELE,Electrónica,3034.43,2749,539,2210,5.1,Alemania,QRO-SLP
1232,2026-05-21,2026-05-26,2026,5,4,5,1,1,163.4,1507.67,9.23,Corregidora,Distribuidor,36-ARN,Arneses,142.04,4438,157,4281,28.27,México,QRO-SLP
1233,2026-05-11,2026-05-29,2026,5,1,18,1,11,81.5,1125.34,13.81,San Luis Potosí,Planta,76-FRE,Frenos,3738.99,1682,676,1006,2.49,China,QRO-MQZ
1234,2025-05-12,2025-05-18,2025,5,1,6,1,3,302.1,3431.83,11.36,León,Tier1,73-SEN,Sensores,1840.37,2686,730,1956,3.68,Alemania,QRO-MQZ
1235,2023-06-03,2023-06-05,2023,6,6,2,0,0,106.9,1193.05,11.16,San Luis Potosí,Taller,1-SUS,Suspensión,3019.89,3188,814,2374,3.92,China,QRO-SLP
1236,2023-12-12,2023-12-13,2023,12,2,1,0,0,14.9,260.26,17.47,Corregidora,Tier1,48-SUS,Suspensión,3762.52,1609,412,1197,3.91,China,QRO-MQZ
1237,2026-05-04,2026-05-26,2026,5,1,22,1,18,50.2,697.99,13.9,San Juan del Río,Tier1,43-ELE,Electrónica,2094.4,1745,174,1571,10.03,Alemania,QRO-SJR
1238,2026-05-22,2026-05-27,2026,5,5,5,0,0,80,701.01,8.76,Celaya,Tier1,80-SUS,Suspensión,3018.8,2364,799,1565,2.96,Alemania,QRO-CEL
1239,2026-05-18,2026-05-30,2026,5,1,12,1,4,76.7,871.89,11.37,Celaya,Tier1,6-FRE,Frenos,4765.97,4975,994,3981,5.01,China,QRO-CEL
1240,2026-05-02,2026-05-30,2026,5,6,28,1,20,188.9,2205.15,11.67,León,Tier1,10-SEN,Sensores,4186.41,1042,960,82,1.09,México,QRO-MQZ
1241,2024-08-25,2024-08-27,2024,8,0,2,0,0,182.6,2625.73,14.38,San Juan del Río,Tier1,76-SUS,Suspensión,1064.99,2521,492,2029,5.12,Alemania,QRO-MQZ
1242,2022-12-02,2022-12-06,2022,12,5,4,1,1,51,578.74,11.35,San Juan del Río,Taller,74-ELE,Electrónica,4728.06,3772,558,3214,6.76,China,QRO-CEL
1243,2022-07-11,2022-07-16,2022,7,1,5,1,2,216.2,3885.49,17.97,San Juan del Río,Tier1,6-SUS,Suspensión,2576.41,2042,642,1400,3.18,México,QRO-SJR
1244,2023-06-21,2023-06-29,2023,6,3,8,1,5,214.2,3401.03,15.88,El Marqués,Taller,62-FRE,Frenos,4762.92,2484,760,1724,3.27,México,QRO-SJR
1245,2024-03-16,2024-03-24,2024,3,6,8,1,5,288.9,3125.92,10.82,Querétaro,Tier1,91-ARN,Arneses,3259.69,1994,705,1289,2.83,Alemania,QRO-SJR
1246,2024-05-11,2024-05-18,2024,5,6,7,1,4,106.6,2121.76,19.9,León,Taller,15-SEN,Sensores,4743.16,142,448,-306,0.32,USA,QRO-SJR
1247,2026-05-21,2026-05-30,2026,5,4,9,1,1,70.8,1125.31,15.89,El Marqués,Taller,50-ARN,Arneses,2901.33,2029,792,1237,2.56,Japón,QRO-SJR
1248,2026-05-25,2026-06-03,2026,5,1,9,0,0,39.2,663.19,16.92,San Luis Potosí,Tier1,22-SEN,Sensores,4518.66,3974,785,3189,5.06,USA,QRO-CEL
1249,2024-06-24,2024-06-27,2024,6,1,3,0,0,332.4,3793.86,11.41,Celaya,Planta,46-ARN,Arneses,2665.1,3109,331,2778,9.39,México,QRO-CEL
1250,2023-04-08,2023-04-09,2023,4,6,1,0,0,275.6,5360.73,19.45,El Marqués,Planta,83-SEN,Sensores,3044.98,1762,882,880,2,México,QRO-SJR
1251,2026-05-22,2026-06-05,2026,5,5,14,0,0,208.9,2605.04,12.47,Celaya,Distribuidor,35-ELE,Electrónica,1141.28,3576,681,2895,5.25,China,QRO-SJR
1252,2023-10-17,2023-10-23,2023,10,2,6,1,3,259.2,4897.76,18.9,Corregidora,Distribuidor,7-SUS,Suspensión,3185.28,4440,570,3870,7.79,México,QRO-MQZ
1253,2022-05-30,2022-06-06,2022,5,1,7,1,4,332,6272.35,18.89,Celaya,Tier1,50-ARN,Arneses,2901.33,2029,792,1237,2.56,USA,QRO-CEL
1254,2022-02-26,2022-03-01,2022,2,6,3,0,0,258,2968.78,11.51,San Juan del Río,Planta,61-FRE,Frenos,2992.6,2417,256,2161,9.44,USA,QRO-MQZ
1255,2026-05-07,2026-05-31,2026,5,4,24,1,15,87.8,1489.72,16.97,Querétaro,Tier1,45-ARN,Arneses,944.57,3020,180,2840,16.78,Japón,QRO-SLP
1256,2026-05-10,2026-05-27,2026,5,0,17,1,12,339.4,5587.93,16.46,Celaya,Distribuidor,86-SEN,Sensores,2869.97,158,622,-464,0.25,China,QRO-MQZ
1257,2024-11-28,2024-12-01,2024,11,4,3,0,0,128.9,1407.9,10.92,Querétaro,Planta,8-SEN,Sensores,4374.33,2187,777,1410,2.81,USA,QRO-SJR
1258,2022-10-31,2022-11-04,2022,10,1,4,1,1,223.1,3231.28,14.48,León,Taller,88-SEN,Sensores,674.64,467,107,360,4.36,Japón,QRO-MQZ
1259,2025-07-16,2025-07-19,2025,7,3,3,0,0,108.3,1943.16,17.94,Querétaro,Distribuidor,91-FRE,Frenos,4291.8,4493,112,4381,40.12,USA,QRO-MQZ
1260,2022-03-01,2022-03-02,2022,3,2,1,0,0,45.3,732.29,16.17,El Marqués,Taller,81-SEN,Sensores,3476.55,1073,855,218,1.25,China,QRO-SJR
1261,2026-05-05,2026-05-31,2026,5,2,26,1,17,103.4,883.99,8.55,El Marqués,Taller,71-SUS,Suspensión,1916.47,1253,659,594,1.9,México,QRO-SLP
1262,2026-05-20,2026-05-25,2026,5,3,5,1,2,330.5,3002.16,9.08,Corregidora,Distribuidor,98-SUS,Suspensión,1541.04,2575,226,2349,11.39,China,QRO-SJR
1263,2026-05-13,2026-05-30,2026,5,3,17,1,9,295.8,5385.69,18.21,León,Tier1,98-SUS,Suspensión,1541.04,2575,226,2349,11.39,Japón,QRO-SJR
1264,2026-05-08,2026-06-01,2026,5,5,24,1,14,198.7,1816.49,9.14,Celaya,Planta,78-FRE,Frenos,641.45,617,398,219,1.55,China,QRO-MQZ
1265,2026-05-17,2026-05-31,2026,5,0,14,1,5,221.6,3016.71,13.61,Corregidora,Tier1,12-FRE,Frenos,2256.16,1344,843,501,1.59,China,QRO-MQZ
1266,2021-09-18,2021-09-26,2021,9,6,8,1,5,295.3,4672.74,15.82,San Luis Potosí,Tier1,31-SUS,Suspensión,414.84,3309,482,2827,6.87,Japón,QRO-SLP
1267,2023-11-01,2023-11-07,2023,11,3,6,1,3,66,1120.01,16.97,Celaya,Distribuidor,100-ARN,Arneses,1116.73,659,716,-57,0.92,Japón,QRO-SLP
1268,2024-01-16,2024-01-20,2024,1,2,4,1,1,133.6,1947.71,14.58,San Juan del Río,Planta,26-FRE,Frenos,4994.24,4421,624,3797,7.08,Japón,QRO-CEL
1269,2026-05-08,2026-06-01,2026,5,5,24,1,14,299.6,5728.61,19.12,El Marqués,Distribuidor,29-ELE,Electrónica,1560,2476,616,1860,4.02,México,QRO-MQZ
1270,2024-08-31,2024-09-03,2024,8,6,3,0,0,285.3,3713.35,13.02,San Luis Potosí,Planta,4-ELE,Electrónica,1583.34,802,919,-117,0.87,USA,QRO-MQZ
1271,2025-10-29,2025-11-05,2025,10,3,7,1,4,11.6,215.42,18.57,Corregidora,Distribuidor,6-SEN,Sensores,1099.61,3877,502,3375,7.72,México,QRO-SLP
1272,2024-08-23,2024-08-25,2024,8,5,2,0,0,133,1718.35,12.92,Querétaro,Tier1,13-ARN,Arneses,1454.25,4822,879,3943,5.49,China,QRO-CEL
1273,2023-05-14,2023-05-17,2023,5,0,3,0,0,29.4,241.46,8.21,San Juan del Río,Tier1,32-SEN,Sensores,1196.78,3120,728,2392,4.29,USA,QRO-SLP
1274,2021-11-27,2021-12-04,2021,11,6,7,1,4,272.3,4871.34,17.89,Celaya,Distribuidor,21-SUS,Suspensión,3922.67,482,217,265,2.22,México,QRO-SJR
1275,2022-02-17,2022-02-21,2022,2,4,4,1,1,52.8,658.21,12.47,Corregidora,Planta,52-ARN,Arneses,4854.61,3039,358,2681,8.49,Alemania,QRO-CEL
1276,2026-05-20,2026-05-26,2026,5,3,6,1,2,267.4,3454.26,12.92,El Marqués,Tier1,72-FRE,Frenos,2982.1,4614,609,4005,7.58,Alemania,QRO-SLP
1277,2026-05-25,2026-06-07,2026,5,1,13,0,0,306.3,4657.5,15.21,El Marqués,Planta,8-SUS,Suspensión,926.42,4541,250,4291,18.16,China,QRO-MQZ
1278,2022-10-24,2022-10-25,2022,10,1,1,0,0,242.6,4112.14,16.95,Corregidora,Tier1,64-ELE,Electrónica,4488.81,2018,103,1915,19.59,USA,QRO-MQZ
1279,2026-05-13,2026-05-31,2026,5,3,18,1,9,28.8,391.79,13.6,El Marqués,Distribuidor,76-SEN,Sensores,3690.33,3173,898,2275,3.53,Japón,QRO-SJR
1280,2026-05-13,2026-05-28,2026,5,3,15,1,9,195,2455.78,12.59,Querétaro,Distribuidor,10-ELE,Electrónica,3951.78,1728,872,856,1.98,USA,QRO-SJR
1281,2026-05-13,2026-05-29,2026,5,3,16,1,9,92.7,1804.99,19.47,San Juan del Río,Planta,18-FRE,Frenos,2478.97,2322,407,1915,5.71,China,QRO-CEL
1282,2026-05-11,2026-05-31,2026,5,1,20,1,11,20.4,176.69,8.66,Querétaro,Tier1,73-SEN,Sensores,1840.37,2686,730,1956,3.68,Japón,QRO-SJR
1283,2023-08-24,2023-08-27,2023,8,4,3,0,0,295.2,2652.61,8.99,Corregidora,Distribuidor,83-SUS,Suspensión,3433.69,358,401,-43,0.89,USA,QRO-SLP
1284,2026-05-20,2026-05-30,2026,5,3,10,1,2,220.6,3505.18,15.89,San Luis Potosí,Taller,53-SUS,Suspensión,2062.9,3440,719,2721,4.78,México,QRO-CEL
1285,2026-05-03,2026-05-25,2026,5,0,22,1,19,174.6,2232.49,12.79,Querétaro,Planta,86-ELE,Electrónica,4667.98,3468,649,2819,5.34,México,QRO-CEL
1286,2023-09-07,2023-09-11,2023,9,4,4,1,1,228.3,4351.12,19.06,León,Taller,26-SUS,Suspensión,4121.98,3676,530,3146,6.94,México,QRO-SLP
1287,2026-05-08,2026-05-27,2026,5,5,19,1,14,50.5,616.83,12.21,El Marqués,Tier1,22-SEN,Sensores,4518.66,3974,785,3189,5.06,México,QRO-MQZ
1288,2024-01-07,2024-01-11,2024,1,0,4,1,1,269.3,4397.22,16.33,León,Planta,73-SEN,Sensores,1840.37,2686,730,1956,3.68,Alemania,QRO-SLP
1289,2026-05-02,2026-05-27,2026,5,6,25,1,20,117.9,1528.93,12.97,Querétaro,Tier1,91-SEN,Sensores,4666.99,2159,152,2007,14.2,USA,QRO-SJR
1290,2025-09-05,2025-09-11,2025,9,5,6,1,3,258,4687.16,18.17,Querétaro,Tier1,6-ELE,Electrónica,1689.54,135,497,-362,0.27,Alemania,QRO-CEL
1291,2022-12-17,2022-12-25,2022,12,6,8,1,5,40.9,379.54,9.28,San Luis Potosí,Tier1,15-FRE,Frenos,886.52,1011,947,64,1.07,Alemania,QRO-SLP
1292,2026-05-16,2026-05-30,2026,5,6,14,1,6,276.6,4424.58,16,San Juan del Río,Planta,56-SEN,Sensores,1253.34,3707,620,3087,5.98,Japón,QRO-SLP
1293,2023-05-23,2023-05-29,2023,5,2,6,1,3,316.2,4357.89,13.78,Celaya,Tier1,88-ELE,Electrónica,952.75,1483,288,1195,5.15,Alemania,QRO-SLP
1294,2023-08-10,2023-08-15,2023,8,4,5,1,2,54.1,761.61,14.08,Corregidora,Tier1,29-SEN,Sensores,3933.04,3258,672,2586,4.85,China,QRO-MQZ
1295,2025-06-22,2025-06-29,2025,6,0,7,1,4,110.1,1525.68,13.86,El Marqués,Taller,45-FRE,Frenos,1728.34,1258,154,1104,8.17,USA,QRO-SLP
1296,2024-01-21,2024-01-29,2024,1,0,8,1,5,263.7,2688.35,10.19,Celaya,Planta,62-SUS,Suspensión,2758.99,4916,257,4659,19.13,USA,QRO-SJR
1297,2022-11-24,2022-11-28,2022,11,4,4,1,1,14.6,179.29,12.28,Corregidora,Tier1,40-SEN,Sensores,1730.14,4560,975,3585,4.68,China,QRO-SJR
1298,2023-01-11,2023-01-16,2023,1,3,5,1,2,234.2,4225.43,18.04,San Luis Potosí,Tier1,13-SEN,Sensores,1929.65,2670,406,2264,6.58,Japón,QRO-SLP
1299,2021-07-21,2021-07-27,2021,7,3,6,1,3,207.9,2005.17,9.64,San Luis Potosí,Planta,67-SEN,Sensores,1150.29,310,108,202,2.87,Japón,QRO-SLP
1300,2021-12-03,2021-12-07,2021,12,5,4,1,1,295.4,2456.83,8.32,Celaya,Taller,12-SEN,Sensores,4736.13,22,333,-311,0.07,China,QRO-MQZ
1301,2026-05-08,2026-05-25,2026,5,5,17,1,14,185.7,2287.08,12.32,Querétaro,Planta,82-SEN,Sensores,1389.69,82,257,-175,0.32,México,QRO-MQZ
1302,2023-06-03,2023-06-04,2023,6,6,1,0,0,95.4,1587.48,16.64,León,Taller,62-ARN,Arneses,3503.43,704,326,378,2.16,Alemania,QRO-CEL
1303,2021-11-27,2021-12-02,2021,11,6,5,1,2,95.4,1580.43,16.57,San Juan del Río,Tier1,66-SUS,Suspensión,3813.62,870,354,516,2.46,Alemania,QRO-CEL
1304,2025-04-27,2025-04-28,2025,4,0,1,0,0,314.1,3244.72,10.33,El Marqués,Taller,10-SEN,Sensores,4186.41,1042,960,82,1.09,USA,QRO-CEL
1305,2021-05-31,2021-06-08,2021,5,1,8,1,5,95.3,1699.17,17.83,Querétaro,Taller,89-ARN,Arneses,2647.36,4434,738,3696,6.01,México,QRO-SJR
1306,2025-04-06,2025-04-09,2025,4,0,3,0,0,30.8,474.66,15.41,San Juan del Río,Planta,32-ELE,Electrónica,2499.14,1034,842,192,1.23,Japón,QRO-SJR
1307,2024-03-21,2024-03-22,2024,3,4,1,0,0,176.6,1915.61,10.85,El Marqués,Tier1,23-ELE,Electrónica,1997.95,1627,354,1273,4.6,México,QRO-SJR
1308,2021-05-04,2021-05-11,2021,5,2,7,1,4,39.8,402.39,10.11,San Luis Potosí,Planta,70-ARN,Arneses,1874.06,2106,688,1418,3.06,Alemania,QRO-SLP
1309,2022-02-08,2022-02-12,2022,2,2,4,1,1,188.4,2619.11,13.9,El Marqués,Distribuidor,67-FRE,Frenos,2570.48,1579,719,860,2.2,Japón,QRO-SLP
1310,2021-08-29,2021-09-06,2021,8,0,8,1,5,13.4,141.17,10.54,El Marqués,Taller,45-FRE,Frenos,1728.34,1258,154,1104,8.17,Alemania,QRO-CEL
1311,2022-11-12,2022-11-19,2022,11,6,7,1,4,140.1,2775.23,19.81,San Luis Potosí,Tier1,62-ELE,Electrónica,4147.27,4050,501,3549,8.08,Japón,QRO-CEL
1312,2021-07-02,2021-07-09,2021,7,5,7,1,4,291.5,4675.24,16.04,San Juan del Río,Planta,36-SUS,Suspensión,787.36,3511,115,3396,30.53,China,QRO-CEL
1313,2024-06-15,2024-06-20,2024,6,6,5,1,2,329.4,5814.51,17.65,Corregidora,Distribuidor,96-SEN,Sensores,4971.73,4377,915,3462,4.78,México,QRO-CEL
1314,2023-10-24,2023-11-01,2023,10,2,8,1,5,57.4,982.9,17.12,León,Planta,23-SUS,Suspensión,3508.58,2134,799,1335,2.67,Japón,QRO-MQZ
1315,2021-11-04,2021-11-09,2021,11,4,5,1,2,251.1,3895.28,15.51,León,Tier1,86-SUS,Suspensión,1070.24,3068,901,2167,3.41,Japón,QRO-SJR
1316,2026-02-27,2026-03-02,2026,2,5,3,0,0,98.9,812.6,8.22,El Marqués,Tier1,8-ARN,Arneses,3605.24,2185,615,1570,3.55,China,QRO-SLP
1317,2023-09-04,2023-09-06,2023,9,1,2,0,0,86.1,804.2,9.34,San Juan del Río,Planta,10-ARN,Arneses,1421.89,2478,555,1923,4.46,USA,QRO-MQZ
1318,2021-01-04,2021-01-10,2021,1,1,6,1,3,339.5,6157.64,18.14,San Juan del Río,Planta,55-ELE,Electrónica,4107.15,2573,998,1575,2.58,China,QRO-SLP
1319,2022-03-31,2022-04-05,2022,3,4,5,1,2,322.9,3428.72,10.62,León,Planta,100-ARN,Arneses,1116.73,659,716,-57,0.92,México,QRO-MQZ
1320,2026-05-14,2026-05-31,2026,5,4,17,1,8,29.7,548.38,18.46,Corregidora,Tier1,38-SEN,Sensores,3074.64,1377,629,748,2.19,México,QRO-CEL
1321,2026-05-20,2026-05-31,2026,5,3,11,1,2,128.6,2143.9,16.67,San Juan del Río,Planta,66-ELE,Electrónica,1657.94,1756,172,1584,10.21,Alemania,QRO-SJR
1322,2022-04-01,2022-04-02,2022,4,5,1,0,0,334.4,4665.49,13.95,Corregidora,Distribuidor,73-ELE,Electrónica,2426.23,644,258,386,2.5,Japón,QRO-SLP
1323,2026-05-23,2026-06-06,2026,5,6,14,0,0,97.3,1809.59,18.6,San Juan del Río,Planta,96-ARN,Arneses,1067.24,3998,883,3115,4.53,China,QRO-CEL
1324,2022-11-09,2022-11-10,2022,11,3,1,0,0,261.4,3244.51,12.41,Querétaro,Distribuidor,50-FRE,Frenos,3207.27,2881,413,2468,6.98,Japón,QRO-MQZ
1325,2026-05-16,2026-05-29,2026,5,6,13,1,6,181.8,2333.85,12.84,El Marqués,Taller,33-SEN,Sensores,4299.55,4446,746,3700,5.96,China,QRO-SLP
1326,2022-08-04,2022-08-05,2022,8,4,1,0,0,346.7,3329.93,9.6,Celaya,Distribuidor,95-ARN,Arneses,3304.01,4822,472,4350,10.22,USA,QRO-MQZ
1327,2026-05-01,2026-05-26,2026,5,5,25,1,21,91.7,1653.8,18.03,León,Planta,39-ARN,Arneses,1573.02,936,723,213,1.29,USA,QRO-SJR
1328,2025-03-27,2025-03-30,2025,3,4,3,0,0,158,1801.14,11.4,León,Planta,67-SUS,Suspensión,2907.17,4550,308,4242,14.77,China,QRO-SLP
1329,2023-11-03,2023-11-05,2023,11,5,2,0,0,43.3,399.64,9.23,Celaya,Planta,7-SUS,Suspensión,3185.28,4440,570,3870,7.79,Alemania,QRO-MQZ
1330,2026-05-06,2026-05-30,2026,5,3,24,1,16,195.8,3196.34,16.32,Celaya,Planta,41-FRE,Frenos,402.6,1519,142,1377,10.7,China,QRO-CEL
1331,2022-08-08,2022-08-11,2022,8,1,3,0,0,80.2,816.8,10.18,San Luis Potosí,Tier1,91-FRE,Frenos,4291.8,4493,112,4381,40.12,Alemania,QRO-SLP
1332,2022-03-10,2022-03-16,2022,3,4,6,1,3,170.6,3135.49,18.38,Corregidora,Tier1,28-SUS,Suspensión,2679.89,2559,178,2381,14.38,Japón,QRO-CEL
1333,2026-05-18,2026-05-31,2026,5,1,13,1,4,195.3,1653.84,8.47,Corregidora,Distribuidor,18-SEN,Sensores,2642.38,2763,311,2452,8.88,USA,QRO-SLP
1334,2023-07-31,2023-08-03,2023,7,1,3,0,0,18,313.41,17.41,Corregidora,Distribuidor,11-FRE,Frenos,495.05,2683,151,2532,17.77,Alemania,QRO-SLP
1335,2022-05-05,2022-05-08,2022,5,4,3,0,0,157,2715.75,17.3,San Luis Potosí,Tier1,22-FRE,Frenos,473.66,3099,887,2212,3.49,USA,QRO-SLP
1336,2022-04-24,2022-04-25,2022,4,0,1,0,0,278.5,3236.95,11.62,San Luis Potosí,Tier1,87-SUS,Suspensión,2152.64,3435,242,3193,14.19,China,QRO-SJR
1337,2024-07-30,2024-08-06,2024,7,2,7,1,4,28.6,518.89,18.14,San Juan del Río,Taller,78-ARN,Arneses,3156.74,4864,828,4036,5.87,China,QRO-MQZ
1338,2022-11-16,2022-11-22,2022,11,3,6,1,3,81.7,1152.25,14.1,León,Tier1,19-FRE,Frenos,2228.63,130,180,-50,0.72,China,QRO-MQZ
1339,2024-11-09,2024-11-14,2024,11,6,5,1,2,77.8,1098.1,14.11,San Juan del Río,Taller,78-FRE,Frenos,641.45,617,398,219,1.55,Alemania,QRO-CEL
1340,2022-05-07,2022-05-09,2022,5,6,2,0,0,237,2069.95,8.73,El Marqués,Tier1,23-SEN,Sensores,1056.26,3445,649,2796,5.31,Alemania,QRO-SJR
1341,2021-06-18,2021-06-25,2021,6,5,7,1,4,295,5883.44,19.94,Corregidora,Tier1,45-SUS,Suspensión,2909.13,3021,431,2590,7.01,Japón,QRO-SJR
1342,2026-05-14,2026-05-27,2026,5,4,13,1,8,73.5,892.99,12.15,Querétaro,Planta,8-SUS,Suspensión,926.42,4541,250,4291,18.16,USA,QRO-SJR
1343,2021-03-21,2021-03-23,2021,3,0,2,0,0,190.3,1824.69,9.59,San Luis Potosí,Tier1,69-FRE,Frenos,186.87,4709,419,4290,11.24,USA,QRO-MQZ
1344,2024-12-26,2025-01-02,2024,12,4,7,1,4,129.4,2346.33,18.13,Corregidora,Taller,83-SEN,Sensores,3044.98,1762,882,880,2,USA,QRO-SLP
1345,2025-10-18,2025-10-20,2025,10,6,2,0,0,46.8,439.19,9.38,Celaya,Distribuidor,46-ELE,Electrónica,2511.37,3579,173,3406,20.69,Alemania,QRO-CEL
1346,2021-01-25,2021-01-26,2021,1,1,1,0,0,46.3,723.09,15.62,El Marqués,Taller,99-SUS,Suspensión,1768.31,3450,251,3199,13.75,México,QRO-MQZ
1347,2025-04-28,2025-05-01,2025,4,1,3,0,0,43.5,555.39,12.77,Celaya,Tier1,9-FRE,Frenos,366.33,1374,473,901,2.9,Alemania,QRO-SLP
1348,2026-05-01,2026-05-30,2026,5,5,29,1,21,77.7,760.6,9.79,San Juan del Río,Tier1,5-ELE,Electrónica,92.23,1679,445,1234,3.77,USA,QRO-MQZ
1349,2021-05-30,2021-06-03,2021,5,0,4,1,1,79.5,1416.98,17.82,Celaya,Taller,80-SEN,Sensores,4961.03,2089,880,1209,2.37,Alemania,QRO-CEL
1350,2023-02-10,2023-02-17,2023,2,5,7,1,4,148,2015.62,13.62,San Luis Potosí,Planta,2-SEN,Sensores,600.41,659,569,90,1.16,USA,QRO-MQZ
1351,2023-02-13,2023-02-15,2023,2,1,2,0,0,25.6,503.87,19.68,León,Tier1,7-SEN,Sensores,2046.46,1410,596,814,2.37,México,QRO-SJR
1352,2023-08-09,2023-08-14,2023,8,3,5,1,2,48.3,712.72,14.76,El Marqués,Taller,43-ELE,Electrónica,2094.4,1745,174,1571,10.03,China,QRO-MQZ
1353,2022-02-21,2022-02-24,2022,2,1,3,0,0,126,1360.36,10.8,El Marqués,Taller,83-ELE,Electrónica,2047.97,1307,286,1021,4.57,China,QRO-MQZ
1354,2021-04-23,2021-04-27,2021,4,5,4,1,1,56.8,891.42,15.69,Corregidora,Planta,87-ELE,Electrónica,370.62,1029,479,550,2.15,Alemania,QRO-SLP
1355,2021-06-27,2021-07-01,2021,6,0,4,1,1,79.9,813.68,10.18,Querétaro,Distribuidor,47-SUS,Suspensión,1103.8,4418,319,4099,13.85,Alemania,QRO-SLP
1356,2025-07-23,2025-07-24,2025,7,3,1,0,0,276.5,3335.4,12.06,San Luis Potosí,Planta,77-FRE,Frenos,1286.73,3721,625,3096,5.95,China,QRO-MQZ
1357,2024-02-08,2024-02-16,2024,2,4,8,1,5,300,3111.11,10.37,León,Tier1,77-SUS,Suspensión,2408.66,2567,263,2304,9.76,China,QRO-MQZ
1358,2025-07-24,2025-07-29,2025,7,4,5,1,2,279.7,5006.52,17.9,Corregidora,Distribuidor,60-SUS,Suspensión,2653.99,2128,369,1759,5.77,Alemania,QRO-MQZ
1359,2026-05-18,2026-05-25,2026,5,1,7,1,4,108.7,1450.56,13.34,León,Tier1,71-SEN,Sensores,263.19,144,177,-33,0.81,USA,QRO-SLP
1360,2025-02-02,2025-02-06,2025,2,0,4,1,1,346.3,4727.63,13.65,San Luis Potosí,Taller,62-FRE,Frenos,4762.92,2484,760,1724,3.27,México,QRO-CEL
1361,2021-06-14,2021-06-21,2021,6,1,7,1,4,301.7,4777.8,15.84,El Marqués,Taller,27-SEN,Sensores,2154.77,2124,891,1233,2.38,USA,QRO-SLP
1362,2026-05-04,2026-05-30,2026,5,1,26,1,18,128.4,1240.12,9.66,Celaya,Distribuidor,93-ELE,Electrónica,3454.32,4964,773,4191,6.42,China,QRO-MQZ
1363,2025-02-05,2025-02-09,2025,2,3,4,1,1,196.4,1940.06,9.88,Corregidora,Distribuidor,85-SEN,Sensores,1521.2,2920,544,2376,5.37,Alemania,QRO-MQZ
1364,2023-12-29,2023-12-31,2023,12,5,2,0,0,224,3959.38,17.68,San Luis Potosí,Tier1,88-FRE,Frenos,4043.96,2439,113,2326,21.58,Japón,QRO-CEL
1365,2022-10-10,2022-10-16,2022,10,1,6,1,3,153.1,1444.34,9.43,Corregidora,Distribuidor,42-SEN,Sensores,534.52,117,157,-40,0.75,China,QRO-SLP
1366,2026-05-22,2026-05-29,2026,5,5,7,0,0,107.4,2094.29,19.5,San Luis Potosí,Tier1,69-SEN,Sensores,2210.85,4509,513,3996,8.79,China,QRO-SLP
1367,2021-01-15,2021-01-20,2021,1,5,5,1,2,290.3,3310.34,11.4,León,Taller,5-ARN,Arneses,2099.43,479,838,-359,0.57,USA,QRO-MQZ
1368,2025-06-19,2025-06-26,2025,6,4,7,1,4,40.1,753.81,18.8,Celaya,Planta,52-FRE,Frenos,1237.74,4520,880,3640,5.14,Japón,QRO-SLP
1369,2026-02-27,2026-03-01,2026,2,5,2,0,0,209.8,3214.95,15.32,Celaya,Planta,92-SEN,Sensores,4469.2,3130,154,2976,20.32,China,QRO-SJR
1370,2026-05-05,2026-05-27,2026,5,2,22,1,17,309.2,2925.06,9.46,Querétaro,Distribuidor,20-ELE,Electrónica,4578.72,3498,121,3377,28.91,Japón,QRO-CEL
1371,2026-05-24,2026-06-04,2026,5,0,11,0,0,41.3,765.93,18.55,El Marqués,Tier1,14-FRE,Frenos,3534.94,4023,455,3568,8.84,USA,QRO-SLP
1372,2024-03-03,2024-03-06,2024,3,0,3,0,0,215.8,3941.67,18.27,San Luis Potosí,Planta,22-FRE,Frenos,473.66,3099,887,2212,3.49,Japón,QRO-MQZ
1373,2024-09-03,2024-09-08,2024,9,2,5,1,2,206.1,1924.34,9.34,El Marqués,Taller,87-SEN,Sensores,1243.01,2731,878,1853,3.11,USA,QRO-SLP
1374,2022-03-18,2022-03-20,2022,3,5,2,0,0,142.9,1736.56,12.15,Corregidora,Planta,62-ARN,Arneses,3503.43,704,326,378,2.16,USA,QRO-MQZ
1375,2026-05-07,2026-05-26,2026,5,4,19,1,15,288.4,4128.27,14.31,Celaya,Distribuidor,13-ELE,Electrónica,1731.24,4181,159,4022,26.3,USA,QRO-SJR
1376,2026-05-22,2026-06-03,2026,5,5,12,0,0,73.7,1439.27,19.53,León,Taller,38-FRE,Frenos,2176.42,4632,529,4103,8.76,Alemania,QRO-CEL
1377,2025-02-12,2025-02-15,2025,2,3,3,0,0,319.5,5262.79,16.47,San Luis Potosí,Tier1,82-ELE,Electrónica,4169.44,3032,267,2765,11.36,Alemania,QRO-CEL
1378,2025-11-21,2025-11-28,2025,11,5,7,1,4,343.6,4071,11.85,Querétaro,Tier1,26-SEN,Sensores,2283.16,2773,396,2377,7,Japón,QRO-SJR
1379,2021-08-05,2021-08-06,2021,8,4,1,0,0,247.6,2028.26,8.19,León,Planta,75-FRE,Frenos,2586.79,1278,749,529,1.71,México,QRO-CEL
1380,2021-02-21,2021-02-28,2021,2,0,7,1,4,167.4,2327.51,13.9,San Juan del Río,Tier1,54-SEN,Sensores,2229.64,971,924,47,1.05,Japón,QRO-MQZ
1381,2026-01-10,2026-01-14,2026,1,6,4,1,1,322.5,5101.9,15.82,San Luis Potosí,Tier1,33-ARN,Arneses,4073.72,1315,307,1008,4.28,México,QRO-MQZ
1382,2026-05-14,2026-05-29,2026,5,4,15,1,8,340.6,4926.34,14.46,Celaya,Distribuidor,1-ELE,Electrónica,4919.31,1189,945,244,1.26,China,QRO-CEL
1383,2026-05-22,2026-05-30,2026,5,5,8,0,0,53.7,1014.64,18.89,Celaya,Tier1,68-ELE,Electrónica,428.16,3609,688,2921,5.25,China,QRO-MQZ
1384,2025-09-28,2025-10-05,2025,9,0,7,1,4,171.2,1420.2,8.3,León,Tier1,72-SEN,Sensores,2907.83,4310,751,3559,5.74,México,QRO-CEL
1385,2026-05-22,2026-06-06,2026,5,5,15,0,0,210.8,2880.82,13.67,San Luis Potosí,Tier1,55-SUS,Suspensión,105.27,1887,966,921,1.95,China,QRO-MQZ
1386,2022-10-18,2022-10-21,2022,10,2,3,0,0,286,3713.27,12.98,Corregidora,Tier1,47-FRE,Frenos,1952.37,1312,523,789,2.51,USA,QRO-CEL
1387,2026-05-23,2026-06-01,2026,5,6,9,0,0,203.8,2635.63,12.93,Corregidora,Tier1,12-SEN,Sensores,4736.13,22,333,-311,0.07,México,QRO-SLP
1388,2023-05-23,2023-05-29,2023,5,2,6,1,3,102.4,1577.15,15.4,León,Taller,82-SUS,Suspensión,998.09,2299,178,2121,12.92,USA,QRO-SJR
1389,2024-07-08,2024-07-15,2024,7,1,7,1,4,108.1,1398.91,12.94,Celaya,Planta,86-SUS,Suspensión,1070.24,3068,901,2167,3.41,México,QRO-SLP
1390,2026-05-22,2026-05-30,2026,5,5,8,0,0,105.3,1545.33,14.68,El Marqués,Distribuidor,37-SUS,Suspensión,1200.77,1755,358,1397,4.9,México,QRO-SJR
1391,2021-05-08,2021-05-15,2021,5,6,7,1,4,159.5,2624.5,16.45,Celaya,Planta,42-ARN,Arneses,4312.83,3536,833,2703,4.24,China,QRO-SLP
1392,2025-05-31,2025-06-04,2025,5,6,4,1,1,304.4,5184.16,17.03,Corregidora,Distribuidor,65-SEN,Sensores,3356.68,3642,308,3334,11.82,México,QRO-CEL
1393,2024-09-12,2024-09-18,2024,9,4,6,1,3,306.9,4218.35,13.75,Corregidora,Distribuidor,26-SEN,Sensores,2283.16,2773,396,2377,7,USA,QRO-CEL
1394,2026-05-14,2026-05-28,2026,5,4,14,1,8,255.9,2560.14,10,Celaya,Planta,19-ELE,Electrónica,3029.39,2447,372,2075,6.58,México,QRO-MQZ
1395,2026-05-25,2026-05-28,2026,5,1,3,0,0,184.6,2755.05,14.92,Querétaro,Tier1,56-SEN,Sensores,1253.34,3707,620,3087,5.98,China,QRO-SJR
1396,2021-02-24,2021-03-03,2021,2,3,7,1,4,51.4,813.32,15.82,El Marqués,Tier1,52-ELE,Electrónica,4788.22,421,203,218,2.07,Alemania,QRO-SLP
1397,2026-05-12,2026-05-31,2026,5,2,19,1,10,82.8,704.12,8.5,El Marqués,Tier1,21-ARN,Arneses,2688.88,472,527,-55,0.9,Japón,QRO-SJR
1398,2023-02-19,2023-02-21,2023,2,0,2,0,0,15.7,298.56,19.02,San Juan del Río,Tier1,4-ELE,Electrónica,1583.34,802,919,-117,0.87,México,QRO-MQZ
1399,2023-01-21,2023-01-26,2023,1,6,5,1,2,42.7,450.94,10.56,Celaya,Taller,55-SUS,Suspensión,105.27,1887,966,921,1.95,USA,QRO-CEL
1400,2026-05-05,2026-05-27,2026,5,2,22,1,17,260.5,3244.31,12.45,León,Tier1,59-FRE,Frenos,254.95,2883,557,2326,5.18,China,QRO-CEL
1401,2022-10-27,2022-11-04,2022,10,4,8,1,5,124.6,2053.66,16.48,Celaya,Taller,95-ELE,Electrónica,4863.69,3953,627,3326,6.3,USA,QRO-SJR
1402,2026-05-06,2026-05-30,2026,5,3,24,1,16,36.1,371.8,10.3,El Marqués,Planta,77-ARN,Arneses,4833.11,3865,647,3218,5.97,México,QRO-CEL
1403,2026-05-09,2026-05-31,2026,5,6,22,1,13,315.6,4703.85,14.9,San Luis Potosí,Tier1,46-ARN,Arneses,2665.1,3109,331,2778,9.39,USA,QRO-SJR
1404,2024-02-15,2024-02-22,2024,2,4,7,1,4,39.1,554.72,14.19,El Marqués,Taller,25-SUS,Suspensión,2863.6,1207,249,958,4.85,China,QRO-CEL
1405,2022-11-06,2022-11-13,2022,11,0,7,1,4,244.2,3054.7,12.51,Querétaro,Planta,65-SUS,Suspensión,3449.87,4345,595,3750,7.3,México,QRO-SJR
1406,2024-03-19,2024-03-24,2024,3,2,5,1,2,69.9,1097.06,15.69,Corregidora,Planta,44-SEN,Sensores,4770.35,1824,337,1487,5.41,Japón,QRO-SJR
1407,2022-05-28,2022-06-04,2022,5,6,7,1,4,188,1932.92,10.28,Celaya,Distribuidor,43-ARN,Arneses,913.85,1716,755,961,2.27,México,QRO-CEL
1408,2026-05-07,2026-05-29,2026,5,4,22,1,15,306.8,3932.2,12.82,Querétaro,Tier1,1-ARN,Arneses,3422.68,3382,224,3158,15.1,México,QRO-CEL
1409,2026-05-25,2026-06-05,2026,5,1,11,0,0,342.6,4865.07,14.2,León,Taller,46-ELE,Electrónica,2511.37,3579,173,3406,20.69,China,QRO-SLP
1410,2023-08-24,2023-08-25,2023,8,4,1,0,0,19.9,237.83,11.95,Celaya,Tier1,80-ELE,Electrónica,3933.63,4561,222,4339,20.55,Alemania,QRO-CEL
1411,2023-02-15,2023-02-23,2023,2,3,8,1,5,322.7,3881.22,12.03,El Marqués,Taller,96-SUS,Suspensión,3516.22,1894,371,1523,5.11,China,QRO-SJR
1412,2026-05-20,2026-05-27,2026,5,3,7,1,2,185.2,1688.96,9.12,San Luis Potosí,Tier1,22-SEN,Sensores,4518.66,3974,785,3189,5.06,China,QRO-MQZ
1413,2026-05-04,2026-05-25,2026,5,1,21,1,18,74,1122.74,15.17,Querétaro,Tier1,12-FRE,Frenos,2256.16,1344,843,501,1.59,Japón,QRO-SLP
1414,2026-05-02,2026-06-01,2026,5,6,30,1,20,201.3,1808.23,8.98,San Luis Potosí,Taller,95-ELE,Electrónica,4863.69,3953,627,3326,6.3,USA,QRO-CEL
1415,2023-02-13,2023-02-15,2023,2,1,2,0,0,117.6,2145.12,18.24,San Luis Potosí,Distribuidor,67-FRE,Frenos,2570.48,1579,719,860,2.2,México,QRO-CEL
1416,2021-08-19,2021-08-22,2021,8,4,3,0,0,281,4970.82,17.69,Querétaro,Planta,84-ARN,Arneses,1914.15,2582,463,2119,5.58,Japón,QRO-SLP
1417,2022-09-26,2022-10-02,2022,9,1,6,1,3,122.6,1713.45,13.98,Querétaro,Planta,52-SEN,Sensores,2701.62,2240,729,1511,3.07,Japón,QRO-MQZ
1418,2026-02-03,2026-02-08,2026,2,2,5,1,2,203.4,3208.96,15.78,Celaya,Distribuidor,58-SEN,Sensores,2617.63,4219,411,3808,10.27,México,QRO-SLP
1419,2023-07-19,2023-07-20,2023,7,3,1,0,0,324.5,3837.33,11.83,Corregidora,Planta,56-SEN,Sensores,1253.34,3707,620,3087,5.98,USA,QRO-SLP
1420,2026-05-07,2026-05-29,2026,5,4,22,1,15,116.8,1967.51,16.85,San Juan del Río,Planta,65-ELE,Electrónica,4175.41,3316,875,2441,3.79,Alemania,QRO-SJR
1421,2024-04-10,2024-04-15,2024,4,3,5,1,2,84.5,1277.8,15.12,Corregidora,Taller,38-ELE,Electrónica,2360.54,3797,195,3602,19.47,Japón,QRO-MQZ
1422,2022-03-22,2022-03-29,2022,3,2,7,1,4,325.1,3494.13,10.75,El Marqués,Tier1,10-ARN,Arneses,1421.89,2478,555,1923,4.46,USA,QRO-SLP
1423,2021-07-12,2021-07-20,2021,7,1,8,1,5,347.7,4480,12.88,El Marqués,Tier1,89-ARN,Arneses,2647.36,4434,738,3696,6.01,Japón,QRO-SLP
1424,2022-02-13,2022-02-19,2022,2,0,6,1,3,324.6,3446.44,10.62,Querétaro,Distribuidor,16-FRE,Frenos,4639.47,4174,516,3658,8.09,China,QRO-SJR
1425,2025-08-28,2025-08-30,2025,8,4,2,0,0,121.9,1181.9,9.7,San Luis Potosí,Tier1,68-FRE,Frenos,3853.4,2725,382,2343,7.13,China,QRO-SJR
1426,2026-05-04,2026-06-01,2026,5,1,28,1,18,346.5,4641.12,13.39,Querétaro,Distribuidor,58-ARN,Arneses,2254.49,3722,381,3341,9.77,China,QRO-CEL
1427,2022-02-07,2022-02-15,2022,2,1,8,1,5,36.7,698.1,19.02,San Luis Potosí,Tier1,50-ELE,Electrónica,3253.74,3790,410,3380,9.24,México,QRO-SLP
1428,2025-11-10,2025-11-13,2025,11,1,3,0,0,346.6,6574.08,18.97,Celaya,Planta,52-ARN,Arneses,4854.61,3039,358,2681,8.49,México,QRO-SLP
1429,2026-05-24,2026-06-01,2026,5,0,8,0,0,125.6,1751.81,13.95,Querétaro,Distribuidor,39-ELE,Electrónica,2379.6,1533,174,1359,8.81,USA,QRO-SLP
1430,2022-05-29,2022-06-02,2022,5,0,4,1,1,295.1,5761.1,19.52,San Luis Potosí,Tier1,81-ELE,Electrónica,140.61,1480,170,1310,8.71,China,QRO-CEL
1431,2023-05-05,2023-05-07,2023,5,5,2,0,0,55.1,696.44,12.64,Celaya,Distribuidor,28-ARN,Arneses,615.82,4597,278,4319,16.54,Alemania,QRO-SJR
1432,2023-06-01,2023-06-09,2023,6,4,8,1,5,233.3,2578.71,11.05,León,Tier1,97-SUS,Suspensión,3611.27,2315,112,2203,20.67,USA,QRO-MQZ
1433,2022-02-02,2022-02-10,2022,2,3,8,1,5,18.5,218.61,11.82,Celaya,Distribuidor,36-SEN,Sensores,591.08,3132,264,2868,11.86,China,QRO-SLP
1434,2026-05-11,2026-05-30,2026,5,1,19,1,11,340.2,4866.57,14.31,Celaya,Tier1,31-ARN,Arneses,3016.79,2221,601,1620,3.7,Japón,QRO-CEL
1435,2025-12-02,2025-12-06,2025,12,2,4,1,1,196.8,2220.46,11.28,San Juan del Río,Taller,92-SUS,Suspensión,3033.85,4447,428,4019,10.39,Japón,QRO-SJR
1436,2025-02-04,2025-02-09,2025,2,2,5,1,2,337.4,5212.11,15.45,San Luis Potosí,Tier1,99-ELE,Electrónica,1359.1,1089,262,827,4.16,Alemania,QRO-SLP
1437,2026-05-25,2026-05-30,2026,5,1,5,0,0,100.3,1278.06,12.74,León,Planta,59-ARN,Arneses,757.6,2440,393,2047,6.21,Japón,QRO-SLP
1438,2021-04-03,2021-04-11,2021,4,6,8,1,5,310.1,6162.41,19.87,San Juan del Río,Planta,43-FRE,Frenos,2378.13,401,657,-256,0.61,México,QRO-CEL
1439,2024-11-28,2024-11-29,2024,11,4,1,0,0,40.9,677.23,16.56,San Luis Potosí,Tier1,14-FRE,Frenos,3534.94,4023,455,3568,8.84,México,QRO-CEL
1440,2026-05-13,2026-06-01,2026,5,3,19,1,9,206.6,2584.75,12.51,El Marqués,Planta,4-SUS,Suspensión,4325.44,2289,793,1496,2.89,USA,QRO-CEL
1441,2026-05-17,2026-06-01,2026,5,0,15,1,5,246.6,2952.74,11.97,El Marqués,Tier1,21-ARN,Arneses,2688.88,472,527,-55,0.9,China,QRO-MQZ
1442,2023-02-11,2023-02-14,2023,2,6,3,0,0,239.9,2446.47,10.2,Querétaro,Taller,32-ELE,Electrónica,2499.14,1034,842,192,1.23,Alemania,QRO-SJR
1443,2026-02-09,2026-02-10,2026,2,1,1,0,0,192.8,2699.22,14,San Juan del Río,Planta,54-FRE,Frenos,2428.99,2196,677,1519,3.24,USA,QRO-SLP
1444,2025-03-11,2025-03-12,2025,3,2,1,0,0,317.3,4455,14.04,Celaya,Planta,28-ARN,Arneses,615.82,4597,278,4319,16.54,Japón,QRO-MQZ
1445,2022-02-11,2022-02-14,2022,2,5,3,0,0,213.5,4047.02,18.96,San Juan del Río,Taller,99-FRE,Frenos,4195.98,3122,126,2996,24.78,México,QRO-SJR
1446,2023-03-01,2023-03-06,2023,3,3,5,1,2,199.8,3469.35,17.36,León,Taller,7-FRE,Frenos,3386.88,9,821,-812,0.01,Alemania,QRO-MQZ
1447,2024-01-30,2024-02-03,2024,1,2,4,1,1,121.1,1885.67,15.57,Celaya,Taller,86-ELE,Electrónica,4667.98,3468,649,2819,5.34,México,QRO-MQZ
1448,2026-05-03,2026-06-01,2026,5,0,29,1,19,14.2,243.5,17.15,Querétaro,Tier1,95-FRE,Frenos,4724.44,71,925,-854,0.08,China,QRO-CEL
1449,2026-05-05,2026-05-27,2026,5,2,22,1,17,135.5,1288.36,9.51,Celaya,Taller,7-FRE,Frenos,3386.88,9,821,-812,0.01,USA,QRO-CEL
1450,2026-05-21,2026-06-05,2026,5,4,15,1,1,313.5,5209.01,16.62,San Juan del Río,Taller,75-FRE,Frenos,2586.79,1278,749,529,1.71,China,QRO-CEL
1451,2024-07-18,2024-07-24,2024,7,4,6,1,3,54.7,839.04,15.34,Celaya,Distribuidor,13-SUS,Suspensión,186.07,4142,666,3476,6.22,USA,QRO-SLP
1452,2026-05-12,2026-06-01,2026,5,2,20,1,10,197.8,3627.11,18.34,San Juan del Río,Planta,70-SUS,Suspensión,3232.39,1824,203,1621,8.99,Alemania,QRO-CEL
1453,2024-12-24,2024-12-27,2024,12,2,3,0,0,228.5,4434.3,19.41,San Juan del Río,Taller,38-FRE,Frenos,2176.42,4632,529,4103,8.76,Alemania,QRO-SJR
1454,2023-03-28,2023-04-04,2023,3,2,7,1,4,135.2,1120.78,8.29,Querétaro,Planta,73-ARN,Arneses,3687.85,3796,460,3336,8.25,México,QRO-SJR
1455,2025-11-03,2025-11-11,2025,11,1,8,1,5,48.6,541.83,11.15,Querétaro,Planta,83-ELE,Electrónica,2047.97,1307,286,1021,4.57,USA,QRO-MQZ
1456,2026-05-17,2026-05-31,2026,5,0,14,1,5,92.9,816,8.78,Querétaro,Tier1,28-SEN,Sensores,1818.54,4432,701,3731,6.32,Japón,QRO-SLP
1457,2026-05-05,2026-06-01,2026,5,2,27,1,17,295.6,3804.44,12.87,Querétaro,Tier1,17-FRE,Frenos,4203.61,2829,138,2691,20.5,USA,QRO-SLP
1458,2026-05-19,2026-05-31,2026,5,2,12,1,3,305.7,3053.68,9.99,Querétaro,Planta,80-SEN,Sensores,4961.03,2089,880,1209,2.37,China,QRO-CEL
1459,2022-03-29,2022-03-30,2022,3,2,1,0,0,31.6,463.68,14.67,Corregidora,Tier1,26-SEN,Sensores,2283.16,2773,396,2377,7,China,QRO-CEL
1460,2023-08-07,2023-08-11,2023,8,1,4,1,1,65,916.94,14.11,San Luis Potosí,Tier1,59-SEN,Sensores,627.84,3969,671,3298,5.92,México,QRO-CEL
1461,2025-04-17,2025-04-24,2025,4,4,7,1,4,54.8,510.54,9.32,San Luis Potosí,Tier1,77-SEN,Sensores,2481.2,2143,179,1964,11.97,China,QRO-SLP
1462,2023-05-22,2023-05-27,2023,5,1,5,1,2,185.8,3306.92,17.8,El Marqués,Tier1,90-SEN,Sensores,2337.67,4635,431,4204,10.75,USA,QRO-SJR
1463,2025-03-19,2025-03-22,2025,3,3,3,0,0,316.4,5090.88,16.09,Celaya,Tier1,69-ARN,Arneses,2131.09,4430,982,3448,4.51,China,QRO-CEL
1464,2026-05-07,2026-05-26,2026,5,4,19,1,15,67.3,863.98,12.84,El Marqués,Taller,59-SUS,Suspensión,149.53,1044,359,685,2.91,Alemania,QRO-SJR
1465,2024-03-18,2024-03-22,2024,3,1,4,1,1,103.4,1418.5,13.72,El Marqués,Tier1,35-ARN,Arneses,3574.66,2983,906,2077,3.29,USA,QRO-SLP
1466,2024-06-12,2024-06-20,2024,6,3,8,1,5,71,614.06,8.65,San Juan del Río,Planta,72-FRE,Frenos,2982.1,4614,609,4005,7.58,México,QRO-SLP
1467,2021-05-02,2021-05-08,2021,5,0,6,1,3,246,2937.88,11.94,Corregidora,Planta,84-SUS,Suspensión,3111.43,4098,547,3551,7.49,USA,QRO-MQZ
1468,2021-05-13,2021-05-18,2021,5,4,5,1,2,63.9,631.45,9.88,San Juan del Río,Taller,63-FRE,Frenos,2548.55,2094,709,1385,2.95,China,QRO-MQZ
1469,2026-05-20,2026-05-26,2026,5,3,6,1,2,287.1,3493.7,12.17,Celaya,Distribuidor,15-SUS,Suspensión,3336.34,35,212,-177,0.17,USA,QRO-MQZ
1470,2024-05-18,2024-05-21,2024,5,6,3,0,0,324,4822.72,14.88,Querétaro,Tier1,5-SUS,Suspensión,1510.97,1853,254,1599,7.3,China,QRO-MQZ
1471,2026-05-19,2026-06-01,2026,5,2,13,1,3,129.7,2320.31,17.89,Celaya,Distribuidor,22-SUS,Suspensión,895.84,3847,874,2973,4.4,Japón,QRO-MQZ
1472,2025-05-05,2025-05-11,2025,5,1,6,1,3,317,4621.5,14.58,San Luis Potosí,Tier1,18-SEN,Sensores,2642.38,2763,311,2452,8.88,México,QRO-CEL
1473,2026-05-17,2026-05-30,2026,5,0,13,1,5,251,2476.26,9.87,Celaya,Tier1,37-SEN,Sensores,3969.15,3602,841,2761,4.28,Alemania,QRO-SJR
1474,2026-05-18,2026-05-30,2026,5,1,12,1,4,342.2,6701.6,19.58,San Luis Potosí,Tier1,43-SUS,Suspensión,2851.8,2949,285,2664,10.35,Alemania,QRO-SLP
1475,2023-07-13,2023-07-15,2023,7,4,2,0,0,135,2629.27,19.48,León,Tier1,99-SUS,Suspensión,1768.31,3450,251,3199,13.75,USA,QRO-MQZ
1476,2026-05-25,2026-06-05,2026,5,1,11,0,0,341.1,6374.21,18.69,León,Planta,52-ARN,Arneses,4854.61,3039,358,2681,8.49,Japón,QRO-SLP
1477,2026-05-10,2026-05-28,2026,5,0,18,1,12,239.6,3489.58,14.56,El Marqués,Tier1,44-SEN,Sensores,4770.35,1824,337,1487,5.41,China,QRO-SLP
1478,2025-01-26,2025-01-29,2025,1,0,3,0,0,94.5,1333.33,14.11,Celaya,Distribuidor,36-SUS,Suspensión,787.36,3511,115,3396,30.53,USA,QRO-SJR
1479,2023-04-05,2023-04-10,2023,4,3,5,1,2,100.1,1611.86,16.1,Querétaro,Tier1,48-SUS,Suspensión,3762.52,1609,412,1197,3.91,USA,QRO-SLP
1480,2023-07-13,2023-07-15,2023,7,4,2,0,0,149.5,2933.93,19.62,Celaya,Tier1,56-SUS,Suspensión,4497.66,4064,966,3098,4.21,China,QRO-CEL
1481,2022-09-30,2022-10-06,2022,9,5,6,1,3,188.4,2846.27,15.11,Querétaro,Tier1,23-SUS,Suspensión,3508.58,2134,799,1335,2.67,China,QRO-SJR
1482,2026-05-21,2026-05-30,2026,5,4,9,1,1,59.1,942.99,15.96,Querétaro,Taller,45-FRE,Frenos,1728.34,1258,154,1104,8.17,Japón,QRO-CEL
1483,2025-03-14,2025-03-17,2025,3,5,3,0,0,342.6,3087.46,9.01,Querétaro,Tier1,96-FRE,Frenos,3819.86,1364,751,613,1.82,México,QRO-SLP
1484,2026-05-01,2026-05-26,2026,5,5,25,1,21,185.4,2896.62,15.62,León,Planta,7-ELE,Electrónica,246.58,4554,646,3908,7.05,Japón,QRO-SJR
1485,2025-05-29,2025-05-31,2025,5,4,2,0,0,13.4,167.15,12.47,León,Taller,79-SEN,Sensores,3466.99,835,695,140,1.2,México,QRO-MQZ
1486,2026-05-04,2026-05-28,2026,5,1,24,1,18,328.7,3907.12,11.89,San Luis Potosí,Tier1,84-FRE,Frenos,3127.21,853,327,526,2.61,China,QRO-SJR
1487,2024-12-14,2024-12-17,2024,12,6,3,0,0,338.4,5859.84,17.32,San Juan del Río,Planta,99-ELE,Electrónica,1359.1,1089,262,827,4.16,México,QRO-CEL
1488,2026-05-16,2026-05-27,2026,5,6,11,1,6,132.3,2588.72,19.57,Querétaro,Tier1,99-FRE,Frenos,4195.98,3122,126,2996,24.78,China,QRO-MQZ
1489,2024-12-25,2024-12-27,2024,12,3,2,0,0,295.1,3473.64,11.77,Querétaro,Distribuidor,35-ELE,Electrónica,1141.28,3576,681,2895,5.25,Japón,QRO-MQZ
1490,2025-12-20,2025-12-22,2025,12,6,2,0,0,189.5,3317.11,17.5,Querétaro,Tier1,36-SUS,Suspensión,787.36,3511,115,3396,30.53,USA,QRO-SLP
1491,2024-03-23,2024-03-30,2024,3,6,7,1,4,106.4,1449.79,13.63,San Luis Potosí,Tier1,74-SEN,Sensores,3564.35,956,699,257,1.37,México,QRO-SLP
1492,2022-06-16,2022-06-22,2022,6,4,6,1,3,313.2,3860.54,12.33,Corregidora,Taller,65-ARN,Arneses,844,2641,720,1921,3.67,Alemania,QRO-SLP
1493,2023-11-28,2023-11-30,2023,11,2,2,0,0,113.8,1547.42,13.6,Celaya,Tier1,39-ELE,Electrónica,2379.6,1533,174,1359,8.81,México,QRO-SLP
1494,2023-05-20,2023-05-27,2023,5,6,7,1,4,318.3,5608.15,17.62,Celaya,Planta,46-ELE,Electrónica,2511.37,3579,173,3406,20.69,China,QRO-CEL
1495,2026-05-20,2026-05-30,2026,5,3,10,1,2,239,4067.38,17.02,San Juan del Río,Tier1,82-FRE,Frenos,3559.78,1290,296,994,4.36,México,QRO-SJR
1496,2024-06-04,2024-06-09,2024,6,2,5,1,2,119.4,1381.31,11.57,Querétaro,Planta,89-SEN,Sensores,4357.78,2341,878,1463,2.67,México,QRO-SLP
1497,2026-05-03,2026-05-31,2026,5,0,28,1,19,147.2,1493.58,10.15,León,Tier1,7-FRE,Frenos,3386.88,9,821,-812,0.01,México,QRO-SJR
1498,2024-07-01,2024-07-06,2024,7,1,5,1,2,276.8,5435.68,19.64,León,Tier1,88-ELE,Electrónica,952.75,1483,288,1195,5.15,Alemania,QRO-SJR
1499,2026-05-02,2026-05-31,2026,5,6,29,1,20,302.7,2554.48,8.44,San Luis Potosí,Planta,71-FRE,Frenos,3409.21,2240,727,1513,3.08,USA,QRO-SJR
1500,2025-11-08,2025-11-10,2025,11,6,2,0,0,291.4,5229.38,17.95,El Marqués,Taller,72-ARN,Arneses,3783.02,2196,705,1491,3.11,México,QRO-MQZ
1501,2026-05-08,2026-05-27,2026,5,5,19,1,14,195.8,2305.91,11.78,El Marqués,Tier1,82-FRE,Frenos,3559.78,1290,296,994,4.36,China,QRO-SLP
1502,2026-05-15,2026-06-01,2026,5,5,17,1,7,90.2,1733.23,19.22,Querétaro,Planta,63-SEN,Sensores,610.95,201,678,-477,0.3,USA,QRO-SLP
1503,2026-02-17,2026-02-22,2026,2,2,5,1,2,121.1,988.96,8.17,Corregidora,Tier1,82-ELE,Electrónica,4169.44,3032,267,2765,11.36,China,QRO-MQZ
1504,2024-03-25,2024-03-30,2024,3,1,5,1,2,250.6,4381.57,17.48,San Luis Potosí,Planta,65-SEN,Sensores,3356.68,3642,308,3334,11.82,China,QRO-SLP
1505,2026-05-06,2026-05-25,2026,5,3,19,1,16,52.1,1040.41,19.97,León,Tier1,40-ARN,Arneses,288.05,1674,857,817,1.95,China,QRO-CEL
1506,2026-05-21,2026-06-03,2026,5,4,13,1,1,206.3,3106.77,15.06,San Luis Potosí,Tier1,40-ELE,Electrónica,3251.02,3372,892,2480,3.78,Japón,QRO-SJR
1507,2026-05-17,2026-05-28,2026,5,0,11,1,5,274.1,3677.84,13.42,Querétaro,Distribuidor,65-SUS,Suspensión,3449.87,4345,595,3750,7.3,México,QRO-SLP
1508,2022-03-12,2022-03-17,2022,3,6,5,1,2,126.8,2162.29,17.05,Querétaro,Planta,5-ARN,Arneses,2099.43,479,838,-359,0.57,Japón,QRO-MQZ
1509,2022-07-03,2022-07-11,2022,7,0,8,1,5,174.5,2831.26,16.22,San Juan del Río,Tier1,58-ARN,Arneses,2254.49,3722,381,3341,9.77,USA,QRO-SJR
1510,2025-01-05,2025-01-10,2025,1,0,5,1,2,275.3,4691.54,17.04,San Luis Potosí,Distribuidor,62-SEN,Sensores,61.64,976,325,651,3,China,QRO-MQZ
1511,2022-09-19,2022-09-24,2022,9,1,5,1,2,118.3,1488.22,12.58,Celaya,Planta,2-SUS,Suspensión,2244.37,1376,919,457,1.5,Alemania,QRO-MQZ
1512,2021-01-29,2021-02-04,2021,1,5,6,1,3,41.9,694.39,16.57,San Juan del Río,Taller,35-SUS,Suspensión,3998.45,2100,715,1385,2.94,México,QRO-SJR
1513,2025-03-19,2025-03-23,2025,3,3,4,1,1,168.6,3018.87,17.91,San Luis Potosí,Planta,21-FRE,Frenos,4833.89,4818,201,4617,23.97,USA,QRO-SLP
1514,2026-05-07,2026-05-25,2026,5,4,18,1,15,275,3154.89,11.47,León,Planta,32-SUS,Suspensión,4111.1,4658,655,4003,7.11,China,QRO-MQZ
1515,2025-05-27,2025-06-01,2025,5,2,5,1,2,130.7,1489.82,11.4,Querétaro,Tier1,43-SUS,Suspensión,2851.8,2949,285,2664,10.35,Japón,QRO-MQZ
1516,2022-06-28,2022-07-03,2022,6,2,5,1,2,341.5,3319.71,9.72,San Luis Potosí,Tier1,81-SUS,Suspensión,2394.84,4181,399,3782,10.48,Japón,QRO-CEL
1517,2022-03-10,2022-03-12,2022,3,4,2,0,0,274.7,4987.82,18.16,León,Tier1,55-ARN,Arneses,3941.75,4751,961,3790,4.94,USA,QRO-SLP
1518,2025-05-07,2025-05-11,2025,5,3,4,1,1,206.4,2595.02,12.57,San Luis Potosí,Tier1,96-SUS,Suspensión,3516.22,1894,371,1523,5.11,China,QRO-SLP
1519,2022-07-24,2022-08-01,2022,7,0,8,1,5,329.7,5728.37,17.37,León,Tier1,50-ELE,Electrónica,3253.74,3790,410,3380,9.24,USA,QRO-SJR
1520,2026-05-24,2026-05-27,2026,5,0,3,0,0,93.1,1254.5,13.47,Corregidora,Planta,15-SEN,Sensores,4743.16,142,448,-306,0.32,Japón,QRO-MQZ
1521,2022-02-17,2022-02-22,2022,2,4,5,1,2,275.3,5097.03,18.51,Corregidora,Distribuidor,23-SEN,Sensores,1056.26,3445,649,2796,5.31,Alemania,QRO-CEL
1522,2021-01-13,2021-01-21,2021,1,3,8,1,5,319.8,3400.53,10.63,El Marqués,Taller,67-ELE,Electrónica,2438.18,3104,587,2517,5.29,USA,QRO-MQZ
1523,2026-05-03,2026-05-28,2026,5,0,25,1,19,325.7,2732.05,8.39,Querétaro,Planta,53-ELE,Electrónica,2503.62,2992,933,2059,3.21,China,QRO-SJR
1524,2022-07-04,2022-07-06,2022,7,1,2,0,0,148.7,2508.06,16.87,San Luis Potosí,Tier1,31-ARN,Arneses,3016.79,2221,601,1620,3.7,China,QRO-CEL
1525,2023-09-14,2023-09-19,2023,9,4,5,1,2,109.9,1527.98,13.9,León,Tier1,5-FRE,Frenos,3547.92,1323,978,345,1.35,Alemania,QRO-SLP
1526,2025-06-20,2025-06-27,2025,6,5,7,1,4,68,832.7,12.25,Corregidora,Distribuidor,46-ELE,Electrónica,2511.37,3579,173,3406,20.69,Alemania,QRO-MQZ
1527,2026-05-08,2026-05-31,2026,5,5,23,1,14,253.6,4931.16,19.44,Querétaro,Tier1,45-ELE,Electrónica,4169.66,3629,173,3456,20.98,USA,QRO-SJR
1528,2022-07-10,2022-07-14,2022,7,0,4,1,1,324.5,5115.33,15.76,San Juan del Río,Tier1,25-ELE,Electrónica,1552.43,1189,817,372,1.46,Alemania,QRO-SLP
1529,2024-06-01,2024-06-07,2024,6,6,6,1,3,108.8,2035.42,18.71,León,Planta,39-ELE,Electrónica,2379.6,1533,174,1359,8.81,China,QRO-SLP
1530,2025-05-22,2025-05-23,2025,5,4,1,0,0,238.8,4526.09,18.95,Corregidora,Tier1,49-ARN,Arneses,412.82,3527,162,3365,21.77,USA,QRO-SLP
1531,2023-10-13,2023-10-20,2023,10,5,7,1,4,229.6,3544.97,15.44,San Luis Potosí,Tier1,81-SUS,Suspensión,2394.84,4181,399,3782,10.48,China,QRO-SJR
1532,2021-09-14,2021-09-17,2021,9,2,3,0,0,162.9,1863.33,11.44,Corregidora,Planta,68-FRE,Frenos,3853.4,2725,382,2343,7.13,USA,QRO-SLP
1533,2022-05-10,2022-05-12,2022,5,2,2,0,0,224.4,4205.59,18.74,El Marqués,Tier1,57-SUS,Suspensión,4521.23,466,706,-240,0.66,Alemania,QRO-SJR
1534,2026-05-14,2026-05-26,2026,5,4,12,1,8,179.1,1696.98,9.48,Querétaro,Distribuidor,91-ARN,Arneses,3259.69,1994,705,1289,2.83,Alemania,QRO-SJR
1535,2024-03-25,2024-04-02,2024,3,1,8,1,5,248.9,2752.9,11.06,San Juan del Río,Taller,75-SEN,Sensores,2324.33,2246,115,2131,19.53,México,QRO-MQZ
1536,2023-12-14,2023-12-15,2023,12,4,1,0,0,12.5,118.48,9.48,San Juan del Río,Planta,21-FRE,Frenos,4833.89,4818,201,4617,23.97,Japón,QRO-SLP
1537,2026-05-25,2026-05-28,2026,5,1,3,0,0,240.6,2408.08,10.01,Celaya,Tier1,36-ARN,Arneses,142.04,4438,157,4281,28.27,USA,QRO-MQZ
1538,2026-05-09,2026-06-01,2026,5,6,23,1,13,312.6,3395.97,10.86,Celaya,Planta,66-ELE,Electrónica,1657.94,1756,172,1584,10.21,China,QRO-SJR
1539,2026-05-05,2026-06-01,2026,5,2,27,1,17,226.8,2178.9,9.61,Celaya,Tier1,80-SUS,Suspensión,3018.8,2364,799,1565,2.96,Japón,QRO-SLP
1540,2023-10-06,2023-10-12,2023,10,5,6,1,3,64.9,699.24,10.77,Celaya,Tier1,2-ELE,Electrónica,1189.72,3706,870,2836,4.26,China,QRO-SJR
1541,2025-02-28,2025-03-06,2025,2,5,6,1,3,240.6,2247.97,9.34,San Luis Potosí,Tier1,37-SEN,Sensores,3969.15,3602,841,2761,4.28,México,QRO-SLP
1542,2026-05-12,2026-05-31,2026,5,2,19,1,10,25.1,353.41,14.08,El Marqués,Taller,70-SUS,Suspensión,3232.39,1824,203,1621,8.99,Japón,QRO-CEL
1543,2024-06-19,2024-06-27,2024,6,3,8,1,5,167,1920.4,11.5,León,Planta,19-ELE,Electrónica,3029.39,2447,372,2075,6.58,Japón,QRO-MQZ
1544,2024-05-26,2024-06-01,2024,5,0,6,1,3,243.1,2843.9,11.7,San Juan del Río,Taller,26-SEN,Sensores,2283.16,2773,396,2377,7,México,QRO-MQZ
1545,2025-04-27,2025-05-05,2025,4,0,8,1,5,277,3363.73,12.14,Celaya,Planta,26-ARN,Arneses,1872.84,4883,185,4698,26.39,Japón,QRO-MQZ
1546,2023-04-21,2023-04-29,2023,4,5,8,1,5,190.5,3735.61,19.61,León,Tier1,72-ELE,Electrónica,892.6,1623,479,1144,3.39,México,QRO-SLP
1547,2026-04-22,2026-04-29,2026,4,3,7,1,4,188.6,3286.72,17.43,El Marqués,Distribuidor,96-SUS,Suspensión,3516.22,1894,371,1523,5.11,USA,QRO-MQZ
1548,2026-05-15,2026-05-31,2026,5,5,16,1,7,265.9,2751.48,10.35,San Juan del Río,Taller,33-FRE,Frenos,4635.35,4897,202,4695,24.24,México,QRO-MQZ
1549,2022-12-11,2022-12-15,2022,12,0,4,1,1,309.9,5398.58,17.42,Celaya,Distribuidor,80-SEN,Sensores,4961.03,2089,880,1209,2.37,Japón,QRO-SJR
1550,2026-05-15,2026-05-30,2026,5,5,15,1,7,133.2,1419.16,10.65,San Luis Potosí,Tier1,74-ARN,Arneses,1238.29,2950,908,2042,3.25,México,QRO-SJR
1551,2026-05-01,2026-05-26,2026,5,5,25,1,21,50.5,983.29,19.47,Celaya,Tier1,73-ARN,Arneses,3687.85,3796,460,3336,8.25,China,QRO-SJR
1552,2026-05-23,2026-05-31,2026,5,6,8,0,0,166.1,3277.82,19.73,Celaya,Tier1,9-ELE,Electrónica,3081.81,4325,472,3853,9.16,USA,QRO-CEL
1553,2024-10-04,2024-10-07,2024,10,5,3,0,0,82.3,1242.17,15.09,Celaya,Tier1,20-SUS,Suspensión,1687.63,629,800,-171,0.79,USA,QRO-CEL
1554,2026-05-07,2026-05-14,2026,5,4,7,1,4,262.7,2716.76,10.34,Corregidora,Planta,65-SEN,Sensores,3356.68,3642,308,3334,11.82,Japón,QRO-SLP
1555,2022-07-02,2022-07-03,2022,7,6,1,0,0,238.3,2198.65,9.23,San Juan del Río,Taller,55-FRE,Frenos,3030.18,3583,896,2687,4,Alemania,QRO-SJR
1556,2026-05-12,2026-05-31,2026,5,2,19,1,10,112.7,2218.49,19.68,San Luis Potosí,Tier1,44-FRE,Frenos,3124.9,1604,281,1323,5.71,Japón,QRO-MQZ
1557,2021-01-05,2021-01-12,2021,1,2,7,1,4,209.9,3608.93,17.19,Querétaro,Taller,33-SEN,Sensores,4299.55,4446,746,3700,5.96,Alemania,QRO-MQZ
1558,2021-10-02,2021-10-03,2021,10,6,1,0,0,115.8,1646.75,14.22,San Juan del Río,Planta,49-SEN,Sensores,1664.17,3963,807,3156,4.91,México,QRO-SJR
1559,2023-02-06,2023-02-07,2023,2,1,1,0,0,297.8,4468.51,15.01,Querétaro,Tier1,53-SUS,Suspensión,2062.9,3440,719,2721,4.78,Japón,QRO-CEL
1560,2026-05-17,2026-05-25,2026,5,0,8,1,5,46.3,733.12,15.83,San Luis Potosí,Planta,70-ELE,Electrónica,1470.68,4676,492,4184,9.5,USA,QRO-SLP
1561,2026-05-17,2026-05-29,2026,5,0,12,1,5,348,4673.49,13.43,San Luis Potosí,Distribuidor,76-SUS,Suspensión,1064.99,2521,492,2029,5.12,Alemania,QRO-MQZ
1562,2025-12-10,2025-12-15,2025,12,3,5,1,2,227.3,3901.56,17.16,Querétaro,Tier1,57-ELE,Electrónica,4825.73,3798,194,3604,19.58,Alemania,QRO-SLP
1563,2026-05-24,2026-05-30,2026,5,0,6,0,0,321.2,4237.72,13.19,El Marqués,Distribuidor,42-SUS,Suspensión,1516.88,2245,576,1669,3.9,México,QRO-SJR
1564,2021-10-08,2021-10-10,2021,10,5,2,0,0,323.2,5379,16.64,San Juan del Río,Taller,9-ELE,Electrónica,3081.81,4325,472,3853,9.16,Japón,QRO-MQZ
1565,2022-06-27,2022-06-30,2022,6,1,3,0,0,21.7,293.69,13.53,Corregidora,Taller,10-SUS,Suspensión,3974.3,2474,590,1884,4.19,Alemania,QRO-SJR
1566,2026-05-17,2026-05-28,2026,5,0,11,1,5,35.3,702.24,19.89,San Luis Potosí,Planta,61-SEN,Sensores,110.24,3207,891,2316,3.6,México,QRO-CEL
1567,2026-05-16,2026-05-29,2026,5,6,13,1,6,213.6,2198.81,10.29,Corregidora,Planta,70-ARN,Arneses,1874.06,2106,688,1418,3.06,Alemania,QRO-CEL
1568,2023-12-28,2024-01-03,2023,12,4,6,1,3,40.9,648.49,15.86,Querétaro,Tier1,89-FRE,Frenos,3217.84,688,519,169,1.33,USA,QRO-CEL
1569,2026-05-04,2026-05-31,2026,5,1,27,1,18,39.2,331,8.44,León,Tier1,4-ARN,Arneses,1994.2,3537,743,2794,4.76,Japón,QRO-MQZ
1570,2025-02-27,2025-03-04,2025,2,4,5,1,2,13.8,264.11,19.14,Querétaro,Tier1,49-ARN,Arneses,412.82,3527,162,3365,21.77,México,QRO-CEL
1571,2024-05-29,2024-05-30,2024,5,3,1,0,0,245.1,3306.75,13.49,El Marqués,Tier1,34-ARN,Arneses,4771.65,2699,606,2093,4.45,China,QRO-MQZ
1572,2022-05-01,2022-05-03,2022,5,0,2,0,0,282.5,5210.46,18.44,El Marqués,Taller,38-SUS,Suspensión,1970.13,3514,114,3400,30.82,USA,QRO-SJR
1573,2022-01-14,2022-01-16,2022,1,5,2,0,0,332.9,5527.79,16.6,San Luis Potosí,Tier1,14-ELE,Electrónica,1218.61,173,107,66,1.62,Japón,QRO-CEL
1574,2024-10-28,2024-11-03,2024,10,1,6,1,3,319.2,5040.93,15.79,Corregidora,Distribuidor,64-SEN,Sensores,4961.2,4001,258,3743,15.51,China,QRO-SLP
1575,2026-05-19,2026-05-29,2026,5,2,10,1,3,266.5,4968.97,18.65,El Marqués,Taller,37-SUS,Suspensión,1200.77,1755,358,1397,4.9,México,QRO-SJR
1576,2022-01-31,2022-02-06,2022,1,1,6,1,3,180.8,2279.23,12.61,Querétaro,Taller,18-FRE,Frenos,2478.97,2322,407,1915,5.71,USA,QRO-CEL
1577,2026-02-22,2026-03-02,2026,2,0,8,1,5,110.9,929.67,8.38,Celaya,Tier1,21-SUS,Suspensión,3922.67,482,217,265,2.22,Japón,QRO-MQZ
1578,2021-09-19,2021-09-24,2021,9,0,5,1,2,281,4969.76,17.69,San Luis Potosí,Tier1,40-SUS,Suspensión,1400.65,52,574,-522,0.09,Alemania,QRO-CEL
1579,2021-04-07,2021-04-13,2021,4,3,6,1,3,24,271.47,11.31,Celaya,Distribuidor,98-ELE,Electrónica,2480.68,142,273,-131,0.52,Alemania,QRO-SLP
1580,2025-07-13,2025-07-19,2025,7,0,6,1,3,166.2,2825.85,17,León,Planta,34-FRE,Frenos,1708.23,2340,807,1533,2.9,Alemania,QRO-SLP
1581,2021-10-29,2021-11-02,2021,10,5,4,1,1,313.2,3987.76,12.73,San Luis Potosí,Tier1,100-SEN,Sensores,1884.18,1812,275,1537,6.59,Alemania,QRO-CEL
1582,2024-05-23,2024-05-28,2024,5,4,5,1,2,187.9,2646.18,14.08,León,Tier1,61-FRE,Frenos,2992.6,2417,256,2161,9.44,México,QRO-CEL
1583,2022-04-29,2022-04-30,2022,4,5,1,0,0,285.8,2288.43,8.01,León,Tier1,90-ELE,Electrónica,2914.45,2443,282,2161,8.66,Alemania,QRO-CEL
1584,2024-01-16,2024-01-19,2024,1,2,3,0,0,218,3363.74,15.43,León,Planta,64-ELE,Electrónica,4488.81,2018,103,1915,19.59,China,QRO-SJR
1585,2026-04-05,2026-04-11,2026,4,0,6,1,3,285.3,2414.04,8.46,León,Tier1,2-SUS,Suspensión,2244.37,1376,919,457,1.5,USA,QRO-SLP
1586,2026-05-01,2026-05-29,2026,5,5,28,1,21,139.2,1554.76,11.17,San Luis Potosí,Tier1,84-FRE,Frenos,3127.21,853,327,526,2.61,USA,QRO-SLP
1587,2022-05-22,2022-05-25,2022,5,0,3,0,0,139.1,2106.4,15.14,Celaya,Tier1,57-SUS,Suspensión,4521.23,466,706,-240,0.66,Alemania,QRO-SJR
1588,2022-06-19,2022-06-24,2022,6,0,5,1,2,56.1,789.76,14.08,San Juan del Río,Planta,36-ARN,Arneses,142.04,4438,157,4281,28.27,USA,QRO-CEL
1589,2026-05-20,2026-05-26,2026,5,3,6,1,2,37.9,484.27,12.78,Querétaro,Planta,84-SEN,Sensores,3879.48,1645,209,1436,7.87,China,QRO-MQZ
1590,2024-01-07,2024-01-15,2024,1,0,8,1,5,30.5,438.65,14.38,Celaya,Planta,33-ELE,Electrónica,3571.92,3016,937,2079,3.22,Alemania,QRO-SJR
1591,2021-08-17,2021-08-20,2021,8,2,3,0,0,161.9,2210.36,13.65,Querétaro,Planta,34-FRE,Frenos,1708.23,2340,807,1533,2.9,USA,QRO-MQZ
1592,2024-12-02,2024-12-09,2024,12,1,7,1,4,211.6,3008.1,14.22,Corregidora,Distribuidor,60-SUS,Suspensión,2653.99,2128,369,1759,5.77,Alemania,QRO-SLP
1593,2026-02-12,2026-02-15,2026,2,4,3,0,0,104.3,1475.77,14.15,San Luis Potosí,Planta,31-SUS,Suspensión,414.84,3309,482,2827,6.87,China,QRO-MQZ
1594,2026-05-18,2026-05-27,2026,5,1,9,1,4,186.1,1715.88,9.22,Corregidora,Distribuidor,97-FRE,Frenos,4200.07,1145,962,183,1.19,Alemania,QRO-MQZ
1595,2024-08-26,2024-09-03,2024,8,1,8,1,5,220.5,3332.1,15.11,Querétaro,Tier1,29-SUS,Suspensión,2268.03,800,134,666,5.97,Alemania,QRO-SJR
1596,2025-08-03,2025-08-04,2025,8,0,1,0,0,42.7,613.53,14.37,Corregidora,Planta,77-SEN,Sensores,2481.2,2143,179,1964,11.97,China,QRO-CEL
1597,2026-05-15,2026-05-26,2026,5,5,11,1,7,295.2,4967.07,16.83,Querétaro,Tier1,91-ARN,Arneses,3259.69,1994,705,1289,2.83,Japón,QRO-MQZ
1598,2022-07-10,2022-07-15,2022,7,0,5,1,2,173.9,3351.14,19.27,Corregidora,Distribuidor,48-SUS,Suspensión,3762.52,1609,412,1197,3.91,México,QRO-CEL
1599,2021-09-20,2021-09-27,2021,9,1,7,1,4,202.7,4033.48,19.9,Corregidora,Planta,88-ELE,Electrónica,952.75,1483,288,1195,5.15,China,QRO-CEL
1600,2024-10-22,2024-10-23,2024,10,2,1,0,0,105.9,2025.24,19.12,León,Taller,61-SUS,Suspensión,1710.59,631,965,-334,0.65,USA,QRO-SJR
1601,2024-12-17,2024-12-24,2024,12,2,7,1,4,290.4,4119.37,14.19,Querétaro,Planta,68-SUS,Suspensión,4427.01,2107,162,1945,13.01,China,QRO-SJR
1602,2024-09-13,2024-09-16,2024,9,5,3,0,0,93,1736.44,18.67,León,Taller,1-FRE,Frenos,233.71,1282,783,499,1.64,USA,QRO-MQZ
1603,2024-02-21,2024-02-29,2024,2,3,8,1,5,183,2201.29,12.03,León,Tier1,59-ELE,Electrónica,3153.37,470,478,-8,0.98,Alemania,QRO-SJR
1604,2024-03-13,2024-03-19,2024,3,3,6,1,3,291.2,2638.8,9.06,León,Tier1,72-SEN,Sensores,2907.83,4310,751,3559,5.74,México,QRO-SJR
1605,2023-07-05,2023-07-06,2023,7,3,1,0,0,112.9,1795.17,15.9,Querétaro,Taller,53-SUS,Suspensión,2062.9,3440,719,2721,4.78,Japón,QRO-SJR
1606,2022-05-24,2022-05-25,2022,5,2,1,0,0,222,3506.04,15.79,Querétaro,Tier1,76-SUS,Suspensión,1064.99,2521,492,2029,5.12,Japón,QRO-SJR
1607,2023-04-24,2023-04-26,2023,4,1,2,0,0,232.1,2901.68,12.5,San Luis Potosí,Tier1,1-ARN,Arneses,3422.68,3382,224,3158,15.1,Alemania,QRO-SJR
1608,2021-08-20,2021-08-28,2021,8,5,8,1,5,212.1,3303.83,15.58,San Juan del Río,Tier1,57-ARN,Arneses,607.05,602,337,265,1.79,USA,QRO-MQZ
1609,2026-05-13,2026-05-25,2026,5,3,12,1,9,178.8,2957.6,16.54,Celaya,Distribuidor,76-SEN,Sensores,3690.33,3173,898,2275,3.53,México,QRO-MQZ
1610,2022-12-08,2022-12-15,2022,12,4,7,1,4,242.4,2495.12,10.29,San Juan del Río,Tier1,22-ELE,Electrónica,4549.91,3883,821,3062,4.73,México,QRO-MQZ
1611,2026-05-18,2026-05-26,2026,5,1,8,1,4,164.8,1584.95,9.62,Celaya,Planta,62-SEN,Sensores,61.64,976,325,651,3,Alemania,QRO-CEL
1612,2026-03-05,2026-03-08,2026,3,4,3,0,0,302.9,5891.38,19.45,El Marqués,Taller,44-SEN,Sensores,4770.35,1824,337,1487,5.41,USA,QRO-SJR
1613,2026-01-24,2026-01-30,2026,1,6,6,1,3,42.2,598.62,14.19,León,Tier1,95-SEN,Sensores,3843.72,3856,664,3192,5.81,Alemania,QRO-SLP
1614,2022-12-15,2022-12-20,2022,12,4,5,1,2,161.9,2236.2,13.81,León,Tier1,5-SEN,Sensores,3287.36,1717,744,973,2.31,Japón,QRO-MQZ
1615,2026-05-16,2026-05-30,2026,5,6,14,1,6,251,4083.37,16.27,San Juan del Río,Planta,74-SEN,Sensores,3564.35,956,699,257,1.37,México,QRO-MQZ
1616,2026-05-24,2026-05-27,2026,5,0,3,0,0,170.4,2791.35,16.38,El Marqués,Tier1,34-SEN,Sensores,1520,3930,432,3498,9.1,Alemania,QRO-CEL
1617,2026-04-17,2026-04-24,2026,4,5,7,1,4,89.9,821.07,9.13,Corregidora,Planta,21-SEN,Sensores,2963.98,277,140,137,1.98,México,QRO-SJR
1618,2024-04-24,2024-04-25,2024,4,3,1,0,0,219.6,3930.53,17.9,San Luis Potosí,Planta,65-SEN,Sensores,3356.68,3642,308,3334,11.82,Japón,QRO-CEL
1619,2026-04-20,2026-04-25,2026,4,1,5,1,2,238.5,3442.34,14.43,San Juan del Río,Tier1,66-ARN,Arneses,3511.95,1519,764,755,1.99,Japón,QRO-CEL
1620,2022-05-27,2022-05-31,2022,5,5,4,1,1,53.1,585.66,11.03,Celaya,Distribuidor,3-ELE,Electrónica,4739.2,4636,173,4463,26.8,USA,QRO-SLP
1621,2026-05-15,2026-05-31,2026,5,5,16,1,7,126,1832,14.54,Corregidora,Distribuidor,44-SUS,Suspensión,504.34,1272,969,303,1.31,China,QRO-SLP
1622,2025-02-27,2025-03-05,2025,2,4,6,1,3,149,2975.16,19.97,San Luis Potosí,Distribuidor,17-SEN,Sensores,2051.63,4952,131,4821,37.8,China,QRO-SLP
1623,2026-05-01,2026-05-29,2026,5,5,28,1,21,160.9,2808.62,17.46,Corregidora,Taller,42-SEN,Sensores,534.52,117,157,-40,0.75,USA,QRO-SJR
1624,2026-03-31,2026-04-05,2026,3,2,5,1,2,280.6,3273.91,11.67,San Luis Potosí,Planta,55-FRE,Frenos,3030.18,3583,896,2687,4,China,QRO-SJR
1625,2026-05-12,2026-05-27,2026,5,2,15,1,10,44.9,471.6,10.5,Corregidora,Distribuidor,56-SEN,Sensores,1253.34,3707,620,3087,5.98,Japón,QRO-MQZ
1626,2024-11-14,2024-11-17,2024,11,4,3,0,0,236.5,4455.63,18.84,San Luis Potosí,Tier1,70-ARN,Arneses,1874.06,2106,688,1418,3.06,Japón,QRO-SLP
1627,2025-04-18,2025-04-20,2025,4,5,2,0,0,266.8,3245.8,12.17,Celaya,Taller,95-ELE,Electrónica,4863.69,3953,627,3326,6.3,Japón,QRO-SJR
1628,2023-08-02,2023-08-03,2023,8,3,1,0,0,249.1,3390.69,13.61,Celaya,Planta,77-SEN,Sensores,2481.2,2143,179,1964,11.97,México,QRO-CEL
1629,2021-08-13,2021-08-19,2021,8,5,6,1,3,322.2,4090.84,12.7,León,Planta,93-SUS,Suspensión,251.29,694,704,-10,0.99,China,QRO-CEL
1630,2025-04-29,2025-05-06,2025,4,2,7,1,4,146.6,2245.85,15.32,León,Planta,8-ARN,Arneses,3605.24,2185,615,1570,3.55,México,QRO-SJR
1631,2026-05-08,2026-06-01,2026,5,5,24,1,14,107.4,991.6,9.23,El Marqués,Taller,37-ARN,Arneses,1422.73,3772,947,2825,3.98,Alemania,QRO-MQZ
1632,2024-08-03,2024-08-08,2024,8,6,5,1,2,168.6,2441.33,14.48,El Marqués,Taller,8-ARN,Arneses,3605.24,2185,615,1570,3.55,México,QRO-SLP
1633,2026-05-10,2026-05-26,2026,5,0,16,1,12,255.4,4213.52,16.5,San Luis Potosí,Planta,93-ELE,Electrónica,3454.32,4964,773,4191,6.42,Japón,QRO-SJR
1634,2025-05-04,2025-05-07,2025,5,0,3,0,0,93.8,915.35,9.76,San Luis Potosí,Tier1,94-SEN,Sensores,3460.4,1180,938,242,1.26,China,QRO-CEL
1635,2026-05-10,2026-05-28,2026,5,0,18,1,12,117.7,1930.04,16.4,San Juan del Río,Tier1,3-ARN,Arneses,4070.75,2695,779,1916,3.46,China,QRO-CEL
1636,2023-06-20,2023-06-24,2023,6,2,4,1,1,152.6,1890.47,12.39,León,Taller,37-FRE,Frenos,4079.98,4495,915,3580,4.91,USA,QRO-SJR
1637,2021-10-21,2021-10-26,2021,10,4,5,1,2,211.2,2239.1,10.6,El Marqués,Planta,93-SEN,Sensores,4236.96,1229,379,850,3.24,China,QRO-SJR
1638,2023-04-27,2023-04-30,2023,4,4,3,0,0,22.9,226.33,9.88,León,Taller,34-ARN,Arneses,4771.65,2699,606,2093,4.45,Alemania,QRO-CEL
1639,2025-12-25,2025-12-29,2025,12,4,4,1,1,18.2,223.3,12.27,Corregidora,Distribuidor,68-SUS,Suspensión,4427.01,2107,162,1945,13.01,México,QRO-SLP
1640,2025-11-23,2025-11-27,2025,11,0,4,1,1,124.5,2281.43,18.32,Querétaro,Tier1,87-FRE,Frenos,4868.31,520,545,-25,0.95,México,QRO-SJR
1641,2022-12-15,2022-12-23,2022,12,4,8,1,5,220.8,4161.11,18.85,Celaya,Planta,38-FRE,Frenos,2176.42,4632,529,4103,8.76,USA,QRO-MQZ
1642,2022-12-10,2022-12-18,2022,12,6,8,1,5,264,3403.18,12.89,San Juan del Río,Taller,92-ARN,Arneses,287.69,1288,902,386,1.43,Japón,QRO-SLP
1643,2026-01-05,2026-01-10,2026,1,1,5,1,2,52.2,490.47,9.4,Querétaro,Tier1,68-FRE,Frenos,3853.4,2725,382,2343,7.13,Japón,QRO-MQZ
1644,2026-05-25,2026-06-07,2026,5,1,13,0,0,255,4854.41,19.04,Celaya,Planta,59-ELE,Electrónica,3153.37,470,478,-8,0.98,China,QRO-SLP
1645,2026-05-11,2026-05-31,2026,5,1,20,1,11,100.4,1075,10.71,Celaya,Distribuidor,3-ELE,Electrónica,4739.2,4636,173,4463,26.8,Alemania,QRO-CEL
1646,2023-09-07,2023-09-15,2023,9,4,8,1,5,109.3,1092.84,10,Corregidora,Tier1,77-FRE,Frenos,1286.73,3721,625,3096,5.95,México,QRO-SJR
1647,2023-03-09,2023-03-16,2023,3,4,7,1,4,173,2476.7,14.32,Celaya,Distribuidor,67-FRE,Frenos,2570.48,1579,719,860,2.2,China,QRO-SJR
1648,2026-05-12,2026-05-15,2026,5,2,3,0,0,56.5,649.73,11.5,Celaya,Planta,37-SEN,Sensores,3969.15,3602,841,2761,4.28,Alemania,QRO-SLP
1649,2026-05-25,2026-06-05,2026,5,1,11,0,0,251,2503.02,9.97,León,Tier1,89-SEN,Sensores,4357.78,2341,878,1463,2.67,México,QRO-SJR
1650,2022-12-29,2023-01-05,2022,12,4,7,1,4,309,3154.68,10.21,Corregidora,Tier1,69-ELE,Electrónica,1827.32,416,556,-140,0.75,Alemania,QRO-SJR
1651,2025-11-09,2025-11-14,2025,11,0,5,1,2,12.8,147.24,11.5,Querétaro,Taller,75-FRE,Frenos,2586.79,1278,749,529,1.71,Alemania,QRO-CEL
1652,2026-05-17,2026-05-25,2026,5,0,8,1,5,84.7,1546.1,18.25,San Luis Potosí,Distribuidor,79-SEN,Sensores,3466.99,835,695,140,1.2,Japón,QRO-SJR
1653,2024-11-19,2024-11-27,2024,11,2,8,1,5,180.2,1696.21,9.41,San Luis Potosí,Tier1,95-ELE,Electrónica,4863.69,3953,627,3326,6.3,USA,QRO-SLP
1654,2026-05-03,2026-05-29,2026,5,0,26,1,19,139.1,2006.84,14.43,Querétaro,Planta,94-ELE,Electrónica,673.59,2723,409,2314,6.66,Alemania,QRO-MQZ
1655,2026-05-10,2026-05-26,2026,5,0,16,1,12,110.2,1728.83,15.69,Celaya,Tier1,27-SUS,Suspensión,4748.31,2962,518,2444,5.72,USA,QRO-SJR
1656,2022-06-09,2022-06-13,2022,6,4,4,1,1,175.4,1914.73,10.92,Celaya,Taller,52-ELE,Electrónica,4788.22,421,203,218,2.07,China,QRO-CEL
1657,2026-05-03,2026-05-29,2026,5,0,26,1,19,25.4,250.64,9.87,León,Taller,82-SEN,Sensores,1389.69,82,257,-175,0.32,Japón,QRO-CEL
1658,2022-05-14,2022-05-18,2022,5,6,4,1,1,180.8,2014.26,11.14,San Luis Potosí,Tier1,68-ARN,Arneses,4667.59,2569,343,2226,7.49,China,QRO-SLP
1659,2024-01-29,2024-02-02,2024,1,1,4,1,1,36.1,610.14,16.9,Corregidora,Planta,91-ELE,Electrónica,4015.73,261,463,-202,0.56,Japón,QRO-SJR
1660,2023-10-28,2023-11-03,2023,10,6,6,1,3,267.4,4414.81,16.51,El Marqués,Planta,13-SEN,Sensores,1929.65,2670,406,2264,6.58,USA,QRO-MQZ
1661,2026-05-19,2026-05-30,2026,5,2,11,1,3,324.3,6271.07,19.34,El Marqués,Taller,71-SUS,Suspensión,1916.47,1253,659,594,1.9,Japón,QRO-SLP
1662,2024-05-14,2024-05-22,2024,5,2,8,1,5,196.8,3269.48,16.61,Querétaro,Distribuidor,22-FRE,Frenos,473.66,3099,887,2212,3.49,USA,QRO-SJR
1663,2021-06-15,2021-06-23,2021,6,2,8,1,5,174.6,1502.87,8.61,San Juan del Río,Taller,15-SEN,Sensores,4743.16,142,448,-306,0.32,USA,QRO-CEL
1664,2026-05-10,2026-05-27,2026,5,0,17,1,12,87.7,1003.72,11.44,El Marqués,Tier1,42-ELE,Electrónica,3324.88,3038,963,2075,3.15,Japón,QRO-CEL
1665,2022-07-20,2022-07-23,2022,7,3,3,0,0,70.3,1031.5,14.67,León,Tier1,6-ELE,Electrónica,1689.54,135,497,-362,0.27,USA,QRO-MQZ
1666,2026-05-12,2026-05-31,2026,5,2,19,1,10,340.2,3286.7,9.66,El Marqués,Planta,87-ARN,Arneses,4993.62,4977,367,4610,13.56,Japón,QRO-MQZ
1667,2024-05-04,2024-05-10,2024,5,6,6,1,3,191.2,2416.45,12.64,San Juan del Río,Taller,72-SEN,Sensores,2907.83,4310,751,3559,5.74,China,QRO-CEL
1668,2026-05-02,2026-05-31,2026,5,6,29,1,20,51.3,591.22,11.52,León,Taller,13-SEN,Sensores,1929.65,2670,406,2264,6.58,Alemania,QRO-CEL
1669,2026-05-08,2026-05-31,2026,5,5,23,1,14,329.6,3535.26,10.73,Celaya,Planta,53-SUS,Suspensión,2062.9,3440,719,2721,4.78,USA,QRO-SLP
1670,2026-05-20,2026-05-31,2026,5,3,11,1,2,348.6,6567.37,18.84,León,Tier1,18-FRE,Frenos,2478.97,2322,407,1915,5.71,China,QRO-CEL
1671,2024-05-29,2024-06-06,2024,5,3,8,1,5,76.2,1087.48,14.27,Querétaro,Distribuidor,50-SEN,Sensores,4354.41,2670,213,2457,12.54,Japón,QRO-SJR
1672,2025-12-28,2026-01-04,2025,12,0,7,1,4,56.2,942.96,16.78,El Marqués,Tier1,30-SEN,Sensores,3410.75,196,590,-394,0.33,Japón,QRO-MQZ
1673,2026-05-06,2026-05-31,2026,5,3,25,1,16,276.7,5209.65,18.83,El Marqués,Taller,33-FRE,Frenos,4635.35,4897,202,4695,24.24,México,QRO-SJR
1674,2026-05-08,2026-05-27,2026,5,5,19,1,14,338.3,2813.21,8.32,San Juan del Río,Planta,67-ARN,Arneses,250.33,2392,600,1792,3.99,USA,QRO-SLP
1675,2022-07-20,2022-07-23,2022,7,3,3,0,0,25.3,382.28,15.11,Celaya,Planta,13-ELE,Electrónica,1731.24,4181,159,4022,26.3,USA,QRO-SJR
1676,2023-02-08,2023-02-16,2023,2,3,8,1,5,305,2576.15,8.45,El Marqués,Taller,83-FRE,Frenos,4864.67,2926,560,2366,5.22,México,QRO-MQZ
1677,2023-12-31,2024-01-04,2023,12,0,4,1,1,110.8,1641.01,14.81,San Luis Potosí,Planta,88-SEN,Sensores,674.64,467,107,360,4.36,China,QRO-CEL
1678,2025-08-16,2025-08-23,2025,8,6,7,1,4,77,1318.34,17.12,Corregidora,Distribuidor,49-SEN,Sensores,1664.17,3963,807,3156,4.91,Japón,QRO-SJR
1679,2026-05-09,2026-05-28,2026,5,6,19,1,13,313.2,5372.58,17.15,San Juan del Río,Planta,1-SUS,Suspensión,3019.89,3188,814,2374,3.92,México,QRO-SJR
1680,2022-05-28,2022-05-31,2022,5,6,3,0,0,87,1149.21,13.21,Corregidora,Tier1,69-SUS,Suspensión,2311.07,1018,914,104,1.11,Japón,QRO-MQZ
1681,2025-05-09,2025-05-12,2025,5,5,3,0,0,321.5,5202.76,16.18,Corregidora,Planta,6-ARN,Arneses,1073.65,2312,666,1646,3.47,Alemania,QRO-CEL
1682,2024-06-25,2024-06-30,2024,6,2,5,1,2,180.6,2059.74,11.4,Querétaro,Taller,58-ELE,Electrónica,2903.09,691,258,433,2.68,USA,QRO-SLP
1683,2023-12-31,2024-01-04,2023,12,0,4,1,1,222.1,2540.01,11.44,Corregidora,Distribuidor,79-SEN,Sensores,3466.99,835,695,140,1.2,Japón,QRO-SLP
1684,2026-05-25,2026-05-31,2026,5,1,6,0,0,178.6,3166.43,17.73,León,Tier1,13-ELE,Electrónica,1731.24,4181,159,4022,26.3,China,QRO-CEL
1685,2021-04-26,2021-04-27,2021,4,1,1,0,0,239.8,4734.57,19.74,San Luis Potosí,Planta,85-SEN,Sensores,1521.2,2920,544,2376,5.37,Alemania,QRO-SLP
1686,2026-05-24,2026-05-28,2026,5,0,4,0,0,254.1,3445.07,13.56,Querétaro,Distribuidor,25-SEN,Sensores,4979.92,3606,752,2854,4.8,China,QRO-CEL
1687,2023-06-20,2023-06-21,2023,6,2,1,0,0,102.5,1466.96,14.31,León,Planta,26-ARN,Arneses,1872.84,4883,185,4698,26.39,Japón,QRO-MQZ
1688,2022-06-15,2022-06-23,2022,6,3,8,1,5,34.9,573.37,16.43,San Juan del Río,Tier1,67-SEN,Sensores,1150.29,310,108,202,2.87,México,QRO-SLP
1689,2023-04-12,2023-04-17,2023,4,3,5,1,2,80.5,903.87,11.23,León,Taller,79-ELE,Electrónica,359.85,133,141,-8,0.94,Alemania,QRO-CEL
1690,2023-11-09,2023-11-15,2023,11,4,6,1,3,118.8,2317.99,19.51,San Luis Potosí,Taller,72-SUS,Suspensión,234.19,3605,243,3362,14.84,Alemania,QRO-CEL
1691,2026-05-25,2026-05-28,2026,5,1,3,0,0,14.8,152.55,10.31,Querétaro,Distribuidor,26-ELE,Electrónica,922.82,3095,331,2764,9.35,China,QRO-CEL
1692,2023-04-25,2023-04-26,2023,4,2,1,0,0,214.4,4265.81,19.9,San Luis Potosí,Tier1,95-SEN,Sensores,3843.72,3856,664,3192,5.81,Japón,QRO-SLP
1693,2026-05-13,2026-05-26,2026,5,3,13,1,9,161.4,2397.36,14.85,San Juan del Río,Planta,40-ELE,Electrónica,3251.02,3372,892,2480,3.78,USA,QRO-SJR
1694,2021-10-07,2021-10-14,2021,10,4,7,1,4,347.1,5984.22,17.24,Querétaro,Distribuidor,43-SUS,Suspensión,2851.8,2949,285,2664,10.35,Alemania,QRO-SJR
1695,2024-05-17,2024-05-20,2024,5,5,3,0,0,38.9,671.66,17.27,San Luis Potosí,Distribuidor,14-FRE,Frenos,3534.94,4023,455,3568,8.84,USA,QRO-SJR
1696,2023-11-14,2023-11-20,2023,11,2,6,1,3,102.8,1219.28,11.86,Celaya,Planta,18-ARN,Arneses,3932.93,125,138,-13,0.91,Japón,QRO-MQZ
1697,2021-04-19,2021-04-21,2021,4,1,2,0,0,273.2,3835.28,14.04,Querétaro,Planta,75-SEN,Sensores,2324.33,2246,115,2131,19.53,China,QRO-SLP
1698,2026-05-24,2026-05-31,2026,5,0,7,0,0,93,1274.31,13.7,El Marqués,Tier1,99-ARN,Arneses,1390.25,230,392,-162,0.59,Alemania,QRO-MQZ
1699,2026-05-17,2026-05-30,2026,5,0,13,1,5,63.2,814.91,12.89,Corregidora,Planta,23-FRE,Frenos,3759.37,4902,886,4016,5.53,China,QRO-SJR
1700,2022-02-07,2022-02-09,2022,2,1,2,0,0,162,3198.05,19.74,Celaya,Tier1,71-FRE,Frenos,3409.21,2240,727,1513,3.08,México,QRO-CEL
1701,2026-05-15,2026-05-27,2026,5,5,12,1,7,120.3,2173.91,18.07,Celaya,Tier1,48-SUS,Suspensión,3762.52,1609,412,1197,3.91,Alemania,QRO-MQZ
1702,2025-04-29,2025-05-05,2025,4,2,6,1,3,237.2,3776.48,15.92,León,Tier1,51-ARN,Arneses,2205.11,3816,443,3373,8.61,Alemania,QRO-SLP
1703,2026-05-06,2026-05-29,2026,5,3,23,1,16,119.9,1122.05,9.36,Corregidora,Planta,4-ELE,Electrónica,1583.34,802,919,-117,0.87,Alemania,QRO-SJR
1704,2021-07-12,2021-07-16,2021,7,1,4,1,1,209.9,1932.28,9.21,Celaya,Planta,18-ARN,Arneses,3932.93,125,138,-13,0.91,México,QRO-MQZ
1705,2026-05-16,2026-06-01,2026,5,6,16,1,6,22.6,194.03,8.59,Querétaro,Planta,67-FRE,Frenos,2570.48,1579,719,860,2.2,México,QRO-SLP
1706,2026-05-02,2026-05-29,2026,5,6,27,1,20,217.1,2279.38,10.5,Corregidora,Distribuidor,90-ELE,Electrónica,2914.45,2443,282,2161,8.66,Japón,QRO-CEL
1707,2024-03-22,2024-03-25,2024,3,5,3,0,0,196.8,2978.01,15.13,Corregidora,Planta,13-SUS,Suspensión,186.07,4142,666,3476,6.22,China,QRO-CEL
1708,2023-10-06,2023-10-13,2023,10,5,7,1,4,266.6,2681.69,10.06,Celaya,Tier1,96-SEN,Sensores,4971.73,4377,915,3462,4.78,México,QRO-CEL
1709,2026-05-15,2026-05-30,2026,5,5,15,1,7,37.6,479.77,12.76,El Marqués,Taller,75-SUS,Suspensión,269.17,1657,967,690,1.71,Japón,QRO-MQZ
1710,2024-05-31,2024-06-02,2024,5,5,2,0,0,299.5,5403.57,18.04,Celaya,Planta,84-SEN,Sensores,3879.48,1645,209,1436,7.87,USA,QRO-MQZ
1711,2023-12-18,2023-12-20,2023,12,1,2,0,0,25.3,425.38,16.81,Celaya,Planta,10-SUS,Suspensión,3974.3,2474,590,1884,4.19,China,QRO-SJR
1712,2026-05-11,2026-06-01,2026,5,1,21,1,11,269.7,3867.54,14.34,El Marqués,Taller,42-ARN,Arneses,4312.83,3536,833,2703,4.24,Alemania,QRO-MQZ
1713,2021-11-13,2021-11-20,2021,11,6,7,1,4,227.5,3077.27,13.53,El Marqués,Tier1,68-ARN,Arneses,4667.59,2569,343,2226,7.49,USA,QRO-MQZ
1714,2021-12-27,2021-12-28,2021,12,1,1,0,0,164.7,2698.36,16.38,El Marqués,Taller,22-SEN,Sensores,4518.66,3974,785,3189,5.06,USA,QRO-SLP
1715,2022-07-17,2022-07-21,2022,7,0,4,1,1,154.5,1386.76,8.98,León,Tier1,35-ELE,Electrónica,1141.28,3576,681,2895,5.25,Alemania,QRO-MQZ
1716,2026-05-05,2026-05-29,2026,5,2,24,1,17,35.6,599.26,16.83,El Marqués,Tier1,100-SEN,Sensores,1884.18,1812,275,1537,6.59,USA,QRO-CEL
1717,2024-11-02,2024-11-09,2024,11,6,7,1,4,163.2,2868.8,17.58,San Juan del Río,Tier1,39-SEN,Sensores,905.02,4748,901,3847,5.27,USA,QRO-SJR
1718,2026-05-03,2026-06-01,2026,5,0,29,1,19,173.7,1838.64,10.59,Celaya,Distribuidor,72-ARN,Arneses,3783.02,2196,705,1491,3.11,Japón,QRO-MQZ
1719,2021-08-26,2021-09-03,2021,8,4,8,1,5,233.5,4120.24,17.65,León,Tier1,31-SUS,Suspensión,414.84,3309,482,2827,6.87,China,QRO-SLP
1720,2026-05-22,2026-05-29,2026,5,5,7,0,0,288.6,4048.83,14.03,El Marqués,Taller,31-ELE,Electrónica,4149.51,2548,128,2420,19.91,Alemania,QRO-SJR
1721,2024-03-13,2024-03-20,2024,3,3,7,1,4,227.5,3946.13,17.35,San Juan del Río,Planta,67-ARN,Arneses,250.33,2392,600,1792,3.99,China,QRO-CEL
1722,2026-05-02,2026-05-26,2026,5,6,24,1,20,195.2,2581.8,13.23,El Marqués,Tier1,39-SUS,Suspensión,3757.25,1049,806,243,1.3,México,QRO-CEL
1723,2026-05-13,2026-06-01,2026,5,3,19,1,9,315.3,4371.31,13.86,Celaya,Planta,77-SUS,Suspensión,2408.66,2567,263,2304,9.76,USA,QRO-MQZ
1724,2023-09-25,2023-09-30,2023,9,1,5,1,2,241.6,2767.86,11.46,Celaya,Tier1,92-SEN,Sensores,4469.2,3130,154,2976,20.32,USA,QRO-SJR
1725,2022-06-03,2022-06-10,2022,6,5,7,1,4,248.4,2971.13,11.96,León,Tier1,7-SUS,Suspensión,3185.28,4440,570,3870,7.79,México,QRO-CEL
1726,2022-09-30,2022-10-05,2022,9,5,5,1,2,267.5,5160.64,19.29,San Luis Potosí,Tier1,60-SUS,Suspensión,2653.99,2128,369,1759,5.77,México,QRO-MQZ
1727,2024-04-16,2024-04-23,2024,4,2,7,1,4,183.1,3469.31,18.95,Querétaro,Distribuidor,79-SEN,Sensores,3466.99,835,695,140,1.2,México,QRO-SLP
1728,2026-05-20,2026-06-01,2026,5,3,12,1,2,185.1,1725.82,9.32,Corregidora,Distribuidor,94-FRE,Frenos,4473.89,3060,162,2898,18.89,USA,QRO-SLP
1729,2022-07-07,2022-07-09,2022,7,4,2,0,0,328.7,6026.02,18.33,El Marqués,Taller,96-ARN,Arneses,1067.24,3998,883,3115,4.53,USA,QRO-CEL
1730,2023-10-22,2023-10-30,2023,10,0,8,1,5,314.3,3769.59,11.99,San Juan del Río,Planta,4-SEN,Sensores,415.57,4942,295,4647,16.75,USA,QRO-MQZ
1731,2024-03-13,2024-03-14,2024,3,3,1,0,0,92.7,769.29,8.3,León,Planta,69-SUS,Suspensión,2311.07,1018,914,104,1.11,USA,QRO-SLP
1732,2021-04-30,2021-05-05,2021,4,5,5,1,2,197.7,2939.48,14.87,El Marqués,Taller,28-SEN,Sensores,1818.54,4432,701,3731,6.32,USA,QRO-CEL
1733,2021-12-06,2021-12-12,2021,12,1,6,1,3,33.4,521.36,15.61,San Luis Potosí,Taller,68-SEN,Sensores,3619.25,1156,733,423,1.58,México,QRO-SJR
1734,2026-04-18,2026-04-19,2026,4,6,1,0,0,61.6,636.04,10.33,Corregidora,Tier1,44-ELE,Electrónica,1705.75,4295,341,3954,12.6,USA,QRO-MQZ
1735,2025-03-08,2025-03-10,2025,3,6,2,0,0,48.2,563.26,11.69,Celaya,Distribuidor,63-ARN,Arneses,1644.88,31,820,-789,0.04,México,QRO-CEL
1736,2021-05-07,2021-05-12,2021,5,5,5,1,2,140.9,1578.91,11.21,San Luis Potosí,Planta,54-SEN,Sensores,2229.64,971,924,47,1.05,Alemania,QRO-CEL
1737,2021-02-12,2021-02-16,2021,2,5,4,1,1,330.3,3673.85,11.12,Querétaro,Planta,85-SUS,Suspensión,2247.84,2925,536,2389,5.46,USA,QRO-SJR
1738,2025-02-15,2025-02-17,2025,2,6,2,0,0,161.2,2136.19,13.25,Celaya,Planta,37-SEN,Sensores,3969.15,3602,841,2761,4.28,China,QRO-SLP
1739,2025-03-18,2025-03-25,2025,3,2,7,1,4,305.3,4778,15.65,Corregidora,Planta,67-FRE,Frenos,2570.48,1579,719,860,2.2,México,QRO-SJR
1740,2025-09-14,2025-09-19,2025,9,0,5,1,2,281,4202.18,14.95,León,Tier1,64-FRE,Frenos,3469.29,4865,898,3967,5.42,USA,QRO-MQZ
1741,2023-01-09,2023-01-12,2023,1,1,3,0,0,200.3,3090.19,15.43,León,Tier1,11-SUS,Suspensión,588.59,823,217,606,3.79,China,QRO-SLP
1742,2022-08-13,2022-08-17,2022,8,6,4,1,1,208.1,2623.47,12.61,Querétaro,Tier1,4-SUS,Suspensión,4325.44,2289,793,1496,2.89,Alemania,QRO-CEL
1743,2025-08-22,2025-08-30,2025,8,5,8,1,5,330.6,4820.95,14.58,León,Planta,76-ARN,Arneses,690.12,2510,973,1537,2.58,China,QRO-CEL
1744,2025-10-04,2025-10-10,2025,10,6,6,1,3,198.6,2155.13,10.85,San Juan del Río,Planta,29-ELE,Electrónica,1560,2476,616,1860,4.02,Alemania,QRO-MQZ
1745,2026-05-24,2026-06-01,2026,5,0,8,0,0,262.8,2112.44,8.04,San Juan del Río,Taller,88-SEN,Sensores,674.64,467,107,360,4.36,USA,QRO-SLP
1746,2026-05-13,2026-05-27,2026,5,3,14,1,9,244,3507.69,14.38,León,Tier1,67-ARN,Arneses,250.33,2392,600,1792,3.99,Alemania,QRO-MQZ
1747,2021-12-07,2021-12-09,2021,12,2,2,0,0,160.7,1445.97,9,San Luis Potosí,Tier1,50-FRE,Frenos,3207.27,2881,413,2468,6.98,China,QRO-SJR
1748,2021-01-15,2021-01-16,2021,1,5,1,0,0,54.9,518.42,9.44,Celaya,Planta,86-SUS,Suspensión,1070.24,3068,901,2167,3.41,México,QRO-CEL
1749,2024-05-31,2024-06-01,2024,5,5,1,0,0,92.1,1646.21,17.87,Querétaro,Tier1,64-ELE,Electrónica,4488.81,2018,103,1915,19.59,Japón,QRO-CEL
1750,2026-05-11,2026-05-29,2026,5,1,18,1,11,60,749.91,12.5,San Juan del Río,Taller,97-SEN,Sensores,396.7,1142,502,640,2.27,USA,QRO-MQZ
1751,2022-03-26,2022-03-30,2022,3,6,4,1,1,331,5339.28,16.13,Corregidora,Taller,14-ARN,Arneses,4946.12,2364,110,2254,21.49,Alemania,QRO-CEL
1752,2024-01-12,2024-01-16,2024,1,5,4,1,1,205.2,4021.95,19.6,San Luis Potosí,Tier1,41-SEN,Sensores,4243.67,4515,377,4138,11.98,Alemania,QRO-SLP
1753,2023-06-01,2023-06-09,2023,6,4,8,1,5,108.7,1618.59,14.89,Celaya,Distribuidor,76-ARN,Arneses,690.12,2510,973,1537,2.58,Alemania,QRO-SJR
1754,2025-05-20,2025-05-28,2025,5,2,8,1,5,318.6,4725.53,14.83,Celaya,Tier1,84-ARN,Arneses,1914.15,2582,463,2119,5.58,USA,QRO-MQZ
1755,2026-05-22,2026-05-28,2026,5,5,6,0,0,100.1,1267.97,12.67,León,Planta,62-FRE,Frenos,4762.92,2484,760,1724,3.27,Japón,QRO-SLP
1756,2021-09-25,2021-09-29,2021,9,6,4,1,1,123.8,1098.22,8.87,León,Tier1,56-ARN,Arneses,1558.68,1866,703,1163,2.65,Alemania,QRO-CEL
1757,2022-02-20,2022-02-25,2022,2,0,5,1,2,182,3307.65,18.17,Querétaro,Tier1,25-FRE,Frenos,2232.98,3690,225,3465,16.4,México,QRO-SLP
1758,2026-05-23,2026-06-02,2026,5,6,10,0,0,200.9,2273.55,11.32,Querétaro,Planta,94-SEN,Sensores,3460.4,1180,938,242,1.26,USA,QRO-MQZ
1759,2026-05-06,2026-05-30,2026,5,3,24,1,16,54.3,948.17,17.46,El Marqués,Taller,56-FRE,Frenos,1990.85,504,987,-483,0.51,USA,QRO-SJR
1760,2026-05-23,2026-05-31,2026,5,6,8,0,0,339.2,6135.34,18.09,Corregidora,Planta,61-FRE,Frenos,2992.6,2417,256,2161,9.44,México,QRO-CEL
1761,2026-05-17,2026-05-30,2026,5,0,13,1,5,43,363.12,8.44,Corregidora,Distribuidor,56-SUS,Suspensión,4497.66,4064,966,3098,4.21,México,QRO-MQZ
1762,2022-05-03,2022-05-06,2022,5,2,3,0,0,18.5,363.25,19.64,Querétaro,Tier1,54-SUS,Suspensión,456.95,529,846,-317,0.63,Japón,QRO-SLP
1763,2022-01-22,2022-01-23,2022,1,6,1,0,0,113.6,1040.5,9.16,San Juan del Río,Planta,5-SUS,Suspensión,1510.97,1853,254,1599,7.3,Japón,QRO-SLP
1764,2026-05-06,2026-05-25,2026,5,3,19,1,16,347,6721.94,19.37,San Luis Potosí,Planta,99-ARN,Arneses,1390.25,230,392,-162,0.59,China,QRO-SLP
1765,2026-05-06,2026-05-27,2026,5,3,21,1,16,37.7,422.4,11.2,Querétaro,Tier1,44-ELE,Electrónica,1705.75,4295,341,3954,12.6,China,QRO-SLP
1766,2024-10-16,2024-10-21,2024,10,3,5,1,2,181.7,2754.63,15.16,El Marqués,Planta,70-SUS,Suspensión,3232.39,1824,203,1621,8.99,USA,QRO-MQZ
1767,2023-07-20,2023-07-27,2023,7,4,7,1,4,85.5,892.73,10.44,El Marqués,Tier1,12-SEN,Sensores,4736.13,22,333,-311,0.07,Japón,QRO-MQZ
1768,2021-04-06,2021-04-13,2021,4,2,7,1,4,144.3,2840.53,19.68,Querétaro,Distribuidor,64-SEN,Sensores,4961.2,4001,258,3743,15.51,USA,QRO-SLP
1769,2026-05-12,2026-05-28,2026,5,2,16,1,10,130.1,1756.86,13.5,El Marqués,Planta,99-SEN,Sensores,779.25,3054,160,2894,19.09,China,QRO-CEL
1770,2026-05-12,2026-06-01,2026,5,2,20,1,10,285.4,4055.46,14.21,Querétaro,Tier1,3-ELE,Electrónica,4739.2,4636,173,4463,26.8,Japón,QRO-SJR
1771,2025-03-20,2025-03-21,2025,3,4,1,0,0,146.6,2310.26,15.76,Querétaro,Planta,50-ARN,Arneses,2901.33,2029,792,1237,2.56,Japón,QRO-SLP
1772,2026-05-25,2026-05-28,2026,5,1,3,0,0,190.8,2547.04,13.35,Querétaro,Distribuidor,21-SUS,Suspensión,3922.67,482,217,265,2.22,México,QRO-MQZ
1773,2022-09-09,2022-09-16,2022,9,5,7,1,4,105.1,2044.61,19.45,Corregidora,Tier1,83-ARN,Arneses,4089.81,3819,304,3515,12.56,USA,QRO-SLP
1774,2023-02-03,2023-02-04,2023,2,5,1,0,0,145.4,2587.38,17.79,León,Planta,90-SUS,Suspensión,679.84,1842,357,1485,5.16,China,QRO-SJR
1775,2025-12-26,2025-12-31,2025,12,5,5,1,2,29.7,532.66,17.93,León,Taller,55-SUS,Suspensión,105.27,1887,966,921,1.95,USA,QRO-CEL
1776,2026-05-09,2026-05-28,2026,5,6,19,1,13,261.2,3223.04,12.34,Querétaro,Taller,100-SUS,Suspensión,4542.37,1415,190,1225,7.45,China,QRO-SJR
1777,2026-05-16,2026-05-29,2026,5,6,13,1,6,190.4,2860.71,15.02,Celaya,Planta,24-ARN,Arneses,4525.05,711,612,99,1.16,México,QRO-CEL
1778,2022-01-24,2022-01-31,2022,1,1,7,1,4,168.3,2330.48,13.85,León,Taller,52-SEN,Sensores,2701.62,2240,729,1511,3.07,México,QRO-SLP
1779,2023-05-03,2023-05-05,2023,5,3,2,0,0,340.9,3736.19,10.96,San Luis Potosí,Planta,84-FRE,Frenos,3127.21,853,327,526,2.61,Japón,QRO-MQZ
1780,2022-10-23,2022-10-28,2022,10,0,5,1,2,180.9,2979.57,16.47,Corregidora,Distribuidor,53-FRE,Frenos,818.13,4754,550,4204,8.64,México,QRO-SJR
1781,2022-06-28,2022-06-29,2022,6,2,1,0,0,303.2,3660.01,12.07,Corregidora,Distribuidor,11-SUS,Suspensión,588.59,823,217,606,3.79,Japón,QRO-SLP
1782,2023-10-13,2023-10-17,2023,10,5,4,1,1,67.9,1071.32,15.78,Celaya,Planta,43-ARN,Arneses,913.85,1716,755,961,2.27,Japón,QRO-SLP
1783,2022-09-08,2022-09-11,2022,9,4,3,0,0,288.9,5395.7,18.68,San Luis Potosí,Tier1,72-SUS,Suspensión,234.19,3605,243,3362,14.84,México,QRO-SJR
1784,2025-01-04,2025-01-09,2025,1,6,5,1,2,317.5,4123.31,12.99,León,Planta,87-ARN,Arneses,4993.62,4977,367,4610,13.56,México,QRO-SLP
1785,2024-07-27,2024-07-31,2024,7,6,4,1,1,340.2,4076.58,11.98,León,Taller,19-SEN,Sensores,1116.53,4535,959,3576,4.73,China,QRO-SJR
1786,2026-05-05,2026-05-27,2026,5,2,22,1,17,178.6,2640.21,14.78,Querétaro,Tier1,33-SEN,Sensores,4299.55,4446,746,3700,5.96,USA,QRO-CEL
1787,2025-01-21,2025-01-22,2025,1,2,1,0,0,193.5,2930.03,15.14,San Juan del Río,Taller,41-ELE,Electrónica,4687.71,920,702,218,1.31,México,QRO-MQZ
1788,2026-05-25,2026-06-06,2026,5,1,12,0,0,216,2062.03,9.55,Querétaro,Distribuidor,55-SUS,Suspensión,105.27,1887,966,921,1.95,Japón,QRO-SJR
1789,2026-05-21,2026-05-26,2026,5,4,5,1,1,146.2,2101.04,14.37,León,Planta,90-SEN,Sensores,2337.67,4635,431,4204,10.75,México,QRO-CEL
1790,2021-09-04,2021-09-05,2021,9,6,1,0,0,283.2,5180.88,18.29,Querétaro,Tier1,13-ARN,Arneses,1454.25,4822,879,3943,5.49,México,QRO-CEL
1791,2024-11-21,2024-11-24,2024,11,4,3,0,0,43.4,637.15,14.68,León,Tier1,15-FRE,Frenos,886.52,1011,947,64,1.07,Japón,QRO-SJR
1792,2026-05-06,2026-05-30,2026,5,3,24,1,16,259,3076.65,11.88,Querétaro,Planta,7-FRE,Frenos,3386.88,9,821,-812,0.01,Japón,QRO-SJR
1793,2022-08-18,2022-08-24,2022,8,4,6,1,3,175.4,1656.92,9.45,Corregidora,Distribuidor,63-FRE,Frenos,2548.55,2094,709,1385,2.95,Japón,QRO-CEL
1794,2021-12-31,2022-01-01,2021,12,5,1,0,0,326.5,6446.94,19.75,León,Planta,5-SUS,Suspensión,1510.97,1853,254,1599,7.3,China,QRO-CEL
1795,2025-01-18,2025-01-21,2025,1,6,3,0,0,178,3399.67,19.1,Corregidora,Distribuidor,92-ELE,Electrónica,4401.79,4271,769,3502,5.55,USA,QRO-SJR
1796,2023-06-13,2023-06-19,2023,6,2,6,1,3,193.8,3706.55,19.13,León,Taller,93-ARN,Arneses,4982.78,4849,464,4385,10.45,México,QRO-SLP
1797,2022-07-15,2022-07-22,2022,7,5,7,1,4,35.5,487.9,13.74,San Luis Potosí,Taller,78-SEN,Sensores,1084.74,2183,681,1502,3.21,Japón,QRO-SLP
1798,2023-06-05,2023-06-11,2023,6,1,6,1,3,281,5522.38,19.65,Celaya,Distribuidor,25-ARN,Arneses,3915.2,4208,808,3400,5.21,China,QRO-MQZ
1799,2021-10-21,2021-10-28,2021,10,4,7,1,4,119.3,1769.21,14.83,Querétaro,Planta,91-ELE,Electrónica,4015.73,261,463,-202,0.56,México,QRO-SJR
1800,2022-05-07,2022-05-14,2022,5,6,7,1,4,336.6,4865.72,14.46,Querétaro,Taller,75-ELE,Electrónica,216.11,4758,831,3927,5.73,México,QRO-CEL
1801,2026-05-01,2026-05-26,2026,5,5,25,1,21,212.8,3862.18,18.15,León,Planta,46-SEN,Sensores,4891.28,2915,405,2510,7.2,Japón,QRO-MQZ
1802,2024-02-02,2024-02-03,2024,2,5,1,0,0,186.9,3709.61,19.85,San Luis Potosí,Tier1,65-FRE,Frenos,3031.57,2001,416,1585,4.81,Alemania,QRO-SJR
1803,2021-05-31,2021-06-08,2021,5,1,8,1,5,69.3,944.91,13.64,San Juan del Río,Planta,50-ARN,Arneses,2901.33,2029,792,1237,2.56,Japón,QRO-CEL
1804,2024-03-19,2024-03-21,2024,3,2,2,0,0,142.8,1727.5,12.1,Querétaro,Distribuidor,4-SUS,Suspensión,4325.44,2289,793,1496,2.89,China,QRO-SJR
1805,2026-05-11,2026-05-29,2026,5,1,18,1,11,106,1131.28,10.67,Celaya,Taller,12-SEN,Sensores,4736.13,22,333,-311,0.07,México,QRO-SLP
1806,2021-11-29,2021-12-06,2021,11,1,7,1,4,197.7,2614.8,13.23,León,Tier1,31-ELE,Electrónica,4149.51,2548,128,2420,19.91,USA,QRO-MQZ
1807,2024-06-30,2024-07-01,2024,6,0,1,0,0,223.4,3750.83,16.79,San Juan del Río,Tier1,61-ELE,Electrónica,1772.26,1011,456,555,2.22,China,QRO-SJR
1808,2021-11-07,2021-11-13,2021,11,0,6,1,3,79.8,1570.55,19.68,Querétaro,Tier1,83-ARN,Arneses,4089.81,3819,304,3515,12.56,México,QRO-CEL
1809,2025-10-14,2025-10-20,2025,10,2,6,1,3,150.5,2188.61,14.54,Corregidora,Distribuidor,46-ARN,Arneses,2665.1,3109,331,2778,9.39,México,QRO-CEL
1810,2022-04-01,2022-04-08,2022,4,5,7,1,4,290.5,3239.23,11.15,Corregidora,Distribuidor,70-ELE,Electrónica,1470.68,4676,492,4184,9.5,USA,QRO-SLP
1811,2025-07-28,2025-07-31,2025,7,1,3,0,0,10.5,116.7,11.11,Querétaro,Planta,31-FRE,Frenos,259.79,2493,478,2015,5.22,China,QRO-SLP
1812,2024-05-23,2024-05-30,2024,5,4,7,1,4,325.8,5660.71,17.37,Querétaro,Planta,23-FRE,Frenos,3759.37,4902,886,4016,5.53,Japón,QRO-SJR
1813,2026-05-17,2026-05-25,2026,5,0,8,1,5,216.7,2583.31,11.92,El Marqués,Planta,15-SEN,Sensores,4743.16,142,448,-306,0.32,USA,QRO-SJR
1814,2021-12-03,2021-12-05,2021,12,5,2,0,0,330,3988.82,12.09,León,Tier1,72-ARN,Arneses,3783.02,2196,705,1491,3.11,China,QRO-MQZ
1815,2023-10-10,2023-10-12,2023,10,2,2,0,0,74.4,1274.15,17.13,León,Tier1,35-ELE,Electrónica,1141.28,3576,681,2895,5.25,Japón,QRO-SJR
1816,2022-11-30,2022-12-01,2022,11,3,1,0,0,24.4,291.44,11.94,Celaya,Planta,99-ELE,Electrónica,1359.1,1089,262,827,4.16,México,QRO-CEL
1817,2021-12-18,2021-12-22,2021,12,6,4,1,1,249.7,2636.94,10.56,Celaya,Distribuidor,17-ARN,Arneses,1311.09,4802,363,4439,13.23,China,QRO-CEL
1818,2026-05-20,2026-05-28,2026,5,3,8,1,2,95.2,792.57,8.33,León,Tier1,56-FRE,Frenos,1990.85,504,987,-483,0.51,México,QRO-SLP
1819,2026-05-23,2026-05-25,2026,5,6,2,0,0,273,3234.44,11.85,León,Tier1,22-FRE,Frenos,473.66,3099,887,2212,3.49,China,QRO-MQZ
1820,2026-05-07,2026-05-28,2026,5,4,21,1,15,212.3,4118.24,19.4,El Marqués,Taller,100-SUS,Suspensión,4542.37,1415,190,1225,7.45,Japón,QRO-SJR
1821,2021-01-30,2021-01-31,2021,1,6,1,0,0,91.5,1651.47,18.05,León,Planta,73-SUS,Suspensión,1205.2,139,592,-453,0.23,Alemania,QRO-SJR
1822,2026-05-03,2026-05-28,2026,5,0,25,1,19,93.3,750.14,8.04,Querétaro,Planta,49-ARN,Arneses,412.82,3527,162,3365,21.77,Japón,QRO-CEL
1823,2026-05-05,2026-06-01,2026,5,2,27,1,17,144.1,1442.86,10.01,El Marqués,Planta,60-SUS,Suspensión,2653.99,2128,369,1759,5.77,México,QRO-SJR
1824,2021-11-25,2021-11-27,2021,11,4,2,0,0,29.1,252.6,8.68,Querétaro,Planta,63-SUS,Suspensión,3993.5,2133,790,1343,2.7,Alemania,QRO-MQZ
1825,2022-08-09,2022-08-14,2022,8,2,5,1,2,115.2,1418.35,12.31,El Marqués,Taller,12-SUS,Suspensión,2011.59,4865,386,4479,12.6,China,QRO-MQZ
1826,2022-06-28,2022-07-05,2022,6,2,7,1,4,277.1,2298.56,8.3,León,Taller,47-SEN,Sensores,2369.53,4045,567,3478,7.13,Alemania,QRO-MQZ
1827,2025-03-31,2025-04-02,2025,3,1,2,0,0,78.1,1467.15,18.79,León,Taller,95-ARN,Arneses,3304.01,4822,472,4350,10.22,USA,QRO-SLP
1828,2022-04-15,2022-04-22,2022,4,5,7,1,4,120.2,1530.5,12.73,San Luis Potosí,Tier1,76-SUS,Suspensión,1064.99,2521,492,2029,5.12,México,QRO-SJR
1829,2026-05-10,2026-05-31,2026,5,0,21,1,12,129,1608.26,12.47,León,Taller,86-ARN,Arneses,2813.21,4833,175,4658,27.62,México,QRO-MQZ
1830,2025-05-31,2025-06-06,2025,5,6,6,1,3,38.2,590.76,15.46,Celaya,Tier1,86-ARN,Arneses,2813.21,4833,175,4658,27.62,China,QRO-SLP
1831,2025-06-01,2025-06-06,2025,6,0,5,1,2,148.1,1925.03,13,El Marqués,Taller,99-SUS,Suspensión,1768.31,3450,251,3199,13.75,China,QRO-MQZ
1832,2022-04-29,2022-05-07,2022,4,5,8,1,5,164.5,2267.57,13.78,El Marqués,Taller,68-SUS,Suspensión,4427.01,2107,162,1945,13.01,USA,QRO-CEL
1833,2022-02-21,2022-03-01,2022,2,1,8,1,5,190.9,2371.62,12.42,León,Tier1,91-FRE,Frenos,4291.8,4493,112,4381,40.12,Alemania,QRO-MQZ
1834,2023-05-21,2023-05-22,2023,5,0,1,0,0,144.8,1362.42,9.41,Corregidora,Distribuidor,15-SEN,Sensores,4743.16,142,448,-306,0.32,México,QRO-MQZ
1835,2023-02-17,2023-02-20,2023,2,5,3,0,0,90.5,770.18,8.51,Celaya,Taller,78-SUS,Suspensión,3109.5,4399,835,3564,5.27,México,QRO-SJR
1836,2021-09-29,2021-10-07,2021,9,3,8,1,5,225.9,2735.64,12.11,San Juan del Río,Tier1,92-SUS,Suspensión,3033.85,4447,428,4019,10.39,Japón,QRO-MQZ
1837,2021-11-26,2021-12-04,2021,11,5,8,1,5,316.4,5580.34,17.64,San Juan del Río,Tier1,88-ARN,Arneses,4573.3,1325,367,958,3.61,Japón,QRO-SLP
1838,2026-05-08,2026-05-28,2026,5,5,20,1,14,281.5,4306.81,15.3,Corregidora,Taller,90-SUS,Suspensión,679.84,1842,357,1485,5.16,Alemania,QRO-SLP
1839,2026-05-09,2026-05-27,2026,5,6,18,1,13,139.4,1552.88,11.14,Querétaro,Tier1,95-FRE,Frenos,4724.44,71,925,-854,0.08,México,QRO-SJR
1840,2026-05-18,2026-05-29,2026,5,1,11,1,4,34.2,509.94,14.91,El Marqués,Tier1,70-ELE,Electrónica,1470.68,4676,492,4184,9.5,China,QRO-MQZ
1841,2024-09-02,2024-09-05,2024,9,1,3,0,0,63.9,576.58,9.02,Corregidora,Distribuidor,95-ARN,Arneses,3304.01,4822,472,4350,10.22,México,QRO-MQZ
1842,2026-05-23,2026-06-02,2026,5,6,10,0,0,237.9,2627.95,11.05,San Juan del Río,Planta,66-SEN,Sensores,2796.85,2735,811,1924,3.37,Japón,QRO-CEL
1843,2024-06-25,2024-07-01,2024,6,2,6,1,3,11,129.88,11.81,Celaya,Tier1,49-SUS,Suspensión,2456.79,4682,791,3891,5.92,México,QRO-SLP
1844,2023-10-27,2023-10-28,2023,10,5,1,0,0,316,5621.46,17.79,León,Tier1,63-SUS,Suspensión,3993.5,2133,790,1343,2.7,China,QRO-CEL
1845,2026-05-10,2026-05-31,2026,5,0,21,1,12,306,5858.28,19.14,San Luis Potosí,Tier1,33-SUS,Suspensión,3309.06,3967,660,3307,6.01,Alemania,QRO-SLP
1846,2023-05-06,2023-05-10,2023,5,6,4,1,1,203.4,1824.44,8.97,León,Planta,51-FRE,Frenos,1270.56,3380,623,2757,5.43,Alemania,QRO-MQZ
1847,2024-09-16,2024-09-24,2024,9,1,8,1,5,306.4,5296.74,17.29,Corregidora,Tier1,10-SEN,Sensores,4186.41,1042,960,82,1.09,Alemania,QRO-CEL
1848,2026-05-25,2026-06-07,2026,5,1,13,0,0,287,5431.52,18.93,León,Tier1,74-FRE,Frenos,4844.7,4945,375,4570,13.19,China,QRO-SLP
1849,2021-12-13,2021-12-17,2021,12,1,4,1,1,320,4015.83,12.55,San Luis Potosí,Tier1,94-ARN,Arneses,584.4,1245,705,540,1.77,China,QRO-SJR
1850,2025-06-09,2025-06-10,2025,6,1,1,0,0,271.9,3762.11,13.84,Corregidora,Distribuidor,1-ELE,Electrónica,4919.31,1189,945,244,1.26,USA,QRO-CEL
1851,2025-07-14,2025-07-16,2025,7,1,2,0,0,237.3,4202.22,17.71,León,Taller,24-ARN,Arneses,4525.05,711,612,99,1.16,China,QRO-SJR
1852,2026-01-22,2026-01-29,2026,1,4,7,1,4,171.6,2868.55,16.72,León,Planta,35-SUS,Suspensión,3998.45,2100,715,1385,2.94,USA,QRO-MQZ
1853,2022-09-06,2022-09-09,2022,9,2,3,0,0,243.3,3443.53,14.15,León,Tier1,57-ELE,Electrónica,4825.73,3798,194,3604,19.58,Japón,QRO-SLP
1854,2023-07-06,2023-07-11,2023,7,4,5,1,2,113.6,1221.42,10.75,Querétaro,Planta,15-SEN,Sensores,4743.16,142,448,-306,0.32,Japón,QRO-CEL
1855,2021-12-07,2021-12-11,2021,12,2,4,1,1,284.2,5436.87,19.13,Corregidora,Taller,44-ELE,Electrónica,1705.75,4295,341,3954,12.6,México,QRO-SJR
1856,2024-05-31,2024-06-02,2024,5,5,2,0,0,217.9,3607.21,16.55,Corregidora,Distribuidor,82-SUS,Suspensión,998.09,2299,178,2121,12.92,Japón,QRO-SJR
1857,2023-01-10,2023-01-14,2023,1,2,4,1,1,317.3,3092.54,9.75,San Luis Potosí,Tier1,64-SEN,Sensores,4961.2,4001,258,3743,15.51,USA,QRO-SLP
1858,2025-05-08,2025-05-16,2025,5,4,8,1,5,265.2,4179.75,15.76,León,Taller,44-ELE,Electrónica,1705.75,4295,341,3954,12.6,Japón,QRO-MQZ
1859,2023-10-01,2023-10-09,2023,10,0,8,1,5,328,4381.21,13.36,San Juan del Río,Planta,99-FRE,Frenos,4195.98,3122,126,2996,24.78,México,QRO-SJR
1860,2026-01-31,2026-02-05,2026,1,6,5,1,2,323.5,3986.54,12.32,Querétaro,Planta,7-SUS,Suspensión,3185.28,4440,570,3870,7.79,Alemania,QRO-SLP
1861,2026-05-25,2026-06-04,2026,5,1,10,0,0,246.7,4160,16.86,San Juan del Río,Planta,28-ARN,Arneses,615.82,4597,278,4319,16.54,China,QRO-SLP
1862,2026-05-02,2026-05-28,2026,5,6,26,1,20,275.5,2458.55,8.92,Corregidora,Distribuidor,93-SEN,Sensores,4236.96,1229,379,850,3.24,Alemania,QRO-MQZ
1863,2021-06-28,2021-07-03,2021,6,1,5,1,2,298.2,3992.5,13.39,Querétaro,Distribuidor,29-FRE,Frenos,3167.34,4361,305,4056,14.3,México,QRO-SLP
1864,2024-10-15,2024-10-18,2024,10,2,3,0,0,85.6,1018.57,11.9,San Luis Potosí,Distribuidor,78-ARN,Arneses,3156.74,4864,828,4036,5.87,Japón,QRO-CEL
1865,2023-04-17,2023-04-21,2023,4,1,4,1,1,205.5,2208.24,10.75,Celaya,Tier1,49-SEN,Sensores,1664.17,3963,807,3156,4.91,México,QRO-CEL
1866,2022-11-10,2022-11-17,2022,11,4,7,1,4,55.6,1090.9,19.62,Querétaro,Planta,32-ARN,Arneses,1534.06,183,367,-184,0.5,China,QRO-SJR
1867,2026-05-08,2026-05-30,2026,5,5,22,1,14,41.5,689.66,16.62,San Juan del Río,Tier1,73-ELE,Electrónica,2426.23,644,258,386,2.5,USA,QRO-MQZ
1868,2022-06-02,2022-06-03,2022,6,4,1,0,0,151,1931.89,12.79,Querétaro,Planta,13-FRE,Frenos,1618.96,1055,651,404,1.62,Alemania,QRO-SLP
1869,2026-05-23,2026-06-02,2026,5,6,10,0,0,213.8,2691.08,12.59,San Luis Potosí,Planta,63-FRE,Frenos,2548.55,2094,709,1385,2.95,China,QRO-MQZ
1870,2023-08-30,2023-09-07,2023,8,3,8,1,5,73.8,618.28,8.38,Celaya,Distribuidor,46-FRE,Frenos,3166.98,4682,146,4536,32.07,China,QRO-MQZ
1871,2021-03-11,2021-03-14,2021,3,4,3,0,0,225.9,3437.93,15.22,Corregidora,Tier1,37-SUS,Suspensión,1200.77,1755,358,1397,4.9,Japón,QRO-MQZ
1872,2021-02-21,2021-02-24,2021,2,0,3,0,0,191.1,1628.62,8.52,Querétaro,Tier1,85-ARN,Arneses,182.43,4967,727,4240,6.83,USA,QRO-SLP
1873,2022-11-02,2022-11-09,2022,11,3,7,1,4,77.2,809.76,10.49,Querétaro,Distribuidor,9-SEN,Sensores,3506.81,652,938,-286,0.7,China,QRO-MQZ
1874,2026-05-08,2026-05-30,2026,5,5,22,1,14,106.9,1982.86,18.55,Corregidora,Distribuidor,54-ARN,Arneses,3425.08,4574,874,3700,5.23,México,QRO-MQZ
1875,2026-05-23,2026-06-02,2026,5,6,10,0,0,262.1,3749.94,14.31,León,Tier1,20-ARN,Arneses,1779.81,1862,979,883,1.9,China,QRO-SJR
1876,2026-05-11,2026-05-29,2026,5,1,18,1,11,341.1,4831.65,14.16,San Luis Potosí,Tier1,64-FRE,Frenos,3469.29,4865,898,3967,5.42,China,QRO-MQZ
1877,2024-10-03,2024-10-05,2024,10,4,2,0,0,242.9,4617.32,19.01,Corregidora,Distribuidor,60-ARN,Arneses,4406.3,1,551,-550,0,China,QRO-MQZ
1878,2022-08-22,2022-08-29,2022,8,1,7,1,4,247.2,3964.98,16.04,Querétaro,Tier1,37-ARN,Arneses,1422.73,3772,947,2825,3.98,USA,QRO-CEL
1879,2026-05-23,2026-05-31,2026,5,6,8,0,0,86.5,806.44,9.32,El Marqués,Tier1,51-FRE,Frenos,1270.56,3380,623,2757,5.43,China,QRO-CEL
1880,2026-05-11,2026-05-27,2026,5,1,16,1,11,141.4,2285.16,16.16,Querétaro,Planta,72-ELE,Electrónica,892.6,1623,479,1144,3.39,Alemania,QRO-CEL
1881,2026-05-09,2026-05-27,2026,5,6,18,1,13,78.9,1042.1,13.21,Querétaro,Distribuidor,64-FRE,Frenos,3469.29,4865,898,3967,5.42,Japón,QRO-CEL
1882,2022-02-16,2022-02-19,2022,2,3,3,0,0,219.3,3989.9,18.19,Celaya,Tier1,47-FRE,Frenos,1952.37,1312,523,789,2.51,México,QRO-CEL
1883,2026-05-20,2026-05-30,2026,5,3,10,1,2,125.4,1762.21,14.05,Celaya,Distribuidor,92-FRE,Frenos,3332.83,2180,940,1240,2.32,China,QRO-CEL
1884,2025-05-05,2025-05-10,2025,5,1,5,1,2,88.5,1660.42,18.76,Celaya,Distribuidor,9-SUS,Suspensión,3312.62,269,343,-74,0.78,México,QRO-MQZ
1885,2021-12-04,2021-12-07,2021,12,6,3,0,0,201.9,1859.07,9.21,León,Taller,19-SUS,Suspensión,4085.71,2770,814,1956,3.4,China,QRO-SJR
1886,2022-10-28,2022-11-03,2022,10,5,6,1,3,102.5,1804.65,17.61,Celaya,Planta,30-ARN,Arneses,1865.58,2831,105,2726,26.96,México,QRO-SJR
1887,2024-03-19,2024-03-22,2024,3,2,3,0,0,305.4,3912.23,12.81,San Luis Potosí,Planta,28-SUS,Suspensión,2679.89,2559,178,2381,14.38,México,QRO-SLP
1888,2026-05-16,2026-05-30,2026,5,6,14,1,6,327.2,5825.63,17.8,El Marqués,Distribuidor,79-SEN,Sensores,3466.99,835,695,140,1.2,México,QRO-SLP
1889,2021-04-21,2021-04-28,2021,4,3,7,1,4,273.9,2988.53,10.91,Celaya,Tier1,3-FRE,Frenos,3775.29,2212,377,1835,5.87,USA,QRO-CEL
1890,2026-05-07,2026-05-28,2026,5,4,21,1,15,104.4,1294.9,12.4,San Juan del Río,Planta,88-SEN,Sensores,674.64,467,107,360,4.36,Alemania,QRO-CEL
1891,2025-10-29,2025-11-01,2025,10,3,3,0,0,46.9,599.54,12.78,Celaya,Distribuidor,86-SEN,Sensores,2869.97,158,622,-464,0.25,Alemania,QRO-SLP
1892,2026-05-24,2026-06-02,2026,5,0,9,0,0,51.6,1024.83,19.86,León,Planta,96-FRE,Frenos,3819.86,1364,751,613,1.82,México,QRO-MQZ
1893,2022-02-15,2022-02-22,2022,2,2,7,1,4,134.9,2094.77,15.53,León,Tier1,38-ARN,Arneses,2157.65,2477,447,2030,5.54,México,QRO-CEL
1894,2026-05-21,2026-06-01,2026,5,4,11,1,1,14.8,219.68,14.84,Querétaro,Distribuidor,95-ELE,Electrónica,4863.69,3953,627,3326,6.3,Alemania,QRO-CEL
1895,2026-05-10,2026-05-26,2026,5,0,16,1,12,131.3,2293.02,17.46,Corregidora,Tier1,90-SEN,Sensores,2337.67,4635,431,4204,10.75,USA,QRO-MQZ
1896,2024-11-02,2024-11-08,2024,11,6,6,1,3,313.8,3708.39,11.82,San Luis Potosí,Tier1,75-SUS,Suspensión,269.17,1657,967,690,1.71,China,QRO-SLP
1897,2022-02-21,2022-02-25,2022,2,1,4,1,1,44.4,772.99,17.41,León,Tier1,33-SEN,Sensores,4299.55,4446,746,3700,5.96,Alemania,QRO-SLP
1898,2026-05-04,2026-05-25,2026,5,1,21,1,18,345.3,5165.43,14.96,Celaya,Planta,54-ELE,Electrónica,3166.45,2424,477,1947,5.08,Alemania,QRO-CEL
1899,2022-12-06,2022-12-12,2022,12,2,6,1,3,298.6,5461.58,18.29,Celaya,Tier1,78-ARN,Arneses,3156.74,4864,828,4036,5.87,México,QRO-CEL
1900,2025-04-03,2025-04-11,2025,4,4,8,1,5,66.4,934.8,14.08,Celaya,Distribuidor,11-SUS,Suspensión,588.59,823,217,606,3.79,Alemania,QRO-SLP
1901,2025-11-08,2025-11-15,2025,11,6,7,1,4,216.9,2165.75,9.99,San Juan del Río,Planta,94-ARN,Arneses,584.4,1245,705,540,1.77,Alemania,QRO-SJR
1902,2025-07-07,2025-07-10,2025,7,1,3,0,0,44.3,371.87,8.39,San Juan del Río,Tier1,15-SEN,Sensores,4743.16,142,448,-306,0.32,Alemania,QRO-CEL
1903,2023-10-31,2023-11-08,2023,10,2,8,1,5,84.6,1264.89,14.95,San Luis Potosí,Tier1,89-ELE,Electrónica,2876,159,938,-779,0.17,China,QRO-MQZ
1904,2026-05-16,2026-05-31,2026,5,6,15,1,6,22.4,272.41,12.16,Querétaro,Distribuidor,37-SUS,Suspensión,1200.77,1755,358,1397,4.9,México,QRO-CEL
1905,2026-05-06,2026-05-27,2026,5,3,21,1,16,291.4,4641.43,15.93,El Marqués,Distribuidor,67-FRE,Frenos,2570.48,1579,719,860,2.2,China,QRO-SLP
1906,2026-01-09,2026-01-11,2026,1,5,2,0,0,343.1,4570.26,13.32,Celaya,Tier1,30-ELE,Electrónica,3031.07,2212,562,1650,3.94,Alemania,QRO-MQZ
1907,2026-05-05,2026-05-28,2026,5,2,23,1,17,143.7,2157.18,15.01,Querétaro,Distribuidor,70-ARN,Arneses,1874.06,2106,688,1418,3.06,México,QRO-SLP
1908,2026-05-18,2026-06-02,2026,5,1,15,1,4,347.2,3087.5,8.89,León,Tier1,94-SUS,Suspensión,345.62,2291,202,2089,11.34,Alemania,QRO-CEL
1909,2024-04-16,2024-04-23,2024,4,2,7,1,4,199,3627.25,18.23,Celaya,Distribuidor,30-ELE,Electrónica,3031.07,2212,562,1650,3.94,Alemania,QRO-MQZ
1910,2026-05-15,2026-05-28,2026,5,5,13,1,7,116.6,2232.3,19.14,El Marqués,Taller,35-SEN,Sensores,262.68,3794,321,3473,11.82,Alemania,QRO-MQZ
1911,2024-12-26,2025-01-03,2024,12,4,8,1,5,337.6,5428.76,16.08,León,Taller,82-SUS,Suspensión,998.09,2299,178,2121,12.92,México,QRO-SJR
1912,2026-05-15,2026-05-25,2026,5,5,10,1,7,248.2,2040.94,8.22,San Juan del Río,Planta,47-ARN,Arneses,1524.78,2381,707,1674,3.37,México,QRO-SLP
1913,2022-09-27,2022-09-29,2022,9,2,2,0,0,158.4,1860.05,11.74,San Luis Potosí,Distribuidor,89-FRE,Frenos,3217.84,688,519,169,1.33,USA,QRO-CEL
1914,2023-09-14,2023-09-21,2023,9,4,7,1,4,200.8,2403.98,11.97,Corregidora,Tier1,9-ELE,Electrónica,3081.81,4325,472,3853,9.16,China,QRO-SLP
1915,2024-10-22,2024-10-26,2024,10,2,4,1,1,166.7,2258.16,13.55,El Marqués,Tier1,89-ELE,Electrónica,2876,159,938,-779,0.17,México,QRO-SJR
1916,2023-08-26,2023-09-03,2023,8,6,8,1,5,66.7,1153.82,17.3,Corregidora,Tier1,10-ELE,Electrónica,3951.78,1728,872,856,1.98,México,QRO-CEL
1917,2023-12-12,2023-12-17,2023,12,2,5,1,2,199.3,2539.38,12.74,San Luis Potosí,Tier1,31-FRE,Frenos,259.79,2493,478,2015,5.22,China,QRO-SLP
1918,2022-09-24,2022-09-25,2022,9,6,1,0,0,71.4,969.49,13.58,Querétaro,Planta,52-ARN,Arneses,4854.61,3039,358,2681,8.49,China,QRO-SLP
1919,2026-05-22,2026-06-01,2026,5,5,10,0,0,49.1,532.14,10.84,Celaya,Tier1,59-SUS,Suspensión,149.53,1044,359,685,2.91,Japón,QRO-CEL
1920,2023-09-02,2023-09-10,2023,9,6,8,1,5,343.3,6456.42,18.81,Querétaro,Taller,96-SUS,Suspensión,3516.22,1894,371,1523,5.11,USA,QRO-CEL
1921,2023-05-30,2023-06-04,2023,5,2,5,1,2,101,1710.4,16.93,León,Taller,91-ELE,Electrónica,4015.73,261,463,-202,0.56,México,QRO-SLP
1922,2023-09-06,2023-09-07,2023,9,3,1,0,0,308.2,4570.78,14.83,San Juan del Río,Tier1,3-ARN,Arneses,4070.75,2695,779,1916,3.46,USA,QRO-SJR
1923,2026-05-24,2026-05-30,2026,5,0,6,0,0,289.3,3444.79,11.91,San Juan del Río,Planta,74-SEN,Sensores,3564.35,956,699,257,1.37,Alemania,QRO-CEL
1924,2023-11-02,2023-11-03,2023,11,4,1,0,0,279,4659.87,16.7,El Marqués,Distribuidor,32-SEN,Sensores,1196.78,3120,728,2392,4.29,Japón,QRO-SJR
1925,2023-02-01,2023-02-04,2023,2,3,3,0,0,220.6,3298.57,14.95,Celaya,Tier1,50-ELE,Electrónica,3253.74,3790,410,3380,9.24,Alemania,QRO-CEL
1926,2026-05-03,2026-05-31,2026,5,0,28,1,19,58.6,1058.1,18.06,León,Tier1,47-SEN,Sensores,2369.53,4045,567,3478,7.13,México,QRO-SJR
1927,2026-05-01,2026-05-31,2026,5,5,30,1,21,28.8,260.53,9.05,Corregidora,Distribuidor,4-FRE,Frenos,2773.92,2500,334,2166,7.49,USA,QRO-MQZ
1928,2023-12-16,2023-12-19,2023,12,6,3,0,0,14,158.21,11.3,Corregidora,Taller,34-FRE,Frenos,1708.23,2340,807,1533,2.9,México,QRO-MQZ
1929,2024-06-26,2024-06-27,2024,6,3,1,0,0,198.3,1969.99,9.93,Querétaro,Tier1,64-ELE,Electrónica,4488.81,2018,103,1915,19.59,México,QRO-SLP
1930,2025-04-04,2025-04-11,2025,4,5,7,1,4,152.1,2906.4,19.11,San Juan del Río,Planta,56-FRE,Frenos,1990.85,504,987,-483,0.51,USA,QRO-SJR
1931,2026-05-15,2026-06-01,2026,5,5,17,1,7,197.2,1863.09,9.45,Corregidora,Planta,82-SUS,Suspensión,998.09,2299,178,2121,12.92,México,QRO-SJR
1932,2021-04-24,2021-05-02,2021,4,6,8,1,5,33.8,623.76,18.45,Querétaro,Distribuidor,60-FRE,Frenos,4591.5,2619,968,1651,2.71,USA,QRO-SLP
1933,2023-04-08,2023-04-14,2023,4,6,6,1,3,342.6,5235.85,15.28,San Luis Potosí,Tier1,86-ELE,Electrónica,4667.98,3468,649,2819,5.34,USA,QRO-MQZ
1934,2022-05-17,2022-05-24,2022,5,2,7,1,4,328,3162.13,9.64,El Marqués,Distribuidor,21-ARN,Arneses,2688.88,472,527,-55,0.9,Alemania,QRO-SJR
1935,2026-04-10,2026-04-12,2026,4,5,2,0,0,205.1,1785.68,8.71,Celaya,Planta,41-FRE,Frenos,402.6,1519,142,1377,10.7,China,QRO-SLP
1936,2026-05-07,2026-05-30,2026,5,4,23,1,15,31.8,526.24,16.55,Corregidora,Distribuidor,81-SEN,Sensores,3476.55,1073,855,218,1.25,Japón,QRO-SLP
1937,2025-08-29,2025-08-30,2025,8,5,1,0,0,325.8,5729.96,17.59,León,Tier1,88-SEN,Sensores,674.64,467,107,360,4.36,Alemania,QRO-SLP
1938,2026-05-16,2026-05-29,2026,5,6,13,1,6,349.8,6236.04,17.83,San Luis Potosí,Tier1,77-FRE,Frenos,1286.73,3721,625,3096,5.95,México,QRO-SJR
1939,2022-03-20,2022-03-22,2022,3,0,2,0,0,238.9,3643.59,15.25,San Juan del Río,Tier1,94-ARN,Arneses,584.4,1245,705,540,1.77,China,QRO-SJR
1940,2025-12-09,2025-12-12,2025,12,2,3,0,0,168.9,1680.71,9.95,El Marqués,Tier1,27-SUS,Suspensión,4748.31,2962,518,2444,5.72,Japón,QRO-SJR
1941,2022-02-25,2022-03-05,2022,2,5,8,1,5,246.1,2617.37,10.64,San Luis Potosí,Planta,93-SEN,Sensores,4236.96,1229,379,850,3.24,Japón,QRO-MQZ
1942,2024-04-26,2024-04-29,2024,4,5,3,0,0,223.8,2011.65,8.99,Corregidora,Planta,54-ELE,Electrónica,3166.45,2424,477,1947,5.08,Japón,QRO-CEL
1943,2026-05-08,2026-05-27,2026,5,5,19,1,14,158.2,1722.54,10.89,San Luis Potosí,Tier1,93-ELE,Electrónica,3454.32,4964,773,4191,6.42,Japón,QRO-SLP
1944,2026-05-21,2026-06-01,2026,5,4,11,1,1,52,993.32,19.1,Querétaro,Distribuidor,6-FRE,Frenos,4765.97,4975,994,3981,5.01,Alemania,QRO-CEL
1945,2026-05-07,2026-06-01,2026,5,4,25,1,15,49.7,738.65,14.86,León,Taller,49-SEN,Sensores,1664.17,3963,807,3156,4.91,México,QRO-CEL
1946,2023-08-07,2023-08-15,2023,8,1,8,1,5,12.4,225.48,18.18,Querétaro,Tier1,27-SEN,Sensores,2154.77,2124,891,1233,2.38,Japón,QRO-SJR
1947,2026-05-09,2026-05-26,2026,5,6,17,1,13,228.9,1870.87,8.17,León,Taller,97-ARN,Arneses,2270.01,2349,327,2022,7.18,USA,QRO-CEL
1948,2026-05-03,2026-05-29,2026,5,0,26,1,19,332.4,4428.87,13.32,Querétaro,Tier1,13-ARN,Arneses,1454.25,4822,879,3943,5.49,China,QRO-CEL
1949,2024-06-26,2024-06-28,2024,6,3,2,0,0,197.6,2708.99,13.71,El Marqués,Planta,68-FRE,Frenos,3853.4,2725,382,2343,7.13,Japón,QRO-MQZ
1950,2024-11-27,2024-12-05,2024,11,3,8,1,5,231.9,3557.39,15.34,San Juan del Río,Planta,64-FRE,Frenos,3469.29,4865,898,3967,5.42,Alemania,QRO-MQZ
1951,2026-05-03,2026-06-01,2026,5,0,29,1,19,346.1,4968.28,14.36,Querétaro,Tier1,43-ELE,Electrónica,2094.4,1745,174,1571,10.03,México,QRO-SLP
1952,2026-05-19,2026-05-26,2026,5,2,7,1,3,343.6,5016.55,14.6,San Luis Potosí,Taller,20-ARN,Arneses,1779.81,1862,979,883,1.9,México,QRO-CEL
1953,2022-09-16,2022-09-22,2022,9,5,6,1,3,137.8,2447.94,17.76,Corregidora,Distribuidor,36-SUS,Suspensión,787.36,3511,115,3396,30.53,Alemania,QRO-SLP
1954,2024-10-01,2024-10-04,2024,10,2,3,0,0,128.1,1791.87,13.99,León,Tier1,27-ELE,Electrónica,1768.11,2885,368,2517,7.84,USA,QRO-SJR
1955,2025-10-18,2025-10-24,2025,10,6,6,1,3,276.3,3251.6,11.77,San Luis Potosí,Tier1,3-FRE,Frenos,3775.29,2212,377,1835,5.87,China,QRO-CEL
1956,2022-10-27,2022-11-01,2022,10,4,5,1,2,141.3,2492.03,17.64,Celaya,Taller,14-ARN,Arneses,4946.12,2364,110,2254,21.49,Japón,QRO-CEL
1957,2026-05-12,2026-05-31,2026,5,2,19,1,10,110.5,1596.38,14.45,León,Taller,28-SUS,Suspensión,2679.89,2559,178,2381,14.38,México,QRO-MQZ
1958,2021-10-11,2021-10-19,2021,10,1,8,1,5,264.2,3189.72,12.07,Querétaro,Distribuidor,16-ELE,Electrónica,316.27,2849,664,2185,4.29,Japón,QRO-CEL
1959,2026-05-16,2026-05-25,2026,5,6,9,1,6,164.8,2690.12,16.32,Querétaro,Planta,64-SEN,Sensores,4961.2,4001,258,3743,15.51,USA,QRO-CEL
1960,2026-05-22,2026-05-29,2026,5,5,7,0,0,246.9,2584.61,10.47,Querétaro,Planta,91-SUS,Suspensión,3680.26,3837,791,3046,4.85,Japón,QRO-CEL
1961,2022-04-17,2022-04-23,2022,4,0,6,1,3,319.6,3012.31,9.43,El Marqués,Taller,82-SUS,Suspensión,998.09,2299,178,2121,12.92,China,QRO-SJR
1962,2026-03-14,2026-03-17,2026,3,6,3,0,0,134.8,1202.69,8.92,San Juan del Río,Taller,37-SUS,Suspensión,1200.77,1755,358,1397,4.9,USA,QRO-SLP
1963,2026-01-01,2026-01-05,2026,1,4,4,1,1,203.2,2481.01,12.21,León,Planta,6-ELE,Electrónica,1689.54,135,497,-362,0.27,Alemania,QRO-SJR
1964,2026-05-10,2026-05-28,2026,5,0,18,1,12,78.6,983.36,12.51,León,Planta,89-ELE,Electrónica,2876,159,938,-779,0.17,México,QRO-CEL
1965,2024-08-23,2024-08-31,2024,8,5,8,1,5,148.9,1898.96,12.75,San Luis Potosí,Distribuidor,45-FRE,Frenos,1728.34,1258,154,1104,8.17,USA,QRO-SJR
1966,2022-05-16,2022-05-20,2022,5,1,4,1,1,331.3,3484.84,10.52,Querétaro,Tier1,19-FRE,Frenos,2228.63,130,180,-50,0.72,Alemania,QRO-CEL
1967,2026-05-13,2026-06-01,2026,5,3,19,1,9,335.9,3294.41,9.81,Celaya,Tier1,57-SEN,Sensores,1514.51,438,789,-351,0.56,Alemania,QRO-MQZ
1968,2026-03-02,2026-03-05,2026,3,1,3,0,0,104.7,1012.79,9.67,León,Tier1,36-ARN,Arneses,142.04,4438,157,4281,28.27,México,QRO-CEL
1969,2026-05-22,2026-05-31,2026,5,5,9,0,0,102.5,1874.56,18.29,Querétaro,Distribuidor,77-ARN,Arneses,4833.11,3865,647,3218,5.97,USA,QRO-SLP
1970,2026-05-16,2026-06-01,2026,5,6,16,1,6,229.4,2422.5,10.56,León,Tier1,53-FRE,Frenos,818.13,4754,550,4204,8.64,Alemania,QRO-SLP
1971,2023-01-12,2023-01-19,2023,1,4,7,1,4,133.4,1486.7,11.14,San Juan del Río,Planta,98-ELE,Electrónica,2480.68,142,273,-131,0.52,USA,QRO-MQZ
1972,2026-05-06,2026-05-26,2026,5,3,20,1,16,335.8,6396.84,19.05,San Luis Potosí,Tier1,33-SEN,Sensores,4299.55,4446,746,3700,5.96,USA,QRO-MQZ
1973,2021-02-07,2021-02-08,2021,2,0,1,0,0,270.5,4885.99,18.06,León,Tier1,59-SEN,Sensores,627.84,3969,671,3298,5.92,Alemania,QRO-SLP
1974,2026-05-05,2026-05-30,2026,5,2,25,1,17,201.5,4005.11,19.88,Querétaro,Planta,33-SUS,Suspensión,3309.06,3967,660,3307,6.01,USA,QRO-SJR
1975,2025-05-10,2025-05-16,2025,5,6,6,1,3,270.3,3367.23,12.46,San Luis Potosí,Planta,57-SUS,Suspensión,4521.23,466,706,-240,0.66,Japón,QRO-MQZ
1976,2025-02-27,2025-03-03,2025,2,4,4,1,1,79.7,1307.3,16.4,San Juan del Río,Taller,95-SEN,Sensores,3843.72,3856,664,3192,5.81,Japón,QRO-MQZ
1977,2023-03-05,2023-03-12,2023,3,0,7,1,4,130.7,1590.88,12.17,Celaya,Tier1,15-SEN,Sensores,4743.16,142,448,-306,0.32,México,QRO-CEL
1978,2026-05-03,2026-05-27,2026,5,0,24,1,19,289.8,4082.4,14.09,San Juan del Río,Planta,60-ARN,Arneses,4406.3,1,551,-550,0,México,QRO-SJR
1979,2023-03-29,2023-04-01,2023,3,3,3,0,0,199.9,1841.85,9.21,Corregidora,Tier1,73-ARN,Arneses,3687.85,3796,460,3336,8.25,Japón,QRO-MQZ
1980,2026-05-19,2026-05-27,2026,5,2,8,1,3,136.7,1873.76,13.71,Querétaro,Tier1,28-FRE,Frenos,2880.95,4135,830,3305,4.98,USA,QRO-SJR
1981,2025-05-08,2025-05-15,2025,5,4,7,1,4,115.3,2303.28,19.98,León,Taller,82-SUS,Suspensión,998.09,2299,178,2121,12.92,Japón,QRO-SLP
1982,2025-12-26,2026-01-03,2025,12,5,8,1,5,269.9,2589.07,9.59,Corregidora,Tier1,10-FRE,Frenos,553.07,572,283,289,2.02,China,QRO-SJR
1983,2026-05-25,2026-05-31,2026,5,1,6,0,0,316.5,5940.15,18.77,León,Tier1,73-SUS,Suspensión,1205.2,139,592,-453,0.23,China,QRO-MQZ
1984,2023-10-07,2023-10-08,2023,10,6,1,0,0,87.5,1505.29,17.2,León,Tier1,53-ELE,Electrónica,2503.62,2992,933,2059,3.21,México,QRO-CEL
1985,2026-05-11,2026-05-26,2026,5,1,15,1,11,36.5,513.85,14.08,El Marqués,Tier1,26-ELE,Electrónica,922.82,3095,331,2764,9.35,USA,QRO-SJR
1986,2025-08-15,2025-08-21,2025,8,5,6,1,3,81.8,882.55,10.79,Corregidora,Distribuidor,24-ELE,Electrónica,4055.81,2955,652,2303,4.53,China,QRO-CEL
1987,2026-02-14,2026-02-15,2026,2,6,1,0,0,101.5,1817.48,17.91,Corregidora,Distribuidor,98-SUS,Suspensión,1541.04,2575,226,2349,11.39,México,QRO-SJR
1988,2026-05-05,2026-05-27,2026,5,2,22,1,17,200.3,3332.86,16.64,Corregidora,Planta,61-FRE,Frenos,2992.6,2417,256,2161,9.44,USA,QRO-MQZ
1989,2021-07-27,2021-07-29,2021,7,2,2,0,0,33,638.93,19.36,San Luis Potosí,Tier1,73-ELE,Electrónica,2426.23,644,258,386,2.5,Alemania,QRO-MQZ
1990,2021-04-30,2021-05-04,2021,4,5,4,1,1,131.7,1454.99,11.05,San Juan del Río,Tier1,97-SEN,Sensores,396.7,1142,502,640,2.27,Japón,QRO-MQZ
1991,2024-06-04,2024-06-10,2024,6,2,6,1,3,92.6,1763.94,19.05,Corregidora,Distribuidor,47-SUS,Suspensión,1103.8,4418,319,4099,13.85,Japón,QRO-CEL
1992,2024-06-28,2024-06-30,2024,6,5,2,0,0,159.6,2357.99,14.77,Corregidora,Planta,44-FRE,Frenos,3124.9,1604,281,1323,5.71,USA,QRO-SJR
1993,2023-12-24,2024-01-01,2023,12,0,8,1,5,278.3,3293.8,11.84,San Luis Potosí,Tier1,77-FRE,Frenos,1286.73,3721,625,3096,5.95,México,QRO-MQZ
1994,2024-10-26,2024-10-29,2024,10,6,3,0,0,135.3,2343.14,17.32,El Marqués,Taller,37-SEN,Sensores,3969.15,3602,841,2761,4.28,Japón,QRO-MQZ
1995,2026-05-01,2026-05-29,2026,5,5,28,1,21,286.8,3822.97,13.33,Querétaro,Planta,58-FRE,Frenos,4382.22,4184,377,3807,11.1,Japón,QRO-SJR
1996,2026-05-07,2026-05-30,2026,5,4,23,1,15,264.9,2420.3,9.14,San Juan del Río,Planta,6-ARN,Arneses,1073.65,2312,666,1646,3.47,China,QRO-SLP
1997,2026-05-08,2026-05-28,2026,5,5,20,1,14,42.6,660.01,15.49,San Luis Potosí,Tier1,100-SEN,Sensores,1884.18,1812,275,1537,6.59,Japón,QRO-SJR
1998,2026-05-05,2026-05-28,2026,5,2,23,1,17,304.4,5586.59,18.35,Celaya,Tier1,68-SUS,Suspensión,4427.01,2107,162,1945,13.01,México,QRO-SJR
1999,2026-05-25,2026-05-29,2026,5,1,4,0,0,234.4,2124.01,9.06,León,Taller,94-ELE,Electrónica,673.59,2723,409,2314,6.66,China,QRO-SLP
2000,2024-07-06,2024-07-14,2024,7,6,8,1,5,217.4,2681.63,12.34,León,Taller,69-ARN,Arneses,2131.09,4430,982,3448,4.51,Japón,QRO-MQZ
2001,2025-11-28,2025-12-03,2025,11,5,5,1,2,51.4,606.59,11.8,Celaya,Distribuidor,35-FRE,Frenos,2222.63,4456,817,3639,5.45,México,QRO-SJR
2002,2024-08-21,2024-08-23,2024,8,3,2,0,0,85.8,1618.11,18.86,San Luis Potosí,Distribuidor,76-ELE,Electrónica,1417.28,705,976,-271,0.72,China,QRO-SJR
2003,2023-05-23,2023-05-30,2023,5,2,7,1,4,166.1,2987.01,17.98,San Luis Potosí,Planta,95-ELE,Electrónica,4863.69,3953,627,3326,6.3,Japón,QRO-MQZ
2004,2024-06-07,2024-06-10,2024,6,5,3,0,0,218,2442.66,11.2,León,Taller,24-SEN,Sensores,2113.06,4735,936,3799,5.06,Alemania,QRO-MQZ
2005,2026-05-24,2026-06-04,2026,5,0,11,0,0,174.7,3093.43,17.71,San Juan del Río,Tier1,15-ARN,Arneses,2004.45,403,614,-211,0.66,USA,QRO-SJR
2006,2024-09-07,2024-09-14,2024,9,6,7,1,4,285.7,3410.47,11.94,León,Planta,57-ARN,Arneses,607.05,602,337,265,1.79,México,QRO-CEL
2007,2026-05-06,2026-05-26,2026,5,3,20,1,16,166.7,2598.91,15.59,León,Tier1,1-SUS,Suspensión,3019.89,3188,814,2374,3.92,Japón,QRO-MQZ
2008,2025-03-06,2025-03-08,2025,3,4,2,0,0,75.3,924.47,12.28,León,Planta,61-ARN,Arneses,4744.31,4892,624,4268,7.84,México,QRO-MQZ
2009,2026-05-08,2026-06-01,2026,5,5,24,1,14,37.4,744.86,19.92,Celaya,Tier1,88-FRE,Frenos,4043.96,2439,113,2326,21.58,Japón,QRO-SLP
2010,2024-02-28,2024-03-07,2024,2,3,8,1,5,335.8,5142.27,15.31,Celaya,Planta,1-FRE,Frenos,233.71,1282,783,499,1.64,China,QRO-SJR
2011,2026-05-02,2026-05-31,2026,5,6,29,1,20,43,491.31,11.43,San Juan del Río,Taller,20-SUS,Suspensión,1687.63,629,800,-171,0.79,Alemania,QRO-SJR
2012,2023-08-05,2023-08-10,2023,8,6,5,1,2,204.1,3660.28,17.93,El Marqués,Planta,80-ELE,Electrónica,3933.63,4561,222,4339,20.55,Alemania,QRO-SLP
2013,2024-11-02,2024-11-06,2024,11,6,4,1,1,89.4,1352.57,15.13,Querétaro,Distribuidor,8-ARN,Arneses,3605.24,2185,615,1570,3.55,USA,QRO-CEL
2014,2026-05-03,2026-05-30,2026,5,0,27,1,19,78.1,1192.84,15.27,Celaya,Distribuidor,60-FRE,Frenos,4591.5,2619,968,1651,2.71,China,QRO-CEL
2015,2021-09-13,2021-09-15,2021,9,1,2,0,0,153.9,1586.46,10.31,El Marqués,Taller,81-SEN,Sensores,3476.55,1073,855,218,1.25,USA,QRO-SJR
2016,2026-05-12,2026-06-01,2026,5,2,20,1,10,226.6,2797.48,12.35,El Marqués,Tier1,3-SUS,Suspensión,3159.17,1739,584,1155,2.98,China,QRO-CEL
2017,2024-11-04,2024-11-08,2024,11,1,4,1,1,70.1,1296.95,18.5,Celaya,Distribuidor,90-ELE,Electrónica,2914.45,2443,282,2161,8.66,México,QRO-SLP
2018,2021-01-08,2021-01-11,2021,1,5,3,0,0,283.6,4354.84,15.36,León,Planta,94-SEN,Sensores,3460.4,1180,938,242,1.26,China,QRO-CEL
2019,2022-10-24,2022-10-30,2022,10,1,6,1,3,180.1,1598.52,8.88,Celaya,Taller,80-SEN,Sensores,4961.03,2089,880,1209,2.37,China,QRO-MQZ
2020,2026-05-05,2026-05-26,2026,5,2,21,1,17,63.8,920.88,14.43,León,Tier1,15-ELE,Electrónica,1562.18,742,986,-244,0.75,Japón,QRO-CEL
2021,2024-01-20,2024-01-27,2024,1,6,7,1,4,41.1,421.06,10.24,Querétaro,Tier1,66-SEN,Sensores,2796.85,2735,811,1924,3.37,China,QRO-SLP
2022,2023-10-12,2023-10-14,2023,10,4,2,0,0,92.7,1192,12.86,Celaya,Tier1,32-FRE,Frenos,1130.95,2420,760,1660,3.18,México,QRO-MQZ
2023,2022-08-31,2022-09-05,2022,8,3,5,1,2,116.4,969.73,8.33,Corregidora,Distribuidor,72-ARN,Arneses,3783.02,2196,705,1491,3.11,China,QRO-SJR
2024,2024-10-12,2024-10-20,2024,10,6,8,1,5,340.3,5401.38,15.87,San Luis Potosí,Tier1,49-SUS,Suspensión,2456.79,4682,791,3891,5.92,México,QRO-MQZ
2025,2023-11-18,2023-11-24,2023,11,6,6,1,3,292.8,2382.13,8.14,Celaya,Distribuidor,68-FRE,Frenos,3853.4,2725,382,2343,7.13,China,QRO-MQZ
2026,2025-04-29,2025-05-04,2025,4,2,5,1,2,342.8,5156.89,15.04,Querétaro,Planta,62-FRE,Frenos,4762.92,2484,760,1724,3.27,USA,QRO-SLP
2027,2026-05-21,2026-06-01,2026,5,4,11,1,1,123.8,1770.3,14.3,Querétaro,Tier1,99-FRE,Frenos,4195.98,3122,126,2996,24.78,USA,QRO-MQZ
2028,2026-05-21,2026-05-25,2026,5,4,4,1,1,185.9,2694.17,14.49,Celaya,Tier1,33-ARN,Arneses,4073.72,1315,307,1008,4.28,China,QRO-CEL
2029,2023-12-18,2023-12-24,2023,12,1,6,1,3,113.2,1588.15,14.03,León,Tier1,55-ARN,Arneses,3941.75,4751,961,3790,4.94,México,QRO-CEL
2030,2023-11-01,2023-11-06,2023,11,3,5,1,2,150.4,2465.64,16.39,Celaya,Taller,99-FRE,Frenos,4195.98,3122,126,2996,24.78,Japón,QRO-CEL
2031,2023-11-24,2023-12-02,2023,11,5,8,1,5,276.4,3801.07,13.75,Querétaro,Planta,24-SEN,Sensores,2113.06,4735,936,3799,5.06,Japón,QRO-SJR
2032,2025-05-19,2025-05-27,2025,5,1,8,1,5,347.3,5975.2,17.2,Querétaro,Planta,18-ARN,Arneses,3932.93,125,138,-13,0.91,China,QRO-CEL
2033,2026-05-03,2026-05-27,2026,5,0,24,1,19,44.8,561.82,12.54,San Juan del Río,Tier1,5-SEN,Sensores,3287.36,1717,744,973,2.31,Japón,QRO-SLP
2034,2021-01-12,2021-01-18,2021,1,2,6,1,3,270.7,2562.64,9.47,Corregidora,Planta,80-SEN,Sensores,4961.03,2089,880,1209,2.37,USA,QRO-MQZ
2035,2024-03-01,2024-03-08,2024,3,5,7,1,4,235.5,4613.33,19.59,San Juan del Río,Tier1,3-ARN,Arneses,4070.75,2695,779,1916,3.46,Alemania,QRO-SJR
2036,2025-01-03,2025-01-09,2025,1,5,6,1,3,283.9,5604.57,19.74,Celaya,Distribuidor,95-SUS,Suspensión,1566.72,4477,675,3802,6.63,Alemania,QRO-MQZ
2037,2026-05-02,2026-05-27,2026,5,6,25,1,20,250,2715.19,10.86,Corregidora,Taller,55-SEN,Sensores,431.65,4262,586,3676,7.27,Alemania,QRO-MQZ
2038,2026-05-10,2026-05-31,2026,5,0,21,1,12,216.1,3941.71,18.24,El Marqués,Taller,40-ARN,Arneses,288.05,1674,857,817,1.95,China,QRO-MQZ
2039,2025-08-20,2025-08-24,2025,8,3,4,1,1,335.1,6251.2,18.65,El Marqués,Taller,44-SEN,Sensores,4770.35,1824,337,1487,5.41,China,QRO-MQZ
2040,2026-05-16,2026-05-28,2026,5,6,12,1,6,80.7,780.61,9.67,Celaya,Distribuidor,62-ARN,Arneses,3503.43,704,326,378,2.16,Japón,QRO-CEL
2041,2026-01-13,2026-01-14,2026,1,2,1,0,0,336.1,5413.68,16.11,Celaya,Distribuidor,100-SEN,Sensores,1884.18,1812,275,1537,6.59,México,QRO-SLP
2042,2023-04-14,2023-04-17,2023,4,5,3,0,0,296.8,4703.09,15.85,San Luis Potosí,Planta,61-ARN,Arneses,4744.31,4892,624,4268,7.84,Japón,QRO-MQZ
2043,2022-12-29,2022-12-30,2022,12,4,1,0,0,184.7,2765.3,14.97,Corregidora,Distribuidor,41-ELE,Electrónica,4687.71,920,702,218,1.31,Japón,QRO-SLP
2044,2026-05-07,2026-05-28,2026,5,4,21,1,15,98.1,1852.74,18.89,San Luis Potosí,Tier1,38-SUS,Suspensión,1970.13,3514,114,3400,30.82,Alemania,QRO-CEL
2045,2023-04-05,2023-04-13,2023,4,3,8,1,5,93.7,799.18,8.53,León,Tier1,14-SEN,Sensores,1286.42,722,555,167,1.3,Alemania,QRO-CEL
2046,2025-08-02,2025-08-03,2025,8,6,1,0,0,40.4,463.77,11.48,León,Planta,43-ARN,Arneses,913.85,1716,755,961,2.27,USA,QRO-SLP
2047,2022-04-24,2022-05-01,2022,4,0,7,1,4,64.8,832.64,12.85,San Juan del Río,Taller,97-SEN,Sensores,396.7,1142,502,640,2.27,México,QRO-MQZ
2048,2024-06-11,2024-06-19,2024,6,2,8,1,5,207.8,1707,8.21,Corregidora,Distribuidor,1-SUS,Suspensión,3019.89,3188,814,2374,3.92,México,QRO-SLP
2049,2026-05-12,2026-05-26,2026,5,2,14,1,10,61.3,818.04,13.34,Querétaro,Taller,81-FRE,Frenos,857.33,1893,403,1490,4.7,Alemania,QRO-MQZ
2050,2026-05-13,2026-05-31,2026,5,3,18,1,9,29.9,297.2,9.94,Corregidora,Taller,70-ARN,Arneses,1874.06,2106,688,1418,3.06,China,QRO-CEL
2051,2026-05-10,2026-05-31,2026,5,0,21,1,12,285.4,4160.05,14.58,El Marqués,Tier1,4-SUS,Suspensión,4325.44,2289,793,1496,2.89,USA,QRO-CEL
2052,2025-10-11,2025-10-13,2025,10,6,2,0,0,22.9,359.07,15.68,Querétaro,Planta,92-SEN,Sensores,4469.2,3130,154,2976,20.32,China,QRO-SJR
2053,2026-05-11,2026-05-30,2026,5,1,19,1,11,161.2,1917.53,11.9,León,Planta,57-FRE,Frenos,1434.88,3059,113,2946,27.07,USA,QRO-MQZ
2054,2022-04-19,2022-04-22,2022,4,2,3,0,0,208.7,3500.39,16.77,San Juan del Río,Taller,41-FRE,Frenos,402.6,1519,142,1377,10.7,Japón,QRO-SJR
2055,2026-05-02,2026-05-27,2026,5,6,25,1,20,254.6,3221.21,12.65,Corregidora,Distribuidor,48-SUS,Suspensión,3762.52,1609,412,1197,3.91,Alemania,QRO-SLP
2056,2022-03-30,2022-04-07,2022,3,3,8,1,5,166.2,2074.26,12.48,Querétaro,Planta,87-FRE,Frenos,4868.31,520,545,-25,0.95,China,QRO-SJR
2057,2026-05-11,2026-05-27,2026,5,1,16,1,11,183.2,1555.64,8.49,León,Tier1,56-FRE,Frenos,1990.85,504,987,-483,0.51,China,QRO-CEL
2058,2023-05-20,2023-05-22,2023,5,6,2,0,0,32.6,347.78,10.67,Corregidora,Distribuidor,25-ELE,Electrónica,1552.43,1189,817,372,1.46,Japón,QRO-CEL
2059,2021-07-16,2021-07-19,2021,7,5,3,0,0,161.8,2007.1,12.4,El Marqués,Taller,94-ARN,Arneses,584.4,1245,705,540,1.77,Alemania,QRO-SJR
2060,2023-01-11,2023-01-16,2023,1,3,5,1,2,193,3118.03,16.16,León,Taller,53-ELE,Electrónica,2503.62,2992,933,2059,3.21,China,QRO-SLP
2061,2026-05-16,2026-05-25,2026,5,6,9,1,6,163.3,1629.64,9.98,Corregidora,Planta,84-ARN,Arneses,1914.15,2582,463,2119,5.58,México,QRO-CEL
2062,2026-05-25,2026-06-02,2026,5,1,8,0,0,56.5,455.09,8.05,León,Tier1,24-SUS,Suspensión,712.49,4064,852,3212,4.77,Alemania,QRO-SLP
2063,2023-10-07,2023-10-12,2023,10,6,5,1,2,348.7,6927.56,19.87,Querétaro,Distribuidor,46-ELE,Electrónica,2511.37,3579,173,3406,20.69,Japón,QRO-MQZ
2064,2023-09-14,2023-09-16,2023,9,4,2,0,0,307.8,5147.96,16.73,Celaya,Tier1,30-ARN,Arneses,1865.58,2831,105,2726,26.96,USA,QRO-SLP
2065,2024-05-26,2024-06-02,2024,5,0,7,1,4,161.8,1998.7,12.35,Celaya,Distribuidor,78-ARN,Arneses,3156.74,4864,828,4036,5.87,Alemania,QRO-CEL
2066,2024-06-10,2024-06-15,2024,6,1,5,1,2,323.6,5977.12,18.47,Querétaro,Tier1,85-SEN,Sensores,1521.2,2920,544,2376,5.37,USA,QRO-SLP
2067,2023-06-20,2023-06-28,2023,6,2,8,1,5,254.7,4222.98,16.58,León,Tier1,54-FRE,Frenos,2428.99,2196,677,1519,3.24,México,QRO-SJR
2068,2026-05-23,2026-05-29,2026,5,6,6,0,0,348.7,4482.56,12.86,San Juan del Río,Planta,65-ARN,Arneses,844,2641,720,1921,3.67,Japón,QRO-SJR
2069,2024-02-15,2024-02-21,2024,2,4,6,1,3,245.9,3268.16,13.29,San Luis Potosí,Distribuidor,36-SUS,Suspensión,787.36,3511,115,3396,30.53,China,QRO-CEL
2070,2021-08-15,2021-08-18,2021,8,0,3,0,0,332.2,6185.84,18.62,San Juan del Río,Tier1,68-ELE,Electrónica,428.16,3609,688,2921,5.25,Japón,QRO-CEL
2071,2023-01-13,2023-01-15,2023,1,5,2,0,0,68.6,678.13,9.89,Celaya,Planta,1-FRE,Frenos,233.71,1282,783,499,1.64,Japón,QRO-SLP
2072,2026-05-05,2026-05-27,2026,5,2,22,1,17,68.6,1261.84,18.39,El Marqués,Tier1,13-FRE,Frenos,1618.96,1055,651,404,1.62,China,QRO-MQZ
2073,2024-06-17,2024-06-21,2024,6,1,4,1,1,319.5,4689.47,14.68,Corregidora,Tier1,98-SEN,Sensores,2084.79,1561,258,1303,6.05,Alemania,QRO-SLP
2074,2025-05-09,2025-05-15,2025,5,5,6,1,3,318.8,4858.47,15.24,San Juan del Río,Planta,2-ARN,Arneses,3272.1,4817,709,4108,6.79,Japón,QRO-SLP
2075,2022-11-15,2022-11-18,2022,11,2,3,0,0,118.6,1533.57,12.93,San Luis Potosí,Distribuidor,68-ELE,Electrónica,428.16,3609,688,2921,5.25,USA,QRO-SLP
2076,2022-03-22,2022-03-30,2022,3,2,8,1,5,55.3,871.52,15.76,El Marqués,Tier1,10-SUS,Suspensión,3974.3,2474,590,1884,4.19,México,QRO-MQZ
2077,2021-08-15,2021-08-18,2021,8,0,3,0,0,128.9,1919.94,14.89,León,Tier1,26-SEN,Sensores,2283.16,2773,396,2377,7,México,QRO-SLP
2078,2022-09-26,2022-09-28,2022,9,1,2,0,0,289.5,5200.49,17.96,Querétaro,Distribuidor,25-FRE,Frenos,2232.98,3690,225,3465,16.4,Alemania,QRO-MQZ
2079,2026-05-17,2026-05-31,2026,5,0,14,1,5,248.9,4069.69,16.35,Querétaro,Tier1,86-ELE,Electrónica,4667.98,3468,649,2819,5.34,México,QRO-SLP
2080,2026-05-23,2026-05-30,2026,5,6,7,0,0,174.2,3093.68,17.76,Querétaro,Tier1,10-FRE,Frenos,553.07,572,283,289,2.02,México,QRO-CEL
2081,2026-05-08,2026-05-31,2026,5,5,23,1,14,316.9,3825.8,12.07,Corregidora,Tier1,43-ELE,Electrónica,2094.4,1745,174,1571,10.03,México,QRO-MQZ
2082,2025-12-18,2025-12-24,2025,12,4,6,1,3,109.4,2156.35,19.71,Celaya,Tier1,60-ARN,Arneses,4406.3,1,551,-550,0,USA,QRO-SLP
2083,2026-05-24,2026-06-01,2026,5,0,8,0,0,248.1,4797.45,19.34,San Luis Potosí,Tier1,4-FRE,Frenos,2773.92,2500,334,2166,7.49,China,QRO-SLP
2084,2025-08-28,2025-09-05,2025,8,4,8,1,5,133,2393.28,17.99,Corregidora,Distribuidor,64-SUS,Suspensión,4312.74,583,450,133,1.3,China,QRO-MQZ
2085,2022-04-19,2022-04-27,2022,4,2,8,1,5,305.3,3911.82,12.81,León,Planta,76-ELE,Electrónica,1417.28,705,976,-271,0.72,China,QRO-SJR
2086,2021-08-25,2021-08-26,2021,8,3,1,0,0,315,4396.21,13.96,León,Tier1,89-SUS,Suspensión,3420.66,3727,958,2769,3.89,Japón,QRO-CEL
2087,2021-03-02,2021-03-03,2021,3,2,1,0,0,83.7,934.07,11.16,Querétaro,Tier1,86-SUS,Suspensión,1070.24,3068,901,2167,3.41,USA,QRO-SLP
2088,2024-11-13,2024-11-15,2024,11,3,2,0,0,150.2,1655.23,11.02,Celaya,Tier1,16-FRE,Frenos,4639.47,4174,516,3658,8.09,USA,QRO-MQZ
2089,2026-05-05,2026-05-29,2026,5,2,24,1,17,109.5,1434.41,13.1,Celaya,Distribuidor,93-FRE,Frenos,3588.35,4289,128,4161,33.51,Japón,QRO-SJR
2090,2022-02-12,2022-02-18,2022,2,6,6,1,3,193.9,3516.3,18.13,Celaya,Tier1,62-FRE,Frenos,4762.92,2484,760,1724,3.27,México,QRO-MQZ
2091,2024-07-17,2024-07-18,2024,7,3,1,0,0,223.6,4458.57,19.94,León,Tier1,24-SUS,Suspensión,712.49,4064,852,3212,4.77,USA,QRO-SJR
2092,2026-05-20,2026-06-01,2026,5,3,12,1,2,51.5,497.57,9.66,El Marqués,Tier1,30-ELE,Electrónica,3031.07,2212,562,1650,3.94,China,QRO-SLP
2093,2025-08-11,2025-08-15,2025,8,1,4,1,1,216,4295.08,19.88,El Marqués,Taller,49-ARN,Arneses,412.82,3527,162,3365,21.77,México,QRO-SLP
2094,2026-05-04,2026-05-29,2026,5,1,25,1,18,185.3,1847.4,9.97,Celaya,Planta,18-ARN,Arneses,3932.93,125,138,-13,0.91,USA,QRO-MQZ
2095,2022-10-28,2022-11-03,2022,10,5,6,1,3,299.6,5213.74,17.4,Corregidora,Taller,26-FRE,Frenos,4994.24,4421,624,3797,7.08,Japón,QRO-CEL
2096,2022-06-04,2022-06-09,2022,6,6,5,1,2,298.2,5350.37,17.94,Querétaro,Planta,13-ELE,Electrónica,1731.24,4181,159,4022,26.3,China,QRO-MQZ
2097,2026-05-07,2026-06-01,2026,5,4,25,1,15,83.3,1642.85,19.72,El Marqués,Distribuidor,78-SEN,Sensores,1084.74,2183,681,1502,3.21,USA,QRO-SLP
2098,2026-05-11,2026-05-30,2026,5,1,19,1,11,340.4,6236.94,18.32,León,Tier1,28-SUS,Suspensión,2679.89,2559,178,2381,14.38,México,QRO-SLP
2099,2026-05-20,2026-06-03,2026,5,3,14,1,2,229.7,2248.9,9.79,San Luis Potosí,Tier1,42-FRE,Frenos,4554.59,2399,529,1870,4.53,Japón,QRO-MQZ
2100,2024-01-01,2024-01-04,2024,1,1,3,0,0,17.6,195.22,11.09,León,Tier1,96-ELE,Electrónica,4610.48,3616,228,3388,15.86,México,QRO-MQZ
2101,2023-08-20,2023-08-26,2023,8,0,6,1,3,152.7,1812.49,11.87,Querétaro,Distribuidor,20-FRE,Frenos,3362.99,3735,334,3401,11.18,Alemania,QRO-SLP
2102,2024-08-09,2024-08-15,2024,8,5,6,1,3,90.4,1524.47,16.86,León,Planta,22-FRE,Frenos,473.66,3099,887,2212,3.49,Alemania,QRO-SLP
2103,2026-05-11,2026-05-30,2026,5,1,19,1,11,139.1,1140.98,8.2,León,Planta,82-FRE,Frenos,3559.78,1290,296,994,4.36,China,QRO-SLP
2104,2023-09-02,2023-09-07,2023,9,6,5,1,2,161.6,2890.86,17.89,San Luis Potosí,Tier1,34-ELE,Electrónica,4829.03,4110,965,3145,4.26,Japón,QRO-SJR
2105,2026-05-23,2026-05-31,2026,5,6,8,0,0,217,2105.11,9.7,El Marqués,Planta,31-ELE,Electrónica,4149.51,2548,128,2420,19.91,China,QRO-SJR
2106,2025-12-20,2025-12-26,2025,12,6,6,1,3,145.9,1635.66,11.21,Corregidora,Tier1,14-ARN,Arneses,4946.12,2364,110,2254,21.49,Alemania,QRO-CEL
2107,2026-05-15,2026-05-29,2026,5,5,14,1,7,47.2,408.55,8.66,San Juan del Río,Tier1,25-SUS,Suspensión,2863.6,1207,249,958,4.85,México,QRO-MQZ
2108,2025-08-29,2025-09-06,2025,8,5,8,1,5,204.9,3410.2,16.64,León,Planta,87-ARN,Arneses,4993.62,4977,367,4610,13.56,Japón,QRO-CEL
2109,2026-05-05,2026-05-27,2026,5,2,22,1,17,104.4,1632.54,15.64,Querétaro,Taller,37-SUS,Suspensión,1200.77,1755,358,1397,4.9,México,QRO-SJR
2110,2025-05-28,2025-05-30,2025,5,3,2,0,0,225.7,2079.82,9.21,El Marqués,Taller,8-ELE,Electrónica,1771.55,3926,741,3185,5.3,USA,QRO-SJR
2111,2024-02-29,2024-03-01,2024,2,4,1,0,0,346.7,2929.4,8.45,Celaya,Distribuidor,46-ELE,Electrónica,2511.37,3579,173,3406,20.69,China,QRO-SJR
2112,2022-01-10,2022-01-16,2022,1,1,6,1,3,328.8,5980.42,18.19,Celaya,Planta,3-FRE,Frenos,3775.29,2212,377,1835,5.87,USA,QRO-SJR
2113,2021-05-25,2021-05-26,2021,5,2,1,0,0,118.8,1936.37,16.3,Querétaro,Tier1,11-ELE,Electrónica,2731.07,2870,828,2042,3.47,USA,QRO-SLP
2114,2021-06-29,2021-07-04,2021,6,2,5,1,2,264.4,3317.9,12.55,León,Tier1,20-SEN,Sensores,595.92,674,866,-192,0.78,USA,QRO-CEL
2115,2026-05-05,2026-05-30,2026,5,2,25,1,17,256.2,2648.92,10.34,Querétaro,Tier1,95-ELE,Electrónica,4863.69,3953,627,3326,6.3,México,QRO-CEL
2116,2025-10-12,2025-10-17,2025,10,0,5,1,2,349.2,3278.87,9.39,León,Taller,11-SUS,Suspensión,588.59,823,217,606,3.79,Alemania,QRO-SLP
2117,2026-05-17,2026-05-29,2026,5,0,12,1,5,179.2,2683.29,14.97,Celaya,Tier1,6-SEN,Sensores,1099.61,3877,502,3375,7.72,Alemania,QRO-SJR
2118,2026-05-10,2026-05-31,2026,5,0,21,1,12,149.1,2075.47,13.92,León,Tier1,81-FRE,Frenos,857.33,1893,403,1490,4.7,USA,QRO-SJR
2119,2026-04-20,2026-04-25,2026,4,1,5,1,2,65,1288.55,19.82,Corregidora,Planta,3-SUS,Suspensión,3159.17,1739,584,1155,2.98,Alemania,QRO-MQZ
2120,2026-05-03,2026-05-30,2026,5,0,27,1,19,146.7,2388.29,16.28,Corregidora,Tier1,19-ELE,Electrónica,3029.39,2447,372,2075,6.58,Alemania,QRO-MQZ
2121,2026-05-08,2026-05-31,2026,5,5,23,1,14,123,2291.32,18.63,León,Tier1,39-SEN,Sensores,905.02,4748,901,3847,5.27,México,QRO-CEL
2122,2025-09-01,2025-09-08,2025,9,1,7,1,4,91.9,832.48,9.06,Celaya,Distribuidor,41-SUS,Suspensión,754.34,4179,350,3829,11.94,USA,QRO-SLP
2123,2022-03-20,2022-03-27,2022,3,0,7,1,4,298.1,3846.64,12.9,Querétaro,Distribuidor,19-ELE,Electrónica,3029.39,2447,372,2075,6.58,China,QRO-SJR
2124,2022-04-02,2022-04-09,2022,4,6,7,1,4,42.2,652.55,15.46,El Marqués,Tier1,2-SEN,Sensores,600.41,659,569,90,1.16,USA,QRO-CEL
2125,2026-05-03,2026-05-28,2026,5,0,25,1,19,67.3,615.48,9.15,Celaya,Planta,35-SEN,Sensores,262.68,3794,321,3473,11.82,Japón,QRO-CEL
2126,2022-11-11,2022-11-17,2022,11,5,6,1,3,96.1,941.15,9.79,Corregidora,Tier1,67-FRE,Frenos,2570.48,1579,719,860,2.2,China,QRO-MQZ
2127,2026-05-07,2026-05-27,2026,5,4,20,1,15,140.5,2575.27,18.33,Corregidora,Distribuidor,14-FRE,Frenos,3534.94,4023,455,3568,8.84,China,QRO-MQZ
2128,2023-03-15,2023-03-23,2023,3,3,8,1,5,131.7,1486.32,11.29,El Marqués,Taller,9-ARN,Arneses,1971.31,2328,930,1398,2.5,China,QRO-SJR
2129,2023-05-27,2023-06-01,2023,5,6,5,1,2,314.2,3594.11,11.44,San Luis Potosí,Planta,9-ELE,Electrónica,3081.81,4325,472,3853,9.16,USA,QRO-SJR
2130,2021-12-12,2021-12-13,2021,12,0,1,0,0,319.3,2760.19,8.64,Corregidora,Distribuidor,5-FRE,Frenos,3547.92,1323,978,345,1.35,Japón,QRO-SJR
2131,2023-01-15,2023-01-20,2023,1,0,5,1,2,265.2,4704.98,17.74,Celaya,Tier1,69-FRE,Frenos,186.87,4709,419,4290,11.24,USA,QRO-CEL
2132,2024-11-12,2024-11-20,2024,11,2,8,1,5,318,2943.46,9.26,Corregidora,Distribuidor,96-ELE,Electrónica,4610.48,3616,228,3388,15.86,Japón,QRO-CEL
2133,2021-11-23,2021-11-27,2021,11,2,4,1,1,181.7,1722.11,9.48,San Juan del Río,Planta,59-ARN,Arneses,757.6,2440,393,2047,6.21,México,QRO-MQZ
2134,2022-04-06,2022-04-14,2022,4,3,8,1,5,70.9,835.34,11.78,San Luis Potosí,Tier1,56-FRE,Frenos,1990.85,504,987,-483,0.51,Alemania,QRO-MQZ
2135,2021-06-13,2021-06-18,2021,6,0,5,1,2,108.1,1348.52,12.47,Corregidora,Distribuidor,19-SUS,Suspensión,4085.71,2770,814,1956,3.4,México,QRO-CEL
2136,2026-05-01,2026-05-05,2026,5,5,4,1,1,230.2,3454.29,15.01,Corregidora,Planta,81-ELE,Electrónica,140.61,1480,170,1310,8.71,China,QRO-MQZ
2137,2025-09-07,2025-09-10,2025,9,0,3,0,0,75.6,1037.33,13.72,Corregidora,Taller,37-ARN,Arneses,1422.73,3772,947,2825,3.98,México,QRO-MQZ
2138,2026-05-20,2026-06-02,2026,5,3,13,1,2,335.1,5153.79,15.38,El Marqués,Distribuidor,93-SUS,Suspensión,251.29,694,704,-10,0.99,China,QRO-MQZ
2139,2026-05-11,2026-05-27,2026,5,1,16,1,11,164.8,2743.23,16.65,Corregidora,Planta,38-SUS,Suspensión,1970.13,3514,114,3400,30.82,México,QRO-CEL
2140,2023-11-12,2023-11-17,2023,11,0,5,1,2,200.6,3584.44,17.87,Celaya,Distribuidor,42-SUS,Suspensión,1516.88,2245,576,1669,3.9,Alemania,QRO-SJR
2141,2025-09-19,2025-09-27,2025,9,5,8,1,5,94.9,1558.75,16.43,Querétaro,Taller,63-SEN,Sensores,610.95,201,678,-477,0.3,China,QRO-CEL
2142,2026-05-12,2026-06-01,2026,5,2,20,1,10,170,2895.35,17.03,El Marqués,Tier1,30-SUS,Suspensión,506.69,2378,235,2143,10.12,USA,QRO-SLP
2143,2021-09-20,2021-09-22,2021,9,1,2,0,0,212.8,4186.62,19.67,Celaya,Taller,26-FRE,Frenos,4994.24,4421,624,3797,7.08,USA,QRO-SLP
2144,2023-03-09,2023-03-16,2023,3,4,7,1,4,127.1,1744.51,13.73,Querétaro,Distribuidor,34-ELE,Electrónica,4829.03,4110,965,3145,4.26,Japón,QRO-MQZ
2145,2024-05-19,2024-05-22,2024,5,0,3,0,0,110,2096.54,19.06,Querétaro,Tier1,24-ELE,Electrónica,4055.81,2955,652,2303,4.53,USA,QRO-SLP
2146,2026-05-24,2026-06-01,2026,5,0,8,1,5,248.7,2028.95,8.16,Querétaro,Distribuidor,81-SEN,Sensores,3476.55,1073,855,218,1.25,China,QRO-CEL
2147,2022-12-19,2022-12-20,2022,12,1,1,0,0,150.7,2797.63,18.56,San Luis Potosí,Planta,92-SEN,Sensores,4469.2,3130,154,2976,20.32,USA,QRO-SJR
2148,2025-01-18,2025-01-19,2025,1,6,1,0,0,94.3,1682.01,17.84,Celaya,Distribuidor,61-FRE,Frenos,2992.6,2417,256,2161,9.44,Alemania,QRO-SLP
2149,2021-04-12,2021-04-16,2021,4,1,4,1,1,300.7,3474.77,11.56,Querétaro,Tier1,89-SUS,Suspensión,3420.66,3727,958,2769,3.89,USA,QRO-MQZ
2150,2021-05-08,2021-05-12,2021,5,6,4,1,1,241.5,3950.26,16.36,San Juan del Río,Planta,94-ELE,Electrónica,673.59,2723,409,2314,6.66,Japón,QRO-MQZ
2151,2025-07-09,2025-07-16,2025,7,3,7,1,4,81.9,1591,19.43,San Luis Potosí,Tier1,79-SUS,Suspensión,2432.97,670,354,316,1.89,Japón,QRO-CEL
2152,2025-10-15,2025-10-18,2025,10,3,3,0,0,111.4,1434.8,12.88,Corregidora,Tier1,66-ARN,Arneses,3511.95,1519,764,755,1.99,USA,QRO-SJR
2153,2025-04-26,2025-05-02,2025,4,6,6,1,3,143.6,2859.95,19.92,El Marqués,Taller,51-ARN,Arneses,2205.11,3816,443,3373,8.61,China,QRO-SLP
2154,2022-04-14,2022-04-21,2022,4,4,7,1,4,218.7,4085,18.68,El Marqués,Taller,46-FRE,Frenos,3166.98,4682,146,4536,32.07,Japón,QRO-SLP
2155,2024-07-27,2024-08-01,2024,7,6,5,1,2,286.3,3966.85,13.86,El Marqués,Distribuidor,13-ARN,Arneses,1454.25,4822,879,3943,5.49,México,QRO-CEL
2156,2024-01-01,2024-01-07,2024,1,1,6,1,3,304,5982.76,19.68,Querétaro,Planta,15-ARN,Arneses,2004.45,403,614,-211,0.66,Japón,QRO-SLP
2157,2021-01-05,2021-01-10,2021,1,2,5,1,2,111.7,1332.3,11.93,León,Taller,53-ARN,Arneses,3524.83,988,317,671,3.12,USA,QRO-SLP
2158,2026-05-25,2026-06-07,2026,5,1,13,0,0,136.8,1873.4,13.69,San Luis Potosí,Tier1,68-ELE,Electrónica,428.16,3609,688,2921,5.25,China,QRO-CEL
2159,2023-01-24,2023-01-27,2023,1,2,3,0,0,31.9,637.94,20,Querétaro,Distribuidor,58-ARN,Arneses,2254.49,3722,381,3341,9.77,México,QRO-SJR
2160,2025-11-17,2025-11-23,2025,11,1,6,1,3,164.1,1902.94,11.6,San Luis Potosí,Tier1,56-ARN,Arneses,1558.68,1866,703,1163,2.65,China,QRO-SLP
2161,2024-10-30,2024-11-01,2024,10,3,2,0,0,16,314.31,19.64,Querétaro,Planta,88-SUS,Suspensión,1941.02,3880,832,3048,4.66,México,QRO-MQZ
2162,2026-05-03,2026-05-28,2026,5,0,25,1,19,297.8,4464.96,14.99,Corregidora,Planta,36-ARN,Arneses,142.04,4438,157,4281,28.27,México,QRO-MQZ
2163,2026-05-25,2026-06-06,2026,5,1,12,0,0,307.4,3052.13,9.93,San Juan del Río,Planta,70-SEN,Sensores,1991.74,2888,241,2647,11.98,Japón,QRO-SJR
2164,2021-03-13,2021-03-15,2021,3,6,2,0,0,274.1,3977.48,14.51,El Marqués,Taller,15-SEN,Sensores,4743.16,142,448,-306,0.32,China,QRO-MQZ
2165,2026-05-11,2026-05-30,2026,5,1,19,1,11,35.6,589.85,16.57,Querétaro,Planta,66-FRE,Frenos,1624.56,4540,510,4030,8.9,China,QRO-SJR
2166,2026-02-21,2026-02-28,2026,2,6,7,1,4,336.9,6543.94,19.42,Celaya,Planta,35-ELE,Electrónica,1141.28,3576,681,2895,5.25,Alemania,QRO-SLP
2167,2025-12-30,2026-01-04,2025,12,2,5,1,2,273.5,5422.21,19.83,Querétaro,Tier1,44-SUS,Suspensión,504.34,1272,969,303,1.31,Japón,QRO-CEL
2168,2025-11-21,2025-11-23,2025,11,5,2,0,0,116.5,1112.21,9.55,Corregidora,Distribuidor,14-ELE,Electrónica,1218.61,173,107,66,1.62,USA,QRO-CEL
2169,2022-12-31,2023-01-07,2022,12,6,7,1,4,158.4,1778.06,11.23,Corregidora,Distribuidor,4-SEN,Sensores,415.57,4942,295,4647,16.75,USA,QRO-CEL
2170,2026-05-19,2026-05-28,2026,5,2,9,1,3,113.9,2078.73,18.25,León,Tier1,88-ARN,Arneses,4573.3,1325,367,958,3.61,Japón,QRO-MQZ
2171,2021-02-14,2021-02-16,2021,2,0,2,0,0,260.1,3373.31,12.97,Querétaro,Tier1,12-FRE,Frenos,2256.16,1344,843,501,1.59,Japón,QRO-MQZ
2172,2024-08-19,2024-08-21,2024,8,1,2,0,0,185.9,2536.47,13.64,El Marqués,Tier1,44-ARN,Arneses,4310.1,1228,335,893,3.67,China,QRO-MQZ
2173,2022-03-23,2022-03-25,2022,3,3,2,0,0,21.8,303.11,13.9,San Juan del Río,Taller,75-SEN,Sensores,2324.33,2246,115,2131,19.53,USA,QRO-MQZ
2174,2026-05-06,2026-05-26,2026,5,3,20,1,16,48.2,524.21,10.88,El Marqués,Taller,65-SEN,Sensores,3356.68,3642,308,3334,11.82,Japón,QRO-SLP
2175,2024-08-08,2024-08-11,2024,8,4,3,0,0,10.9,92.77,8.51,León,Tier1,87-SUS,Suspensión,2152.64,3435,242,3193,14.19,Japón,QRO-SJR
2176,2021-10-07,2021-10-11,2021,10,4,4,1,1,343.2,5895.57,17.18,Querétaro,Distribuidor,34-ARN,Arneses,4771.65,2699,606,2093,4.45,Japón,QRO-CEL
2177,2026-05-14,2026-05-27,2026,5,4,13,1,8,304.4,3100.88,10.19,Querétaro,Tier1,36-ELE,Electrónica,1042.23,3858,726,3132,5.31,México,QRO-SJR
2178,2023-11-25,2023-12-01,2023,11,6,6,1,3,87.8,741.63,8.45,San Luis Potosí,Planta,7-FRE,Frenos,3386.88,9,821,-812,0.01,Alemania,QRO-CEL
2179,2026-05-16,2026-05-30,2026,5,6,14,1,6,26.4,404.89,15.34,León,Planta,91-ARN,Arneses,3259.69,1994,705,1289,2.83,China,QRO-MQZ
2180,2026-05-09,2026-05-26,2026,5,6,17,1,13,288.6,3854.99,13.36,Corregidora,Distribuidor,41-ARN,Arneses,2258.51,2697,698,1999,3.86,México,QRO-SLP
2181,2024-06-28,2024-07-04,2024,6,5,6,1,3,253.9,3357.57,13.22,Corregidora,Distribuidor,64-FRE,Frenos,3469.29,4865,898,3967,5.42,México,QRO-SJR
2182,2023-01-06,2023-01-12,2023,1,5,6,1,3,136.8,1628.09,11.9,Celaya,Distribuidor,36-FRE,Frenos,2503.31,2427,781,1646,3.11,Alemania,QRO-CEL
2183,2026-05-21,2026-06-01,2026,5,4,11,1,1,261.6,4683.78,17.9,Celaya,Distribuidor,24-ARN,Arneses,4525.05,711,612,99,1.16,USA,QRO-SJR
2184,2026-05-23,2026-05-31,2026,5,6,8,0,0,281.7,3119.36,11.07,Corregidora,Distribuidor,8-FRE,Frenos,1993.18,2763,635,2128,4.35,Alemania,QRO-MQZ
2185,2024-07-19,2024-07-22,2024,7,5,3,0,0,130.6,1623.86,12.43,Corregidora,Planta,46-SEN,Sensores,4891.28,2915,405,2510,7.2,Alemania,QRO-MQZ
2186,2022-10-15,2022-10-23,2022,10,6,8,1,5,112.6,1959.02,17.4,León,Taller,86-ELE,Electrónica,4667.98,3468,649,2819,5.34,China,QRO-MQZ
2187,2026-05-11,2026-05-28,2026,5,1,17,1,11,269.6,3868.04,14.35,San Juan del Río,Planta,27-FRE,Frenos,4045.05,2920,947,1973,3.08,México,QRO-SJR
2188,2025-11-12,2025-11-20,2025,11,3,8,1,5,330.6,5765.72,17.44,Corregidora,Distribuidor,16-ARN,Arneses,1385.97,4731,948,3783,4.99,México,QRO-MQZ
2189,2025-11-04,2025-11-05,2025,11,2,1,0,0,297.9,3589.92,12.05,Querétaro,Tier1,87-SEN,Sensores,1243.01,2731,878,1853,3.11,China,QRO-SJR
2190,2022-06-17,2022-06-21,2022,6,5,4,1,1,345.5,4438.96,12.85,León,Tier1,24-SEN,Sensores,2113.06,4735,936,3799,5.06,México,QRO-CEL
2191,2025-12-22,2025-12-26,2025,12,1,4,1,1,77.7,1421.59,18.3,San Juan del Río,Planta,97-SUS,Suspensión,3611.27,2315,112,2203,20.67,Alemania,QRO-MQZ
2192,2026-05-17,2026-05-29,2026,5,0,12,1,5,79,1033.89,13.09,Celaya,Tier1,91-FRE,Frenos,4291.8,4493,112,4381,40.12,Japón,QRO-CEL
2193,2023-12-06,2023-12-11,2023,12,3,5,1,2,107.8,907.85,8.42,San Juan del Río,Planta,70-ARN,Arneses,1874.06,2106,688,1418,3.06,México,QRO-SJR
2194,2026-05-03,2026-05-28,2026,5,0,25,1,19,179.7,2576.49,14.34,El Marqués,Tier1,45-ARN,Arneses,944.57,3020,180,2840,16.78,Alemania,QRO-MQZ
2195,2026-05-24,2026-06-01,2026,5,0,8,0,0,349.1,3891.94,11.15,San Juan del Río,Planta,18-SUS,Suspensión,340.23,926,375,551,2.47,México,QRO-CEL
2196,2026-05-16,2026-05-27,2026,5,6,11,1,6,285.4,2553.08,8.95,El Marqués,Taller,45-SUS,Suspensión,2909.13,3021,431,2590,7.01,Alemania,QRO-CEL
2197,2026-05-06,2026-05-31,2026,5,3,25,1,16,329.4,5395.91,16.38,San Luis Potosí,Planta,70-FRE,Frenos,3370.05,2773,737,2036,3.76,USA,QRO-SLP
2198,2021-02-12,2021-02-14,2021,2,5,2,0,0,347.7,3517.57,10.12,Corregidora,Distribuidor,48-SEN,Sensores,2080.46,31,818,-787,0.04,Japón,QRO-MQZ
2199,2026-03-10,2026-03-15,2026,3,2,5,1,2,142,1421.94,10.01,El Marqués,Tier1,85-ELE,Electrónica,2849.32,3481,180,3301,19.34,Alemania,QRO-SLP
2200,2024-03-21,2024-03-28,2024,3,4,7,1,4,198.2,1758.68,8.87,León,Taller,33-ELE,Electrónica,3571.92,3016,937,2079,3.22,USA,QRO-CEL
2201,2026-05-01,2026-05-25,2026,5,5,24,1,21,316,3169.3,10.03,León,Planta,41-SEN,Sensores,4243.67,4515,377,4138,11.98,USA,QRO-SJR
2202,2026-05-19,2026-05-30,2026,5,2,11,1,3,326.9,4994.54,15.28,El Marqués,Taller,8-SUS,Suspensión,926.42,4541,250,4291,18.16,USA,QRO-CEL
2203,2024-11-14,2024-11-22,2024,11,4,8,1,5,61.7,1054.3,17.09,Celaya,Tier1,53-SEN,Sensores,2001.95,4699,843,3856,5.57,Japón,QRO-CEL
2204,2024-12-25,2025-01-02,2024,12,3,8,1,5,182.9,3510.28,19.19,San Luis Potosí,Tier1,17-SUS,Suspensión,2687.14,2633,740,1893,3.56,México,QRO-MQZ
2205,2026-05-22,2026-05-27,2026,5,5,5,0,0,298.4,3112.54,10.43,San Juan del Río,Tier1,65-ARN,Arneses,844,2641,720,1921,3.67,USA,QRO-MQZ
2206,2026-05-24,2026-06-02,2026,5,0,9,0,0,125.6,1550.01,12.34,El Marqués,Tier1,72-ELE,Electrónica,892.6,1623,479,1144,3.39,México,QRO-MQZ
2207,2023-09-22,2023-09-24,2023,9,5,2,0,0,106.4,1735.99,16.32,Querétaro,Tier1,52-SUS,Suspensión,2988.75,658,311,347,2.12,Alemania,QRO-MQZ
2208,2026-05-25,2026-05-27,2026,5,1,2,0,0,317.9,4776.7,15.03,Querétaro,Tier1,14-SEN,Sensores,1286.42,722,555,167,1.3,USA,QRO-MQZ
2209,2026-05-04,2026-05-25,2026,5,1,21,1,18,18.8,245,13.03,Corregidora,Planta,87-SEN,Sensores,1243.01,2731,878,1853,3.11,Japón,QRO-MQZ
2210,2021-06-01,2021-06-09,2021,6,2,8,1,5,317,3206.29,10.11,San Luis Potosí,Distribuidor,73-FRE,Frenos,1090.63,4235,792,3443,5.35,Japón,QRO-CEL
2211,2025-07-24,2025-07-28,2025,7,4,4,1,1,131.3,2118.85,16.14,San Luis Potosí,Tier1,15-FRE,Frenos,886.52,1011,947,64,1.07,China,QRO-CEL
2212,2021-04-21,2021-04-24,2021,4,3,3,0,0,171.4,2880,16.8,León,Planta,78-ARN,Arneses,3156.74,4864,828,4036,5.87,China,QRO-CEL
2213,2023-02-15,2023-02-22,2023,2,3,7,1,4,42.7,811.97,19.02,San Juan del Río,Taller,20-SUS,Suspensión,1687.63,629,800,-171,0.79,USA,QRO-SLP
2214,2023-06-30,2023-07-02,2023,6,5,2,0,0,12.4,171.78,13.85,Corregidora,Distribuidor,10-SUS,Suspensión,3974.3,2474,590,1884,4.19,China,QRO-CEL
2215,2024-09-18,2024-09-22,2024,9,3,4,1,1,13.3,129.78,9.76,San Luis Potosí,Tier1,91-SEN,Sensores,4666.99,2159,152,2007,14.2,Alemania,QRO-SLP
2216,2023-10-09,2023-10-11,2023,10,1,2,0,0,138.2,1627.82,11.78,León,Tier1,66-FRE,Frenos,1624.56,4540,510,4030,8.9,Japón,QRO-CEL
2217,2024-02-02,2024-02-04,2024,2,5,2,0,0,55.8,584.41,10.47,Querétaro,Planta,5-FRE,Frenos,3547.92,1323,978,345,1.35,USA,QRO-SJR
2218,2026-05-20,2026-05-27,2026,5,3,7,1,2,122.2,1817.81,14.88,León,Planta,91-SUS,Suspensión,3680.26,3837,791,3046,4.85,Japón,QRO-CEL
2219,2023-02-19,2023-02-26,2023,2,0,7,1,4,207.2,1920.22,9.27,San Luis Potosí,Tier1,70-ARN,Arneses,1874.06,2106,688,1418,3.06,Alemania,QRO-CEL
2220,2026-05-07,2026-06-01,2026,5,4,25,1,15,310.9,5906.51,19,León,Planta,1-FRE,Frenos,233.71,1282,783,499,1.64,Japón,QRO-CEL
2221,2026-05-23,2026-05-28,2026,5,6,5,0,0,146.5,1585.08,10.82,San Luis Potosí,Tier1,83-ELE,Electrónica,2047.97,1307,286,1021,4.57,Alemania,QRO-CEL
2222,2023-05-31,2023-06-08,2023,5,3,8,1,5,326.9,4437.55,13.57,El Marqués,Tier1,93-SUS,Suspensión,251.29,694,704,-10,0.99,USA,QRO-SJR
2223,2022-03-04,2022-03-10,2022,3,5,6,1,3,14.2,189.9,13.37,San Juan del Río,Planta,72-SUS,Suspensión,234.19,3605,243,3362,14.84,USA,QRO-CEL
2224,2021-06-25,2021-06-27,2021,6,5,2,0,0,299.4,4751.36,15.87,Querétaro,Taller,68-SEN,Sensores,3619.25,1156,733,423,1.58,China,QRO-SLP
2225,2026-05-22,2026-06-04,2026,5,5,13,0,0,53.1,779.96,14.69,León,Taller,69-SEN,Sensores,2210.85,4509,513,3996,8.79,Japón,QRO-CEL
2226,2023-10-22,2023-10-23,2023,10,0,1,0,0,158.2,2056.77,13,Corregidora,Distribuidor,51-ELE,Electrónica,807.84,2612,676,1936,3.86,USA,QRO-MQZ
2227,2026-05-09,2026-06-01,2026,5,6,23,1,13,118.7,2035.33,17.15,Querétaro,Tier1,56-SEN,Sensores,1253.34,3707,620,3087,5.98,Alemania,QRO-SJR
2228,2026-05-05,2026-05-26,2026,5,2,21,1,17,197.8,2886.93,14.6,Corregidora,Taller,10-ARN,Arneses,1421.89,2478,555,1923,4.46,USA,QRO-SLP
2229,2025-12-09,2025-12-11,2025,12,2,2,0,0,348.9,3018.19,8.65,Querétaro,Planta,33-ELE,Electrónica,3571.92,3016,937,2079,3.22,México,QRO-CEL
2230,2024-10-09,2024-10-15,2024,10,3,6,1,3,12,238.47,19.87,Corregidora,Distribuidor,74-FRE,Frenos,4844.7,4945,375,4570,13.19,Japón,QRO-CEL
2231,2026-05-04,2026-05-26,2026,5,1,22,1,18,187.7,2471.29,13.17,San Juan del Río,Planta,2-SEN,Sensores,600.41,659,569,90,1.16,USA,QRO-MQZ
2232,2024-01-02,2024-01-03,2024,1,2,1,0,0,119.4,1010.22,8.46,San Juan del Río,Taller,61-ARN,Arneses,4744.31,4892,624,4268,7.84,Alemania,QRO-SLP
2233,2022-09-26,2022-09-28,2022,9,1,2,0,0,107,1813.19,16.95,San Luis Potosí,Distribuidor,57-ELE,Electrónica,4825.73,3798,194,3604,19.58,USA,QRO-MQZ
2234,2023-02-14,2023-02-16,2023,2,2,2,0,0,64.2,1071.5,16.69,Corregidora,Distribuidor,3-SEN,Sensores,523.6,1191,770,421,1.55,USA,QRO-SJR
2235,2021-01-15,2021-01-23,2021,1,5,8,1,5,314.3,5432.85,17.29,León,Planta,53-SEN,Sensores,2001.95,4699,843,3856,5.57,México,QRO-SJR
2236,2021-06-07,2021-06-08,2021,6,1,1,0,0,38.7,313.57,8.1,San Luis Potosí,Planta,23-SUS,Suspensión,3508.58,2134,799,1335,2.67,Alemania,QRO-SLP
2237,2026-05-18,2026-05-31,2026,5,1,13,1,4,188,3670.88,19.53,Corregidora,Distribuidor,3-SEN,Sensores,523.6,1191,770,421,1.55,USA,QRO-SLP
2238,2022-12-09,2022-12-12,2022,12,5,3,0,0,72.8,639.26,8.78,Corregidora,Distribuidor,50-SUS,Suspensión,1449.41,272,798,-526,0.34,USA,QRO-SJR
2239,2026-05-21,2026-05-29,2026,5,4,8,1,1,236.1,4194.69,17.77,San Juan del Río,Planta,67-SEN,Sensores,1150.29,310,108,202,2.87,USA,QRO-SLP
2240,2026-05-11,2026-05-31,2026,5,1,20,1,11,80.9,726.84,8.98,León,Planta,52-ARN,Arneses,4854.61,3039,358,2681,8.49,USA,QRO-SJR
2241,2026-05-01,2026-05-31,2026,5,5,30,1,21,324.2,3861.26,11.91,El Marqués,Tier1,28-FRE,Frenos,2880.95,4135,830,3305,4.98,México,QRO-SLP
2242,2023-02-23,2023-02-25,2023,2,4,2,0,0,80.1,1165.91,14.56,León,Tier1,90-SEN,Sensores,2337.67,4635,431,4204,10.75,China,QRO-CEL
2243,2024-01-29,2024-02-03,2024,1,1,5,1,2,68.7,1018.1,14.82,El Marqués,Tier1,70-ELE,Electrónica,1470.68,4676,492,4184,9.5,USA,QRO-SJR
2244,2024-11-07,2024-11-11,2024,11,4,4,1,1,46.7,444.68,9.52,León,Tier1,64-SEN,Sensores,4961.2,4001,258,3743,15.51,México,QRO-SLP
2245,2025-04-11,2025-04-13,2025,4,5,2,0,0,173.4,1828.88,10.55,Corregidora,Planta,83-SEN,Sensores,3044.98,1762,882,880,2,China,QRO-MQZ
2246,2026-05-10,2026-05-25,2026,5,0,15,1,12,27.3,544.86,19.96,San Luis Potosí,Tier1,21-ARN,Arneses,2688.88,472,527,-55,0.9,Alemania,QRO-SLP
2247,2021-01-04,2021-01-07,2021,1,1,3,0,0,332.7,2790.54,8.39,Corregidora,Tier1,68-ARN,Arneses,4667.59,2569,343,2226,7.49,Japón,QRO-MQZ
2248,2022-05-08,2022-05-12,2022,5,0,4,1,1,68.1,984.38,14.45,El Marqués,Distribuidor,62-FRE,Frenos,4762.92,2484,760,1724,3.27,México,QRO-SLP
2249,2025-08-18,2025-08-26,2025,8,1,8,1,5,294.7,5381.78,18.26,León,Tier1,76-SEN,Sensores,3690.33,3173,898,2275,3.53,México,QRO-CEL
2250,2026-05-02,2026-05-25,2026,5,6,23,1,20,18,243.39,13.52,Querétaro,Tier1,55-ARN,Arneses,3941.75,4751,961,3790,4.94,Japón,QRO-MQZ
2251,2026-05-06,2026-05-25,2026,5,3,19,1,16,309.9,5991.89,19.33,San Juan del Río,Taller,11-SEN,Sensores,1039.42,4283,144,4139,29.74,China,QRO-MQZ
2252,2025-03-22,2025-03-24,2025,3,6,2,0,0,67.2,977.06,14.54,San Juan del Río,Taller,55-FRE,Frenos,3030.18,3583,896,2687,4,Japón,QRO-SLP
2253,2021-06-17,2021-06-24,2021,6,4,7,1,4,227.3,4225.13,18.59,León,Taller,71-ELE,Electrónica,3176.69,1574,322,1252,4.89,China,QRO-CEL
2254,2026-05-02,2026-05-26,2026,5,6,24,1,20,131.8,1978.4,15.01,San Luis Potosí,Planta,40-SEN,Sensores,1730.14,4560,975,3585,4.68,USA,QRO-MQZ
2255,2025-08-11,2025-08-19,2025,8,1,8,1,5,106.7,1335.2,12.51,San Luis Potosí,Tier1,77-ELE,Electrónica,761.01,3401,523,2878,6.5,Japón,QRO-SLP
2256,2021-04-27,2021-04-30,2021,4,2,3,0,0,242.5,4504.96,18.58,San Juan del Río,Tier1,18-ELE,Electrónica,3808.96,3955,122,3833,32.42,México,QRO-SLP
2257,2026-05-16,2026-05-25,2026,5,6,9,1,6,39.5,663.09,16.79,Corregidora,Distribuidor,57-ARN,Arneses,607.05,602,337,265,1.79,Japón,QRO-SLP
2258,2023-09-28,2023-10-04,2023,9,4,6,1,3,182.3,3323.34,18.23,Celaya,Taller,69-ELE,Electrónica,1827.32,416,556,-140,0.75,México,QRO-SJR
2259,2022-05-05,2022-05-07,2022,5,4,2,0,0,157.3,1988.47,12.64,San Luis Potosí,Taller,24-SUS,Suspensión,712.49,4064,852,3212,4.77,USA,QRO-CEL
2260,2025-11-18,2025-11-26,2025,11,2,8,1,5,279.4,2331.6,8.35,León,Tier1,30-SEN,Sensores,3410.75,196,590,-394,0.33,China,QRO-CEL
2261,2026-05-14,2026-05-25,2026,5,4,11,1,8,148.8,2199.75,14.78,León,Tier1,65-SUS,Suspensión,3449.87,4345,595,3750,7.3,Japón,QRO-SJR
2262,2022-12-06,2022-12-08,2022,12,2,2,0,0,161.5,2407.51,14.91,Corregidora,Distribuidor,93-SEN,Sensores,4236.96,1229,379,850,3.24,México,QRO-SLP
2263,2021-03-22,2021-03-29,2021,3,1,7,1,4,285.9,5258.63,18.39,El Marqués,Taller,26-ELE,Electrónica,922.82,3095,331,2764,9.35,China,QRO-SJR
2264,2026-05-02,2026-05-27,2026,5,6,25,1,20,205.9,3706.83,18,León,Tier1,38-ELE,Electrónica,2360.54,3797,195,3602,19.47,Alemania,QRO-SJR
2265,2021-04-13,2021-04-18,2021,4,2,5,1,2,107.2,1702.85,15.88,Corregidora,Taller,25-ARN,Arneses,3915.2,4208,808,3400,5.21,Japón,QRO-CEL
2266,2024-04-18,2024-04-23,2024,4,4,5,1,2,86.4,1105.42,12.79,San Luis Potosí,Taller,89-SUS,Suspensión,3420.66,3727,958,2769,3.89,China,QRO-SLP
2267,2022-06-13,2022-06-18,2022,6,1,5,1,2,242.8,2174.58,8.96,San Luis Potosí,Tier1,50-ARN,Arneses,2901.33,2029,792,1237,2.56,Alemania,QRO-CEL
2268,2021-09-25,2021-09-30,2021,9,6,5,1,2,161,2944.85,18.29,El Marqués,Tier1,72-SUS,Suspensión,234.19,3605,243,3362,14.84,Alemania,QRO-SLP
2269,2026-05-05,2026-05-27,2026,5,2,22,1,17,133.9,2411.22,18.01,San Luis Potosí,Taller,80-FRE,Frenos,1456.89,1654,528,1126,3.13,China,QRO-SJR
2270,2021-08-07,2021-08-15,2021,8,6,8,1,5,139.2,1312.84,9.43,Querétaro,Tier1,2-FRE,Frenos,2261.86,2629,314,2315,8.37,China,QRO-MQZ
2271,2026-05-07,2026-05-28,2026,5,4,21,1,15,215.5,3207.55,14.88,San Juan del Río,Taller,98-ARN,Arneses,3240.05,314,373,-59,0.84,México,QRO-SLP
2272,2026-03-17,2026-03-25,2026,3,2,8,1,5,323.8,4386.49,13.55,Celaya,Taller,4-SEN,Sensores,415.57,4942,295,4647,16.75,China,QRO-MQZ
2273,2026-05-04,2026-06-01,2026,5,1,28,1,18,229.8,3813,16.59,Querétaro,Tier1,98-FRE,Frenos,1762.7,3662,966,2696,3.79,Alemania,QRO-MQZ
2274,2025-03-09,2025-03-15,2025,3,0,6,1,3,315.9,4641,14.69,Corregidora,Distribuidor,5-ELE,Electrónica,92.23,1679,445,1234,3.77,China,QRO-MQZ
2275,2021-01-06,2021-01-07,2021,1,3,1,0,0,118.1,1786.46,15.13,Corregidora,Distribuidor,53-SEN,Sensores,2001.95,4699,843,3856,5.57,Alemania,QRO-MQZ
2276,2026-05-25,2026-05-31,2026,5,1,6,0,0,326.8,6495.19,19.88,San Juan del Río,Taller,16-ELE,Electrónica,316.27,2849,664,2185,4.29,México,QRO-MQZ
2277,2023-03-05,2023-03-06,2023,3,0,1,0,0,195.5,2917.5,14.92,San Luis Potosí,Planta,30-SEN,Sensores,3410.75,196,590,-394,0.33,Japón,QRO-SLP
2278,2025-10-05,2025-10-08,2025,10,0,3,0,0,69,1225.82,17.77,Celaya,Tier1,78-ARN,Arneses,3156.74,4864,828,4036,5.87,Japón,QRO-MQZ
2279,2021-10-02,2021-10-06,2021,10,6,4,1,1,182.7,1665.41,9.12,San Juan del Río,Planta,69-SEN,Sensores,2210.85,4509,513,3996,8.79,Alemania,QRO-SJR
2280,2021-06-17,2021-06-24,2021,6,4,7,1,4,316.7,2653.03,8.38,San Luis Potosí,Distribuidor,99-FRE,Frenos,4195.98,3122,126,2996,24.78,USA,QRO-CEL
2281,2024-10-16,2024-10-18,2024,10,3,2,0,0,48.7,862.78,17.72,San Juan del Río,Tier1,31-FRE,Frenos,259.79,2493,478,2015,5.22,Alemania,QRO-CEL
2282,2021-10-08,2021-10-09,2021,10,5,1,0,0,271.8,4814.49,17.71,Querétaro,Taller,66-SUS,Suspensión,3813.62,870,354,516,2.46,USA,QRO-SLP
2283,2021-01-24,2021-02-01,2021,1,0,8,1,5,153.9,2647.57,17.2,San Juan del Río,Taller,48-SUS,Suspensión,3762.52,1609,412,1197,3.91,USA,QRO-SJR
2284,2026-05-14,2026-05-29,2026,5,4,15,1,8,223.5,3832.31,17.15,Querétaro,Planta,1-SEN,Sensores,1859.2,2796,887,1909,3.15,Japón,QRO-SLP
2285,2026-05-11,2026-05-27,2026,5,1,16,1,11,227,2278.99,10.04,San Luis Potosí,Tier1,53-SUS,Suspensión,2062.9,3440,719,2721,4.78,USA,QRO-SJR
2286,2023-08-09,2023-08-15,2023,8,3,6,1,3,274.7,5148.91,18.74,El Marqués,Tier1,28-ARN,Arneses,615.82,4597,278,4319,16.54,México,QRO-SJR
2287,2025-10-15,2025-10-20,2025,10,3,5,1,2,94.9,1755.7,18.5,Celaya,Distribuidor,78-SEN,Sensores,1084.74,2183,681,1502,3.21,China,QRO-CEL
2288,2026-05-10,2026-05-26,2026,5,0,16,1,12,262.2,4874.77,18.59,Corregidora,Taller,65-ELE,Electrónica,4175.41,3316,875,2441,3.79,China,QRO-SJR
2289,2026-03-12,2026-03-19,2026,3,4,7,1,4,168.5,2423.51,14.38,El Marqués,Taller,40-ARN,Arneses,288.05,1674,857,817,1.95,USA,QRO-MQZ
2290,2023-03-22,2023-03-26,2023,3,3,4,1,1,157.7,2916.66,18.49,Corregidora,Planta,74-SEN,Sensores,3564.35,956,699,257,1.37,México,QRO-CEL
2291,2025-05-29,2025-06-05,2025,5,4,7,1,4,76.8,1342.67,17.48,El Marqués,Taller,83-ELE,Electrónica,2047.97,1307,286,1021,4.57,Japón,QRO-SJR
2292,2026-05-19,2026-05-28,2026,5,2,9,1,3,293.4,3430.6,11.69,Querétaro,Planta,19-SUS,Suspensión,4085.71,2770,814,1956,3.4,China,QRO-SLP
2293,2026-05-03,2026-06-01,2026,5,0,29,1,19,276.1,2825.31,10.23,San Luis Potosí,Tier1,81-SEN,Sensores,3476.55,1073,855,218,1.25,China,QRO-MQZ
2294,2025-05-10,2025-05-13,2025,5,6,3,0,0,204.5,3792.63,18.55,Celaya,Planta,17-ARN,Arneses,1311.09,4802,363,4439,13.23,Japón,QRO-SLP
2295,2021-11-30,2021-12-03,2021,11,2,3,0,0,274.8,4277.52,15.57,Celaya,Tier1,63-SEN,Sensores,610.95,201,678,-477,0.3,Alemania,QRO-MQZ
2296,2026-05-13,2026-05-27,2026,5,3,14,1,9,129,1711.26,13.27,San Luis Potosí,Taller,75-ARN,Arneses,783.6,3454,262,3192,13.18,Alemania,QRO-MQZ
2297,2026-05-21,2026-06-03,2026,5,4,13,1,1,334.3,2687.64,8.04,Querétaro,Planta,19-FRE,Frenos,2228.63,130,180,-50,0.72,China,QRO-SLP
2298,2021-01-24,2021-01-28,2021,1,0,4,1,1,299.6,2868.57,9.57,San Juan del Río,Planta,19-SEN,Sensores,1116.53,4535,959,3576,4.73,USA,QRO-SJR
2299,2025-10-06,2025-10-07,2025,10,1,1,0,0,228.9,4556.1,19.9,León,Taller,1-ELE,Electrónica,4919.31,1189,945,244,1.26,USA,QRO-SLP
2300,2026-05-22,2026-06-02,2026,5,5,11,0,0,45.5,377.78,8.3,Querétaro,Planta,54-ARN,Arneses,3425.08,4574,874,3700,5.23,China,QRO-SLP
2301,2026-05-09,2026-05-31,2026,5,6,22,1,13,103,1116.8,10.84,Querétaro,Tier1,45-ELE,Electrónica,4169.66,3629,173,3456,20.98,Alemania,QRO-MQZ
2302,2022-01-30,2022-02-03,2022,1,0,4,1,1,192.6,2152.84,11.18,León,Tier1,42-ELE,Electrónica,3324.88,3038,963,2075,3.15,Japón,QRO-MQZ
2303,2025-06-10,2025-06-13,2025,6,2,3,0,0,284.9,5665.82,19.89,León,Planta,29-SUS,Suspensión,2268.03,800,134,666,5.97,USA,QRO-SJR
2304,2022-03-20,2022-03-24,2022,3,0,4,1,1,38.5,391.24,10.16,San Juan del Río,Taller,39-SEN,Sensores,905.02,4748,901,3847,5.27,Japón,QRO-CEL
2305,2024-07-26,2024-08-01,2024,7,5,6,1,3,297.4,2385.17,8.02,Celaya,Planta,32-SEN,Sensores,1196.78,3120,728,2392,4.29,Alemania,QRO-SJR
2306,2026-05-08,2026-05-27,2026,5,5,19,1,14,206.4,3907.93,18.93,León,Taller,47-FRE,Frenos,1952.37,1312,523,789,2.51,Alemania,QRO-SLP
2307,2026-01-04,2026-01-05,2026,1,0,1,0,0,349.6,3344.53,9.57,San Juan del Río,Planta,4-SEN,Sensores,415.57,4942,295,4647,16.75,USA,QRO-MQZ
2308,2026-05-11,2026-06-01,2026,5,1,21,1,11,97.8,864.99,8.84,Celaya,Tier1,13-SEN,Sensores,1929.65,2670,406,2264,6.58,México,QRO-SLP
2309,2025-07-09,2025-07-15,2025,7,3,6,1,3,217.9,1834.34,8.42,Querétaro,Tier1,73-ARN,Arneses,3687.85,3796,460,3336,8.25,Alemania,QRO-SJR
2310,2026-05-12,2026-06-01,2026,5,2,20,1,10,124.7,1504.91,12.07,Corregidora,Taller,31-SUS,Suspensión,414.84,3309,482,2827,6.87,China,QRO-SLP
2311,2026-05-17,2026-05-31,2026,5,0,14,1,5,210.7,2039.53,9.68,Querétaro,Distribuidor,26-SUS,Suspensión,4121.98,3676,530,3146,6.94,China,QRO-CEL
2312,2026-05-19,2026-05-28,2026,5,2,9,1,3,231.4,2067.99,8.94,Querétaro,Tier1,32-SEN,Sensores,1196.78,3120,728,2392,4.29,China,QRO-SLP
2313,2022-09-12,2022-09-20,2022,9,1,8,1,5,72.5,1094.89,15.1,San Juan del Río,Taller,26-ARN,Arneses,1872.84,4883,185,4698,26.39,Alemania,QRO-SJR
2314,2021-11-07,2021-11-09,2021,11,0,2,0,0,310.2,6120.25,19.73,El Marqués,Planta,21-ELE,Electrónica,2331.02,422,893,-471,0.47,Alemania,QRO-CEL
2315,2022-10-29,2022-11-06,2022,10,6,8,1,5,179.4,2260.9,12.6,Querétaro,Planta,81-ARN,Arneses,4391.37,366,872,-506,0.42,Alemania,QRO-CEL
2316,2026-05-16,2026-05-29,2026,5,6,13,1,6,14.1,142.22,10.09,San Luis Potosí,Tier1,22-SEN,Sensores,4518.66,3974,785,3189,5.06,China,QRO-MQZ
2317,2026-05-15,2026-05-27,2026,5,5,12,1,7,158.6,1783.37,11.24,El Marqués,Taller,89-FRE,Frenos,3217.84,688,519,169,1.33,USA,QRO-SLP
2318,2026-05-20,2026-05-31,2026,5,3,11,1,2,75.4,1267.55,16.81,León,Tier1,8-SUS,Suspensión,926.42,4541,250,4291,18.16,Japón,QRO-CEL
2319,2026-05-11,2026-05-30,2026,5,1,19,1,11,88.4,1498.75,16.95,Querétaro,Taller,59-ARN,Arneses,757.6,2440,393,2047,6.21,Alemania,QRO-MQZ
2320,2022-07-12,2022-07-20,2022,7,2,8,1,5,168.6,2482.13,14.72,León,Tier1,31-SEN,Sensores,2188.74,120,548,-428,0.22,Alemania,QRO-SLP
2321,2026-05-17,2026-05-29,2026,5,0,12,1,5,321,4821.53,15.02,Corregidora,Planta,6-SUS,Suspensión,2576.41,2042,642,1400,3.18,China,QRO-SLP
2322,2023-09-12,2023-09-16,2023,9,2,4,1,1,194.7,2668.86,13.71,El Marqués,Tier1,54-FRE,Frenos,2428.99,2196,677,1519,3.24,USA,QRO-SJR
2323,2021-06-03,2021-06-04,2021,6,4,1,0,0,192.6,2612,13.56,Querétaro,Tier1,91-ELE,Electrónica,4015.73,261,463,-202,0.56,Japón,QRO-SJR
2324,2026-01-13,2026-01-18,2026,1,2,5,1,2,159.1,2933.23,18.44,El Marqués,Distribuidor,97-SUS,Suspensión,3611.27,2315,112,2203,20.67,China,QRO-SJR
2325,2025-02-11,2025-02-18,2025,2,2,7,1,4,52.7,749.56,14.22,San Luis Potosí,Tier1,26-SUS,Suspensión,4121.98,3676,530,3146,6.94,USA,QRO-CEL
2326,2025-01-20,2025-01-22,2025,1,1,2,0,0,347.9,5396.67,15.51,San Juan del Río,Taller,50-SUS,Suspensión,1449.41,272,798,-526,0.34,México,QRO-SJR
2327,2021-05-14,2021-05-19,2021,5,5,5,1,2,256.2,3037.94,11.86,San Juan del Río,Taller,34-SEN,Sensores,1520,3930,432,3498,9.1,Alemania,QRO-MQZ
2328,2021-02-04,2021-02-06,2021,2,4,2,0,0,113.3,1563.61,13.8,Corregidora,Distribuidor,87-SUS,Suspensión,2152.64,3435,242,3193,14.19,USA,QRO-MQZ
2329,2024-06-05,2024-06-12,2024,6,3,7,1,4,255.6,4744.04,18.56,San Juan del Río,Tier1,34-SEN,Sensores,1520,3930,432,3498,9.1,China,QRO-MQZ
2330,2026-05-05,2026-05-25,2026,5,2,20,1,17,330.5,4493.86,13.6,Corregidora,Distribuidor,70-FRE,Frenos,3370.05,2773,737,2036,3.76,China,QRO-CEL
2331,2021-04-16,2021-04-22,2021,4,5,6,1,3,247.5,2501.01,10.11,Querétaro,Planta,97-FRE,Frenos,4200.07,1145,962,183,1.19,USA,QRO-SLP
2332,2022-05-17,2022-05-24,2022,5,2,7,1,4,217.4,2223.2,10.23,Corregidora,Distribuidor,18-ARN,Arneses,3932.93,125,138,-13,0.91,China,QRO-CEL
2333,2022-06-03,2022-06-10,2022,6,5,7,1,4,66.2,1259.16,19.02,El Marqués,Taller,89-FRE,Frenos,3217.84,688,519,169,1.33,Japón,QRO-CEL
2334,2026-05-17,2026-05-27,2026,5,0,10,1,5,28.4,322.32,11.35,Celaya,Taller,53-SUS,Suspensión,2062.9,3440,719,2721,4.78,Alemania,QRO-SLP
2335,2026-05-24,2026-06-06,2026,5,0,13,0,0,179.2,2267.23,12.65,Querétaro,Distribuidor,100-FRE,Frenos,1719.07,4842,314,4528,15.42,China,QRO-SJR
2336,2024-04-20,2024-04-25,2024,4,6,5,1,2,62.1,1045.15,16.83,San Juan del Río,Planta,54-ELE,Electrónica,3166.45,2424,477,1947,5.08,USA,QRO-CEL
2337,2022-03-30,2022-04-07,2022,3,3,8,1,5,219.2,2128.72,9.71,San Juan del Río,Taller,90-SEN,Sensores,2337.67,4635,431,4204,10.75,USA,QRO-SJR
2338,2021-02-21,2021-02-23,2021,2,0,2,0,0,206.4,2937.72,14.23,Corregidora,Distribuidor,26-FRE,Frenos,4994.24,4421,624,3797,7.08,Alemania,QRO-CEL
2339,2025-02-11,2025-02-13,2025,2,2,2,0,0,299.5,5035.6,16.81,San Juan del Río,Planta,1-SEN,Sensores,1859.2,2796,887,1909,3.15,Japón,QRO-MQZ
2340,2021-09-22,2021-09-26,2021,9,3,4,1,1,53.5,870.52,16.27,El Marqués,Distribuidor,67-ARN,Arneses,250.33,2392,600,1792,3.99,USA,QRO-MQZ
2341,2024-12-09,2024-12-11,2024,12,1,2,0,0,341.6,4965.68,14.54,El Marqués,Tier1,89-SUS,Suspensión,3420.66,3727,958,2769,3.89,USA,QRO-SLP
2342,2026-05-01,2026-06-01,2026,5,5,31,1,21,198.1,3174.81,16.03,León,Tier1,38-ARN,Arneses,2157.65,2477,447,2030,5.54,USA,QRO-CEL
2343,2026-05-18,2026-05-28,2026,5,1,10,1,4,121.5,1039.81,8.56,León,Tier1,22-ARN,Arneses,4301.5,1604,436,1168,3.68,China,QRO-MQZ
2344,2023-06-04,2023-06-06,2023,6,0,2,0,0,280.4,4099.83,14.62,Corregidora,Planta,18-SEN,Sensores,2642.38,2763,311,2452,8.88,México,QRO-SLP
2345,2021-04-01,2021-04-03,2021,4,4,2,0,0,27.4,505.14,18.44,Corregidora,Distribuidor,83-ARN,Arneses,4089.81,3819,304,3515,12.56,USA,QRO-MQZ
2346,2024-06-28,2024-07-06,2024,6,5,8,1,5,72.7,1073.68,14.77,San Juan del Río,Planta,96-SUS,Suspensión,3516.22,1894,371,1523,5.11,USA,QRO-SLP
2347,2024-08-10,2024-08-16,2024,8,6,6,1,3,142,2526.24,17.79,Querétaro,Distribuidor,50-FRE,Frenos,3207.27,2881,413,2468,6.98,Japón,QRO-CEL
2348,2024-09-16,2024-09-22,2024,9,1,6,1,3,183.8,2709.06,14.74,San Juan del Río,Taller,96-ARN,Arneses,1067.24,3998,883,3115,4.53,China,QRO-SLP
2349,2026-01-27,2026-01-31,2026,1,2,4,1,1,210.9,1771.37,8.4,Querétaro,Planta,77-SEN,Sensores,2481.2,2143,179,1964,11.97,China,QRO-MQZ
2350,2025-07-15,2025-07-17,2025,7,2,2,0,0,176.4,2365.11,13.41,León,Planta,85-ELE,Electrónica,2849.32,3481,180,3301,19.34,China,QRO-SJR
2351,2026-05-23,2026-06-01,2026,5,6,9,0,0,125.7,1042.83,8.3,Corregidora,Planta,14-FRE,Frenos,3534.94,4023,455,3568,8.84,Japón,QRO-SJR
2352,2026-05-20,2026-05-26,2026,5,3,6,1,2,32.6,496.94,15.24,San Luis Potosí,Tier1,15-ARN,Arneses,2004.45,403,614,-211,0.66,México,QRO-CEL
2353,2022-01-01,2022-01-02,2022,1,6,1,0,0,150.4,1787.91,11.89,Corregidora,Distribuidor,92-SEN,Sensores,4469.2,3130,154,2976,20.32,USA,QRO-SLP
2354,2026-05-21,2026-05-27,2026,5,4,6,1,1,71.3,737.92,10.35,Querétaro,Tier1,76-ARN,Arneses,690.12,2510,973,1537,2.58,China,QRO-SLP
2355,2024-08-10,2024-08-14,2024,8,6,4,1,1,195.4,3215.3,16.45,San Luis Potosí,Tier1,48-FRE,Frenos,3081.99,4282,516,3766,8.3,México,QRO-SLP
2356,2023-11-23,2023-11-24,2023,11,4,1,0,0,73.1,713.71,9.76,San Juan del Río,Taller,84-FRE,Frenos,3127.21,853,327,526,2.61,México,QRO-SJR
2357,2022-05-03,2022-05-05,2022,5,2,2,0,0,253.6,4436.55,17.49,Corregidora,Distribuidor,62-ELE,Electrónica,4147.27,4050,501,3549,8.08,Japón,QRO-SJR
2358,2021-03-14,2021-03-17,2021,3,0,3,0,0,132.7,1513.87,11.41,San Juan del Río,Taller,96-ARN,Arneses,1067.24,3998,883,3115,4.53,Japón,QRO-SLP
2359,2022-04-11,2022-04-13,2022,4,1,2,0,0,294.2,3332.29,11.33,San Juan del Río,Taller,64-SUS,Suspensión,4312.74,583,450,133,1.3,Alemania,QRO-SJR
2360,2023-04-30,2023-05-06,2023,4,0,6,1,3,247.8,2467.99,9.96,San Juan del Río,Tier1,46-FRE,Frenos,3166.98,4682,146,4536,32.07,Japón,QRO-MQZ
2361,2026-05-05,2026-05-28,2026,5,2,23,1,17,31.2,461.48,14.79,San Luis Potosí,Tier1,57-SUS,Suspensión,4521.23,466,706,-240,0.66,USA,QRO-SJR
2362,2026-05-03,2026-05-29,2026,5,0,26,1,19,127.3,2501.09,19.65,León,Tier1,39-ARN,Arneses,1573.02,936,723,213,1.29,Alemania,QRO-SJR
2363,2026-05-07,2026-05-28,2026,5,4,21,1,15,152.4,2084.41,13.68,El Marqués,Distribuidor,72-ARN,Arneses,3783.02,2196,705,1491,3.11,México,QRO-MQZ
2364,2021-07-02,2021-07-10,2021,7,5,8,1,5,166.4,2051.87,12.33,San Luis Potosí,Distribuidor,50-ELE,Electrónica,3253.74,3790,410,3380,9.24,Japón,QRO-CEL
2365,2021-01-01,2021-01-08,2021,1,5,7,1,4,203.1,2597.07,12.79,San Juan del Río,Taller,18-SUS,Suspensión,340.23,926,375,551,2.47,China,QRO-CEL
2366,2023-02-01,2023-02-08,2023,2,3,7,1,4,231.4,3954.29,17.09,San Luis Potosí,Planta,43-SUS,Suspensión,2851.8,2949,285,2664,10.35,México,QRO-SJR
2367,2024-04-09,2024-04-14,2024,4,2,5,1,2,303.1,2660.03,8.78,León,Taller,49-ELE,Electrónica,3034.43,2749,539,2210,5.1,México,QRO-SLP
2368,2021-09-15,2021-09-23,2021,9,3,8,1,5,186.3,2273.17,12.2,Corregidora,Distribuidor,87-ELE,Electrónica,370.62,1029,479,550,2.15,China,QRO-CEL
2369,2026-05-23,2026-05-26,2026,5,6,3,0,0,12.9,139.88,10.84,Corregidora,Tier1,76-FRE,Frenos,3738.99,1682,676,1006,2.49,USA,QRO-CEL
2370,2024-09-04,2024-09-12,2024,9,3,8,1,5,68.9,1353.5,19.64,Querétaro,Distribuidor,84-ELE,Electrónica,4956.47,3359,709,2650,4.74,China,QRO-CEL
2371,2022-06-16,2022-06-24,2022,6,4,8,1,5,38.4,613.66,15.98,El Marqués,Tier1,80-ELE,Electrónica,3933.63,4561,222,4339,20.55,USA,QRO-SLP
2372,2021-06-07,2021-06-09,2021,6,1,2,0,0,116,2292.53,19.76,Querétaro,Tier1,38-FRE,Frenos,2176.42,4632,529,4103,8.76,USA,QRO-MQZ
2373,2024-02-09,2024-02-10,2024,2,5,1,0,0,12.7,222.65,17.53,Querétaro,Distribuidor,97-FRE,Frenos,4200.07,1145,962,183,1.19,Japón,QRO-SLP
2374,2025-11-12,2025-11-16,2025,11,3,4,1,1,191.2,2398.66,12.55,Corregidora,Tier1,4-ARN,Arneses,1994.2,3537,743,2794,4.76,Japón,QRO-MQZ
2375,2026-05-04,2026-05-25,2026,5,1,21,1,18,275.1,3958.9,14.39,León,Planta,50-ARN,Arneses,2901.33,2029,792,1237,2.56,México,QRO-SLP
2376,2025-09-18,2025-09-24,2025,9,4,6,1,3,17.4,306.42,17.61,Celaya,Distribuidor,2-SUS,Suspensión,2244.37,1376,919,457,1.5,Japón,QRO-MQZ
2377,2022-10-19,2022-10-26,2022,10,3,7,1,4,202.4,3114.47,15.39,Celaya,Distribuidor,22-ELE,Electrónica,4549.91,3883,821,3062,4.73,USA,QRO-SLP
2378,2026-05-11,2026-05-26,2026,5,1,15,1,11,104.7,1546.34,14.77,El Marqués,Taller,7-SUS,Suspensión,3185.28,4440,570,3870,7.79,USA,QRO-SLP
2379,2026-05-19,2026-05-27,2026,5,2,8,1,3,128.7,2551.49,19.83,León,Planta,10-SEN,Sensores,4186.41,1042,960,82,1.09,México,QRO-MQZ
2380,2023-07-09,2023-07-14,2023,7,0,5,1,2,212.5,2547.7,11.99,Celaya,Tier1,7-ARN,Arneses,2965.42,1199,206,993,5.82,Alemania,QRO-SLP
2381,2023-09-30,2023-10-03,2023,9,6,3,0,0,32.8,515.05,15.7,Celaya,Planta,49-ARN,Arneses,412.82,3527,162,3365,21.77,USA,QRO-MQZ
2382,2025-08-13,2025-08-20,2025,8,3,7,1,4,84.2,824.28,9.79,Celaya,Planta,32-SEN,Sensores,1196.78,3120,728,2392,4.29,Alemania,QRO-SJR
2383,2026-05-17,2026-05-31,2026,5,0,14,1,5,196.5,3731.96,18.99,Celaya,Tier1,94-ARN,Arneses,584.4,1245,705,540,1.77,Alemania,QRO-SLP
2384,2025-07-01,2025-07-03,2025,7,2,2,0,0,299.7,2578.27,8.6,San Luis Potosí,Tier1,64-SUS,Suspensión,4312.74,583,450,133,1.3,USA,QRO-CEL
2385,2026-05-04,2026-05-29,2026,5,1,25,1,18,265.2,2858.88,10.78,Querétaro,Tier1,79-FRE,Frenos,2622.75,2367,816,1551,2.9,Alemania,QRO-SLP
2386,2024-09-06,2024-09-11,2024,9,5,5,1,2,285.9,2814.81,9.85,Corregidora,Planta,55-SUS,Suspensión,105.27,1887,966,921,1.95,México,QRO-SJR
2387,2025-05-05,2025-05-07,2025,5,1,2,0,0,158,1740.5,11.02,San Juan del Río,Planta,84-ARN,Arneses,1914.15,2582,463,2119,5.58,México,QRO-SLP
2388,2021-06-07,2021-06-14,2021,6,1,7,1,4,88.2,1534.67,17.4,San Luis Potosí,Taller,41-SEN,Sensores,4243.67,4515,377,4138,11.98,Japón,QRO-MQZ
2389,2026-05-20,2026-05-30,2026,5,3,10,1,2,47.7,540.33,11.33,Corregidora,Taller,9-FRE,Frenos,366.33,1374,473,901,2.9,USA,QRO-CEL
2390,2026-02-06,2026-02-13,2026,2,5,7,1,4,194.4,3270.34,16.82,San Luis Potosí,Planta,8-FRE,Frenos,1993.18,2763,635,2128,4.35,Alemania,QRO-MQZ
2391,2023-08-14,2023-08-16,2023,8,1,2,0,0,243.8,4664.64,19.13,León,Tier1,64-FRE,Frenos,3469.29,4865,898,3967,5.42,USA,QRO-SJR
2392,2022-03-19,2022-03-22,2022,3,6,3,0,0,101.2,1816.45,17.95,San Juan del Río,Tier1,56-SUS,Suspensión,4497.66,4064,966,3098,4.21,México,QRO-SJR
2393,2021-08-15,2021-08-20,2021,8,0,5,1,2,145.2,2584.21,17.8,San Luis Potosí,Distribuidor,87-FRE,Frenos,4868.31,520,545,-25,0.95,USA,QRO-SJR
2394,2026-05-11,2026-06-01,2026,5,1,21,1,11,305.3,4686.93,15.35,El Marqués,Taller,29-SEN,Sensores,3933.04,3258,672,2586,4.85,USA,QRO-MQZ
2395,2022-07-22,2022-07-24,2022,7,5,2,0,0,323.9,6267.64,19.35,Celaya,Tier1,12-FRE,Frenos,2256.16,1344,843,501,1.59,Alemania,QRO-CEL
2396,2023-09-01,2023-09-05,2023,9,5,4,1,1,148.8,1215.96,8.17,Celaya,Tier1,26-SUS,Suspensión,4121.98,3676,530,3146,6.94,USA,QRO-CEL
2397,2026-05-12,2026-05-31,2026,5,2,19,1,10,268.2,4669.54,17.41,León,Taller,76-ELE,Electrónica,1417.28,705,976,-271,0.72,Japón,QRO-SJR
2398,2024-05-09,2024-05-17,2024,5,4,8,1,5,100.1,1086.12,10.85,San Luis Potosí,Planta,85-SEN,Sensores,1521.2,2920,544,2376,5.37,Alemania,QRO-SLP
2399,2021-03-18,2021-03-26,2021,3,4,8,1,5,15.1,266.43,17.64,León,Planta,64-ELE,Electrónica,4488.81,2018,103,1915,19.59,China,QRO-SJR
2400,2024-12-27,2024-12-30,2024,12,5,3,0,0,43.9,708.57,16.14,Querétaro,Planta,8-ELE,Electrónica,1771.55,3926,741,3185,5.3,Japón,QRO-CEL
2401,2026-05-22,2026-05-28,2026,5,5,6,0,0,315.2,2629.86,8.34,Corregidora,Distribuidor,23-FRE,Frenos,3759.37,4902,886,4016,5.53,China,QRO-MQZ
2402,2026-05-19,2026-05-29,2026,5,2,10,1,3,135.2,2217.06,16.4,León,Tier1,30-ELE,Electrónica,3031.07,2212,562,1650,3.94,México,QRO-MQZ
2403,2021-03-22,2021-03-30,2021,3,1,8,1,5,274.1,4706.84,17.17,San Luis Potosí,Tier1,48-FRE,Frenos,3081.99,4282,516,3766,8.3,USA,QRO-SLP
2404,2026-05-14,2026-05-31,2026,5,4,17,1,8,90.5,1311.86,14.5,León,Tier1,46-FRE,Frenos,3166.98,4682,146,4536,32.07,Japón,QRO-SLP
2405,2025-11-08,2025-11-15,2025,11,6,7,1,4,237.9,3479.94,14.63,San Juan del Río,Tier1,21-ARN,Arneses,2688.88,472,527,-55,0.9,México,QRO-SJR
2406,2026-05-09,2026-05-29,2026,5,6,20,1,13,190.7,3650.87,19.14,San Luis Potosí,Tier1,77-SUS,Suspensión,2408.66,2567,263,2304,9.76,USA,QRO-SLP
2407,2022-11-23,2022-11-29,2022,11,3,6,1,3,200,3106.72,15.53,Querétaro,Planta,65-SEN,Sensores,3356.68,3642,308,3334,11.82,China,QRO-SJR
2408,2022-11-14,2022-11-17,2022,11,1,3,0,0,66.3,1054.33,15.9,Corregidora,Tier1,31-SEN,Sensores,2188.74,120,548,-428,0.22,China,QRO-SJR
2409,2026-05-14,2026-05-26,2026,5,4,12,1,8,216.6,3448.86,15.92,Celaya,Distribuidor,24-ELE,Electrónica,4055.81,2955,652,2303,4.53,China,QRO-SJR
2410,2021-05-28,2021-06-05,2021,5,5,8,1,5,197.5,3205.34,16.23,Celaya,Distribuidor,11-ELE,Electrónica,2731.07,2870,828,2042,3.47,México,QRO-SJR
2411,2025-08-20,2025-08-27,2025,8,3,7,1,4,274.1,3944.5,14.39,Celaya,Distribuidor,51-SUS,Suspensión,1327.15,4912,621,4291,7.91,Alemania,QRO-MQZ
2412,2024-02-10,2024-02-12,2024,2,6,2,0,0,114.1,1553.19,13.61,San Juan del Río,Planta,62-SEN,Sensores,61.64,976,325,651,3,México,QRO-SJR
2413,2026-05-08,2026-06-01,2026,5,5,24,1,14,224,2430.56,10.85,El Marqués,Planta,57-ARN,Arneses,607.05,602,337,265,1.79,México,QRO-SLP
2414,2025-01-04,2025-01-07,2025,1,6,3,0,0,130.3,2005.26,15.39,Corregidora,Planta,73-ELE,Electrónica,2426.23,644,258,386,2.5,Japón,QRO-CEL
2415,2024-01-29,2024-02-04,2024,1,1,6,1,3,123,2105.18,17.12,San Juan del Río,Planta,65-ARN,Arneses,844,2641,720,1921,3.67,China,QRO-CEL
2416,2022-06-06,2022-06-12,2022,6,1,6,1,3,115.2,1463.85,12.71,San Luis Potosí,Planta,58-SUS,Suspensión,1458.38,4972,879,4093,5.66,USA,QRO-SLP
2417,2026-01-31,2026-02-05,2026,1,6,5,1,2,45.3,412.94,9.12,León,Taller,85-FRE,Frenos,2849.37,4143,705,3438,5.88,Japón,QRO-SJR
2418,2026-05-17,2026-06-01,2026,5,0,15,1,5,340,4743.11,13.95,Querétaro,Planta,9-ELE,Electrónica,3081.81,4325,472,3853,9.16,México,QRO-CEL
2419,2026-05-15,2026-05-29,2026,5,5,14,1,7,271.7,4044.84,14.89,Querétaro,Taller,15-ELE,Electrónica,1562.18,742,986,-244,0.75,China,QRO-CEL
2420,2021-01-02,2021-01-09,2021,1,6,7,1,4,244.6,4021.49,16.44,Celaya,Planta,70-ARN,Arneses,1874.06,2106,688,1418,3.06,Japón,QRO-CEL
2421,2025-11-21,2025-11-23,2025,11,5,2,0,0,103.9,1032.46,9.94,León,Planta,44-SUS,Suspensión,504.34,1272,969,303,1.31,Alemania,QRO-SLP
2422,2021-12-19,2021-12-20,2021,12,0,1,0,0,341.6,3997.32,11.7,Corregidora,Distribuidor,28-ARN,Arneses,615.82,4597,278,4319,16.54,Japón,QRO-MQZ
2423,2026-05-01,2026-05-28,2026,5,5,27,1,21,295.6,4935.52,16.7,León,Tier1,92-FRE,Frenos,3332.83,2180,940,1240,2.32,China,QRO-SJR
2424,2025-05-29,2025-05-30,2025,5,4,1,0,0,252.2,2807.72,11.13,León,Planta,21-SUS,Suspensión,3922.67,482,217,265,2.22,México,QRO-SJR
2425,2026-05-07,2026-05-30,2026,5,4,23,1,15,227.6,2855.42,12.55,San Luis Potosí,Tier1,79-SUS,Suspensión,2432.97,670,354,316,1.89,Alemania,QRO-MQZ
2426,2026-03-27,2026-04-02,2026,3,5,6,1,3,104.9,1233.75,11.76,Corregidora,Distribuidor,46-ARN,Arneses,2665.1,3109,331,2778,9.39,USA,QRO-SLP
2427,2026-05-24,2026-05-29,2026,5,0,5,0,0,314.1,4581.52,14.59,León,Tier1,57-ARN,Arneses,607.05,602,337,265,1.79,Japón,QRO-SLP
2428,2026-05-08,2026-05-26,2026,5,5,18,1,14,179.7,2713.09,15.1,San Luis Potosí,Distribuidor,14-SUS,Suspensión,1917.93,1250,616,634,2.03,China,QRO-CEL
2429,2025-02-09,2025-02-17,2025,2,0,8,1,5,38.2,725.43,18.99,San Juan del Río,Planta,87-ELE,Electrónica,370.62,1029,479,550,2.15,Japón,QRO-SLP
2430,2025-12-17,2025-12-25,2025,12,3,8,1,5,308.9,3481.69,11.27,León,Tier1,77-ARN,Arneses,4833.11,3865,647,3218,5.97,México,QRO-CEL
2431,2023-01-17,2023-01-22,2023,1,2,5,1,2,215.1,3086,14.35,Celaya,Taller,2-SUS,Suspensión,2244.37,1376,919,457,1.5,China,QRO-MQZ
2432,2026-05-17,2026-05-26,2026,5,0,9,1,5,152.3,1771.07,11.63,San Luis Potosí,Tier1,91-FRE,Frenos,4291.8,4493,112,4381,40.12,USA,QRO-CEL
2433,2024-06-24,2024-06-25,2024,6,1,1,0,0,324.1,2820.26,8.7,León,Taller,67-SUS,Suspensión,2907.17,4550,308,4242,14.77,China,QRO-MQZ
2434,2023-10-08,2023-10-11,2023,10,0,3,0,0,303.4,4597.09,15.15,Querétaro,Taller,37-ARN,Arneses,1422.73,3772,947,2825,3.98,Japón,QRO-MQZ
2435,2026-05-04,2026-05-28,2026,5,1,24,1,18,97.8,1086.52,11.11,San Luis Potosí,Tier1,2-ARN,Arneses,3272.1,4817,709,4108,6.79,China,QRO-CEL
2436,2021-12-21,2021-12-26,2021,12,2,5,1,2,178.3,1706.52,9.57,Celaya,Planta,69-SEN,Sensores,2210.85,4509,513,3996,8.79,Japón,QRO-SLP
2437,2024-11-26,2024-12-03,2024,11,2,7,1,4,47.9,534.56,11.16,León,Tier1,10-SEN,Sensores,4186.41,1042,960,82,1.09,México,QRO-MQZ
2438,2025-05-23,2025-05-26,2025,5,5,3,0,0,267.2,4463.08,16.7,San Luis Potosí,Distribuidor,33-SUS,Suspensión,3309.06,3967,660,3307,6.01,China,QRO-SLP
2439,2023-06-27,2023-07-05,2023,6,2,8,1,5,84.8,1593.46,18.79,Corregidora,Tier1,49-ARN,Arneses,412.82,3527,162,3365,21.77,México,QRO-SLP
2440,2022-07-12,2022-07-17,2022,7,2,5,1,2,72.5,1325.77,18.29,Celaya,Tier1,23-ELE,Electrónica,1997.95,1627,354,1273,4.6,USA,QRO-MQZ
2441,2026-04-18,2026-04-21,2026,4,6,3,0,0,162.4,2367.26,14.58,León,Tier1,53-ARN,Arneses,3524.83,988,317,671,3.12,USA,QRO-SLP
2442,2022-09-19,2022-09-25,2022,9,1,6,1,3,130.4,1571.56,12.05,San Juan del Río,Tier1,45-SEN,Sensores,754.06,1135,113,1022,10.04,Alemania,QRO-MQZ
2443,2026-05-24,2026-05-26,2026,5,0,2,0,0,208.4,2105.57,10.1,Querétaro,Planta,49-ELE,Electrónica,3034.43,2749,539,2210,5.1,México,QRO-MQZ
2444,2024-08-28,2024-08-31,2024,8,3,3,0,0,65.4,794.44,12.15,Corregidora,Planta,22-ELE,Electrónica,4549.91,3883,821,3062,4.73,China,QRO-SJR
2445,2026-05-22,2026-05-28,2026,5,5,6,0,0,265.3,3317.07,12.5,Querétaro,Distribuidor,35-SEN,Sensores,262.68,3794,321,3473,11.82,México,QRO-MQZ
2446,2024-09-28,2024-09-29,2024,9,6,1,0,0,225.4,3689.09,16.37,Querétaro,Planta,34-ELE,Electrónica,4829.03,4110,965,3145,4.26,Japón,QRO-SJR
2447,2026-05-20,2026-05-28,2026,5,3,8,1,2,82,782.47,9.54,San Juan del Río,Taller,94-SUS,Suspensión,345.62,2291,202,2089,11.34,Alemania,QRO-SJR
2448,2026-05-15,2026-05-26,2026,5,5,11,1,7,214.2,2965.28,13.84,Celaya,Distribuidor,34-SEN,Sensores,1520,3930,432,3498,9.1,Alemania,QRO-SLP
2449,2026-05-05,2026-05-26,2026,5,2,21,1,17,334.7,6689.41,19.99,El Marqués,Taller,78-FRE,Frenos,641.45,617,398,219,1.55,China,QRO-MQZ
2450,2022-12-09,2022-12-17,2022,12,5,8,1,5,289.7,3751.58,12.95,Celaya,Distribuidor,73-SUS,Suspensión,1205.2,139,592,-453,0.23,USA,QRO-SJR
2451,2023-06-30,2023-07-01,2023,6,5,1,0,0,324.1,3016.43,9.31,Celaya,Tier1,58-SUS,Suspensión,1458.38,4972,879,4093,5.66,USA,QRO-MQZ
2452,2026-05-02,2026-05-30,2026,5,6,28,1,20,120.6,2117.98,17.56,Celaya,Distribuidor,58-FRE,Frenos,4382.22,4184,377,3807,11.1,México,QRO-CEL
2453,2024-08-27,2024-08-30,2024,8,2,3,0,0,256.6,4643.56,18.1,Corregidora,Distribuidor,22-ELE,Electrónica,4549.91,3883,821,3062,4.73,México,QRO-SLP
2454,2024-05-08,2024-05-14,2024,5,3,6,1,3,256.9,2128.67,8.29,León,Tier1,15-SUS,Suspensión,3336.34,35,212,-177,0.17,Japón,QRO-MQZ
2455,2023-08-28,2023-09-05,2023,8,1,8,1,5,311.5,5231.18,16.79,San Juan del Río,Tier1,81-ELE,Electrónica,140.61,1480,170,1310,8.71,China,QRO-CEL
2456,2026-05-23,2026-05-31,2026,5,6,8,0,0,323.2,5400.04,16.71,León,Taller,87-SEN,Sensores,1243.01,2731,878,1853,3.11,Japón,QRO-SLP
2457,2026-04-23,2026-04-24,2026,4,4,1,0,0,326.7,4361.86,13.35,San Luis Potosí,Tier1,55-FRE,Frenos,3030.18,3583,896,2687,4,Japón,QRO-MQZ
2458,2023-07-03,2023-07-05,2023,7,1,2,0,0,310.5,4735.95,15.25,San Luis Potosí,Planta,64-ARN,Arneses,324.29,3235,687,2548,4.71,USA,QRO-SLP
2459,2023-07-18,2023-07-24,2023,7,2,6,1,3,22.1,370.37,16.76,El Marqués,Taller,39-SUS,Suspensión,3757.25,1049,806,243,1.3,México,QRO-MQZ
2460,2024-03-23,2024-03-31,2024,3,6,8,1,5,331.8,3320.12,10.01,El Marqués,Tier1,19-FRE,Frenos,2228.63,130,180,-50,0.72,Alemania,QRO-CEL
2461,2026-02-24,2026-02-27,2026,2,2,3,0,0,339.5,5996.53,17.66,Celaya,Distribuidor,30-SUS,Suspensión,506.69,2378,235,2143,10.12,México,QRO-SJR
2462,2026-05-08,2026-05-31,2026,5,5,23,1,14,208.3,2084.49,10.01,León,Tier1,29-ELE,Electrónica,1560,2476,616,1860,4.02,Alemania,QRO-MQZ
2463,2022-03-31,2022-04-04,2022,3,4,4,1,1,337.7,5135.42,15.21,El Marqués,Taller,38-SEN,Sensores,3074.64,1377,629,748,2.19,USA,QRO-CEL
2464,2026-05-09,2026-05-28,2026,5,6,19,1,13,329.9,4241.25,12.86,San Juan del Río,Taller,36-ARN,Arneses,142.04,4438,157,4281,28.27,México,QRO-SLP
2465,2024-04-10,2024-04-14,2024,4,3,4,1,1,183.7,1894.42,10.31,El Marqués,Taller,18-SUS,Suspensión,340.23,926,375,551,2.47,México,QRO-MQZ
2466,2026-05-23,2026-06-06,2026,5,6,14,0,0,236.4,2134.93,9.03,Querétaro,Planta,2-SEN,Sensores,600.41,659,569,90,1.16,Alemania,QRO-SJR
2467,2026-05-08,2026-06-01,2026,5,5,24,1,14,109.2,2092.56,19.16,Corregidora,Planta,67-ELE,Electrónica,2438.18,3104,587,2517,5.29,Japón,QRO-SJR
2468,2023-05-19,2023-05-24,2023,5,5,5,1,2,316.4,5761.91,18.21,San Juan del Río,Tier1,88-SUS,Suspensión,1941.02,3880,832,3048,4.66,USA,QRO-CEL
2469,2026-05-17,2026-05-26,2026,5,0,9,1,5,254.1,2268.98,8.93,Corregidora,Planta,68-SUS,Suspensión,4427.01,2107,162,1945,13.01,Alemania,QRO-SLP
2470,2026-05-04,2026-05-25,2026,5,1,21,1,18,188.4,2916.7,15.48,Corregidora,Tier1,85-FRE,Frenos,2849.37,4143,705,3438,5.88,USA,QRO-SJR
2471,2026-05-05,2026-05-29,2026,5,2,24,1,17,147.9,2882.84,19.49,San Luis Potosí,Tier1,98-ARN,Arneses,3240.05,314,373,-59,0.84,Alemania,QRO-SJR
2472,2022-03-06,2022-03-09,2022,3,0,3,0,0,343.1,3452.26,10.06,Celaya,Tier1,83-ELE,Electrónica,2047.97,1307,286,1021,4.57,Japón,QRO-MQZ
2473,2021-11-06,2021-11-09,2021,11,6,3,0,0,191.1,3702.68,19.38,Querétaro,Tier1,41-FRE,Frenos,402.6,1519,142,1377,10.7,USA,QRO-CEL
2474,2026-05-20,2026-05-29,2026,5,3,9,1,2,225.1,2696.95,11.98,Corregidora,Tier1,65-SUS,Suspensión,3449.87,4345,595,3750,7.3,USA,QRO-SJR
2475,2026-05-09,2026-05-30,2026,5,6,21,1,13,187.8,2952.39,15.72,Celaya,Taller,80-FRE,Frenos,1456.89,1654,528,1126,3.13,México,QRO-CEL
2476,2026-05-25,2026-06-02,2026,5,1,8,0,0,288.3,4895.66,16.98,El Marqués,Taller,74-SUS,Suspensión,4557.16,415,619,-204,0.67,Japón,QRO-MQZ
2477,2021-04-09,2021-04-16,2021,4,5,7,1,4,30.2,493.75,16.35,El Marqués,Tier1,83-ARN,Arneses,4089.81,3819,304,3515,12.56,Alemania,QRO-SJR
2478,2026-05-14,2026-05-26,2026,5,4,12,1,8,317.8,2546.81,8.01,San Juan del Río,Taller,65-SEN,Sensores,3356.68,3642,308,3334,11.82,China,QRO-MQZ
2479,2021-07-31,2021-08-07,2021,7,6,7,1,4,193.6,1949.58,10.07,León,Tier1,58-ARN,Arneses,2254.49,3722,381,3341,9.77,México,QRO-MQZ
2480,2025-04-24,2025-05-01,2025,4,4,7,1,4,141.4,2256.32,15.96,León,Tier1,4-SEN,Sensores,415.57,4942,295,4647,16.75,Alemania,QRO-MQZ
2481,2023-01-22,2023-01-24,2023,1,0,2,0,0,56.3,948.21,16.84,San Juan del Río,Tier1,38-SEN,Sensores,3074.64,1377,629,748,2.19,Alemania,QRO-SLP
2482,2026-05-13,2026-05-29,2026,5,3,16,1,9,303.2,2871.44,9.47,Celaya,Distribuidor,84-FRE,Frenos,3127.21,853,327,526,2.61,USA,QRO-SJR
2483,2024-06-05,2024-06-11,2024,6,3,6,1,3,278.3,5068.87,18.21,León,Tier1,9-ARN,Arneses,1971.31,2328,930,1398,2.5,USA,QRO-SLP
2484,2024-06-04,2024-06-11,2024,6,2,7,1,4,200.5,1655.48,8.26,Querétaro,Distribuidor,88-SUS,Suspensión,1941.02,3880,832,3048,4.66,China,QRO-SLP
2485,2022-04-09,2022-04-13,2022,4,6,4,1,1,121.2,1447.82,11.95,El Marqués,Taller,61-FRE,Frenos,2992.6,2417,256,2161,9.44,China,QRO-MQZ
2486,2021-06-02,2021-06-10,2021,6,3,8,1,5,134.1,2647.15,19.74,San Luis Potosí,Planta,89-SUS,Suspensión,3420.66,3727,958,2769,3.89,Japón,QRO-CEL
2487,2026-05-19,2026-05-28,2026,5,2,9,1,3,231.5,2187.05,9.45,San Juan del Río,Planta,56-ELE,Electrónica,4660.32,2448,510,1938,4.8,México,QRO-CEL
2488,2025-06-07,2025-06-12,2025,6,6,5,1,2,169.8,2954.65,17.4,Querétaro,Distribuidor,92-SEN,Sensores,4469.2,3130,154,2976,20.32,Alemania,QRO-SLP
2489,2024-12-06,2024-12-13,2024,12,5,7,1,4,277.7,2641.09,9.51,Corregidora,Planta,72-ELE,Electrónica,892.6,1623,479,1144,3.39,China,QRO-SJR
2490,2026-05-04,2026-05-28,2026,5,1,24,1,18,264.5,4533.19,17.14,San Juan del Río,Planta,37-SEN,Sensores,3969.15,3602,841,2761,4.28,Alemania,QRO-SLP
2491,2022-04-21,2022-04-26,2022,4,4,5,1,2,65.6,597.31,9.11,Querétaro,Planta,99-ARN,Arneses,1390.25,230,392,-162,0.59,Japón,QRO-CEL
2492,2022-05-09,2022-05-17,2022,5,1,8,1,5,153.8,2199.91,14.3,San Juan del Río,Taller,1-FRE,Frenos,233.71,1282,783,499,1.64,México,QRO-SJR
2493,2022-08-20,2022-08-27,2022,8,6,7,1,4,304.3,4634.49,15.23,San Luis Potosí,Planta,82-SUS,Suspensión,998.09,2299,178,2121,12.92,USA,QRO-CEL
2494,2023-06-14,2023-06-19,2023,6,3,5,1,2,67.5,1274.85,18.89,Querétaro,Distribuidor,66-ELE,Electrónica,1657.94,1756,172,1584,10.21,Alemania,QRO-MQZ
2495,2023-07-12,2023-07-16,2023,7,3,4,1,1,52.8,1035.61,19.61,El Marqués,Tier1,85-SUS,Suspensión,2247.84,2925,536,2389,5.46,Alemania,QRO-CEL
2496,2023-01-20,2023-01-23,2023,1,5,3,0,0,260.3,4706.3,18.08,El Marqués,Taller,77-ARN,Arneses,4833.11,3865,647,3218,5.97,USA,QRO-MQZ
2497,2023-12-11,2023-12-15,2023,12,1,4,1,1,166.3,2943.98,17.7,Querétaro,Tier1,100-SEN,Sensores,1884.18,1812,275,1537,6.59,Alemania,QRO-MQZ
2498,2021-01-09,2021-01-17,2021,1,6,8,1,5,259.9,4556.54,17.53,San Luis Potosí,Taller,39-SEN,Sensores,905.02,4748,901,3847,5.27,México,QRO-CEL
2499,2023-12-30,2024-01-03,2023,12,6,4,1,1,301.6,5741.22,19.04,Celaya,Planta,30-FRE,Frenos,2601.88,1085,192,893,5.65,Alemania,QRO-SJR
2500,2024-11-06,2024-11-13,2024,11,3,7,1,4,309.2,4683,15.15,León,Tier1,21-SUS,Suspensión,3922.67,482,217,265,2.22,USA,QRO-MQZ
2501,2023-05-04,2023-05-06,2023,5,4,2,0,0,208.8,2280.89,10.92,León,Planta,2-SEN,Sensores,600.41,659,569,90,1.16,Alemania,QRO-SLP
2502,2025-09-04,2025-09-10,2025,9,4,6,1,3,47.7,560.38,11.75,San Juan del Río,Tier1,47-FRE,Frenos,1952.37,1312,523,789,2.51,México,QRO-CEL
2503,2026-05-08,2026-05-31,2026,5,5,23,1,14,143.2,1466.23,10.24,El Marqués,Tier1,79-ARN,Arneses,2822.38,3202,339,2863,9.45,Japón,QRO-SJR
2504,2022-12-24,2022-12-26,2022,12,6,2,0,0,339.7,3714.3,10.93,León,Planta,23-FRE,Frenos,3759.37,4902,886,4016,5.53,México,QRO-SJR
2505,2024-02-19,2024-02-25,2024,2,1,6,1,3,349,6555.45,18.78,Querétaro,Tier1,34-ELE,Electrónica,4829.03,4110,965,3145,4.26,Alemania,QRO-MQZ
2506,2023-01-29,2023-02-02,2023,1,0,4,1,1,105.4,1052.15,9.98,Celaya,Tier1,92-FRE,Frenos,3332.83,2180,940,1240,2.32,China,QRO-SLP
2507,2023-01-13,2023-01-21,2023,1,5,8,1,5,150.8,1545.68,10.25,Celaya,Distribuidor,94-SUS,Suspensión,345.62,2291,202,2089,11.34,China,QRO-SJR
2508,2026-02-03,2026-02-10,2026,2,2,7,1,4,222.3,2374.4,10.68,León,Tier1,20-ELE,Electrónica,4578.72,3498,121,3377,28.91,Alemania,QRO-CEL
2509,2024-12-10,2024-12-15,2024,12,2,5,1,2,20.1,325.01,16.17,León,Tier1,5-SEN,Sensores,3287.36,1717,744,973,2.31,USA,QRO-MQZ
2510,2021-10-06,2021-10-07,2021,10,3,1,0,0,174.3,1869.01,10.72,Corregidora,Planta,62-FRE,Frenos,4762.92,2484,760,1724,3.27,Japón,QRO-SJR
2511,2021-02-13,2021-02-16,2021,2,6,3,0,0,280.1,4623.26,16.51,Querétaro,Tier1,64-SEN,Sensores,4961.2,4001,258,3743,15.51,México,QRO-SJR
2512,2026-05-06,2026-05-27,2026,5,3,21,1,16,110.6,1692.18,15.3,San Luis Potosí,Tier1,53-ELE,Electrónica,2503.62,2992,933,2059,3.21,Alemania,QRO-SLP
2513,2025-08-09,2025-08-11,2025,8,6,2,0,0,317.5,2577.7,8.12,Corregidora,Tier1,67-ARN,Arneses,250.33,2392,600,1792,3.99,Japón,QRO-CEL
2514,2021-09-08,2021-09-09,2021,9,3,1,0,0,237.8,4389.77,18.46,Celaya,Distribuidor,27-ARN,Arneses,1335.52,4511,497,4014,9.08,Japón,QRO-SLP
2515,2026-05-12,2026-05-26,2026,5,2,14,1,10,293.5,2621.7,8.93,Celaya,Distribuidor,37-SUS,Suspensión,1200.77,1755,358,1397,4.9,Japón,QRO-CEL
2516,2026-05-15,2026-05-26,2026,5,5,11,1,7,31.7,404.24,12.75,Celaya,Planta,65-ARN,Arneses,844,2641,720,1921,3.67,México,QRO-SJR
2517,2023-01-05,2023-01-06,2023,1,4,1,0,0,181.1,2366.49,13.07,El Marqués,Distribuidor,95-ELE,Electrónica,4863.69,3953,627,3326,6.3,China,QRO-SLP
2518,2026-05-14,2026-05-30,2026,5,4,16,1,8,132.5,1588.25,11.99,San Luis Potosí,Tier1,59-SUS,Suspensión,149.53,1044,359,685,2.91,China,QRO-CEL
2519,2023-10-07,2023-10-10,2023,10,6,3,0,0,58.7,956.05,16.29,Corregidora,Distribuidor,39-FRE,Frenos,1372.38,2726,706,2020,3.86,México,QRO-SJR
2520,2024-10-14,2024-10-20,2024,10,1,6,1,3,122.8,1652.57,13.46,Celaya,Taller,94-SEN,Sensores,3460.4,1180,938,242,1.26,Alemania,QRO-MQZ
2521,2026-05-17,2026-05-26,2026,5,0,9,1,5,173.6,3061.34,17.63,Corregidora,Planta,68-ARN,Arneses,4667.59,2569,343,2226,7.49,Alemania,QRO-SLP
2522,2026-05-11,2026-05-25,2026,5,1,14,1,11,100.5,1758.19,17.49,Celaya,Planta,62-SUS,Suspensión,2758.99,4916,257,4659,19.13,USA,QRO-SJR
2523,2026-05-23,2026-06-02,2026,5,6,10,0,0,143.7,2720.38,18.93,Corregidora,Distribuidor,26-ELE,Electrónica,922.82,3095,331,2764,9.35,Japón,QRO-SJR
2524,2024-06-08,2024-06-11,2024,6,6,3,0,0,204.1,3758.26,18.41,San Juan del Río,Planta,26-ARN,Arneses,1872.84,4883,185,4698,26.39,Japón,QRO-SJR
2525,2026-05-03,2026-05-27,2026,5,0,24,1,19,250.2,2442.7,9.76,El Marqués,Planta,24-FRE,Frenos,3167.6,1248,407,841,3.07,Alemania,QRO-MQZ
2526,2021-04-19,2021-04-25,2021,4,1,6,1,3,15.5,285.83,18.44,Querétaro,Tier1,63-SEN,Sensores,610.95,201,678,-477,0.3,China,QRO-MQZ
2527,2022-10-14,2022-10-22,2022,10,5,8,1,5,282.4,2758.78,9.77,San Juan del Río,Taller,45-FRE,Frenos,1728.34,1258,154,1104,8.17,Japón,QRO-SJR
2528,2026-05-11,2026-05-26,2026,5,1,15,1,11,260.4,2208.03,8.48,Querétaro,Tier1,27-FRE,Frenos,4045.05,2920,947,1973,3.08,Japón,QRO-MQZ
2529,2026-05-20,2026-05-31,2026,5,3,11,1,2,80.8,733.81,9.08,San Luis Potosí,Planta,45-SUS,Suspensión,2909.13,3021,431,2590,7.01,USA,QRO-SJR
2530,2021-06-29,2021-07-01,2021,6,2,2,0,0,236.2,2621.29,11.1,Celaya,Taller,12-SEN,Sensores,4736.13,22,333,-311,0.07,Alemania,QRO-MQZ
2531,2026-02-14,2026-02-22,2026,2,6,8,1,5,20.2,203.75,10.09,Querétaro,Tier1,58-ELE,Electrónica,2903.09,691,258,433,2.68,China,QRO-CEL
2532,2026-05-22,2026-05-31,2026,5,5,9,0,0,24.9,253.28,10.17,Querétaro,Planta,10-SUS,Suspensión,3974.3,2474,590,1884,4.19,México,QRO-SLP
2533,2023-08-21,2023-08-26,2023,8,1,5,1,2,312.5,5534.17,17.71,San Juan del Río,Planta,22-ELE,Electrónica,4549.91,3883,821,3062,4.73,México,QRO-SLP
2534,2023-02-10,2023-02-16,2023,2,5,6,1,3,272.1,3606.48,13.25,Corregidora,Planta,96-FRE,Frenos,3819.86,1364,751,613,1.82,México,QRO-MQZ
2535,2021-04-16,2021-04-24,2021,4,5,8,1,5,68,1120.63,16.48,Celaya,Planta,62-FRE,Frenos,4762.92,2484,760,1724,3.27,China,QRO-SLP
2536,2023-10-14,2023-10-20,2023,10,6,6,1,3,128.3,1994.74,15.55,San Luis Potosí,Tier1,9-ARN,Arneses,1971.31,2328,930,1398,2.5,Alemania,QRO-CEL
2537,2023-12-14,2023-12-21,2023,12,4,7,1,4,158.2,1419.02,8.97,Celaya,Distribuidor,83-SEN,Sensores,3044.98,1762,882,880,2,USA,QRO-MQZ
2538,2026-05-16,2026-05-30,2026,5,6,14,1,6,197.6,2874.05,14.54,Querétaro,Tier1,78-SEN,Sensores,1084.74,2183,681,1502,3.21,Alemania,QRO-CEL
2539,2022-11-29,2022-11-30,2022,11,2,1,0,0,77.1,1400.72,18.17,Querétaro,Distribuidor,84-SUS,Suspensión,3111.43,4098,547,3551,7.49,México,QRO-SLP
2540,2024-01-02,2024-01-07,2024,1,2,5,1,2,106.1,1347.98,12.7,San Luis Potosí,Tier1,76-ELE,Electrónica,1417.28,705,976,-271,0.72,Alemania,QRO-SJR
2541,2026-05-13,2026-05-30,2026,5,3,17,1,9,147.3,1585.55,10.76,Celaya,Taller,81-ELE,Electrónica,140.61,1480,170,1310,8.71,Alemania,QRO-SLP
2542,2026-05-11,2026-05-29,2026,5,1,18,1,11,39.7,336.17,8.47,Corregidora,Tier1,69-ARN,Arneses,2131.09,4430,982,3448,4.51,China,QRO-CEL
2543,2021-06-12,2021-06-13,2021,6,6,1,0,0,281.6,2550.39,9.06,Corregidora,Distribuidor,4-SUS,Suspensión,4325.44,2289,793,1496,2.89,China,QRO-CEL
2544,2021-10-31,2021-11-01,2021,10,0,1,0,0,315.2,4071.23,12.92,León,Tier1,56-SUS,Suspensión,4497.66,4064,966,3098,4.21,Alemania,QRO-MQZ
2545,2026-05-15,2026-05-31,2026,5,5,16,1,7,270.6,4141.41,15.3,El Marqués,Tier1,10-SEN,Sensores,4186.41,1042,960,82,1.09,Japón,QRO-MQZ
2546,2026-05-15,2026-06-01,2026,5,5,17,1,7,21.8,354.21,16.25,Corregidora,Distribuidor,8-SEN,Sensores,4374.33,2187,777,1410,2.81,Alemania,QRO-CEL
2547,2024-03-22,2024-03-30,2024,3,5,8,1,5,85.9,1158.28,13.48,León,Planta,56-ARN,Arneses,1558.68,1866,703,1163,2.65,China,QRO-SLP
2548,2023-06-07,2023-06-14,2023,6,3,7,1,4,46.4,512.54,11.05,El Marqués,Tier1,8-ELE,Electrónica,1771.55,3926,741,3185,5.3,México,QRO-SJR
2549,2022-06-09,2022-06-15,2022,6,4,6,1,3,227.1,3812.93,16.79,León,Tier1,70-SUS,Suspensión,3232.39,1824,203,1621,8.99,México,QRO-CEL
2550,2026-05-10,2026-05-31,2026,5,0,21,1,12,228.6,3048.51,13.34,San Juan del Río,Taller,26-ELE,Electrónica,922.82,3095,331,2764,9.35,México,QRO-SJR
2551,2026-05-17,2026-05-26,2026,5,0,9,1,5,123.8,2081.65,16.81,Corregidora,Distribuidor,30-FRE,Frenos,2601.88,1085,192,893,5.65,China,QRO-CEL
2552,2025-11-10,2025-11-16,2025,11,1,6,1,3,165.6,1945.61,11.75,León,Tier1,89-SEN,Sensores,4357.78,2341,878,1463,2.67,Japón,QRO-SJR
2553,2023-06-19,2023-06-24,2023,6,1,5,1,2,183.6,2918.54,15.9,San Juan del Río,Taller,85-FRE,Frenos,2849.37,4143,705,3438,5.88,USA,QRO-MQZ
2554,2024-06-08,2024-06-16,2024,6,6,8,1,5,126.8,1837.69,14.49,El Marqués,Distribuidor,78-FRE,Frenos,641.45,617,398,219,1.55,México,QRO-MQZ
2555,2024-01-29,2024-01-30,2024,1,1,1,0,0,61.3,955.85,15.59,Corregidora,Tier1,85-ARN,Arneses,182.43,4967,727,4240,6.83,México,QRO-CEL
2556,2026-05-09,2026-05-26,2026,5,6,17,1,13,312.7,3594.63,11.5,Querétaro,Planta,39-SEN,Sensores,905.02,4748,901,3847,5.27,Alemania,QRO-SLP
2557,2023-03-14,2023-03-22,2023,3,2,8,1,5,203.8,3800.16,18.65,León,Planta,69-SEN,Sensores,2210.85,4509,513,3996,8.79,Alemania,QRO-CEL
2558,2026-05-17,2026-05-27,2026,5,0,10,1,5,316.6,3506.21,11.07,Celaya,Planta,42-ELE,Electrónica,3324.88,3038,963,2075,3.15,Alemania,QRO-MQZ
2559,2026-05-01,2026-05-30,2026,5,5,29,1,21,132.5,1670.55,12.61,Querétaro,Taller,54-ARN,Arneses,3425.08,4574,874,3700,5.23,China,QRO-CEL
2560,2026-04-11,2026-04-18,2026,4,6,7,1,4,20.7,391.71,18.92,Querétaro,Tier1,17-FRE,Frenos,4203.61,2829,138,2691,20.5,México,QRO-SJR
2561,2022-04-29,2022-05-02,2022,4,5,3,0,0,141.2,2647.09,18.75,Querétaro,Planta,28-SEN,Sensores,1818.54,4432,701,3731,6.32,Japón,QRO-SLP
2562,2026-05-17,2026-05-30,2026,5,0,13,1,5,39.2,704.66,17.98,León,Taller,87-ELE,Electrónica,370.62,1029,479,550,2.15,Japón,QRO-SLP
2563,2023-08-29,2023-09-01,2023,8,2,3,0,0,200.1,3599.35,17.99,San Luis Potosí,Taller,68-ARN,Arneses,4667.59,2569,343,2226,7.49,Alemania,QRO-SLP
2564,2026-05-13,2026-06-01,2026,5,3,19,1,9,176.5,3355.8,19.01,Querétaro,Tier1,16-ELE,Electrónica,316.27,2849,664,2185,4.29,Japón,QRO-SLP
2565,2025-06-01,2025-06-05,2025,6,0,4,1,1,71.7,1123.95,15.68,León,Tier1,93-SUS,Suspensión,251.29,694,704,-10,0.99,China,QRO-SLP
2566,2026-05-07,2026-05-27,2026,5,4,20,1,15,293.3,3646.37,12.43,San Juan del Río,Taller,22-ELE,Electrónica,4549.91,3883,821,3062,4.73,Japón,QRO-SLP
2567,2026-05-04,2026-05-12,2026,5,1,8,1,5,179.7,3310.11,18.42,San Luis Potosí,Tier1,26-ELE,Electrónica,922.82,3095,331,2764,9.35,México,QRO-CEL
2568,2026-05-06,2026-05-28,2026,5,3,22,1,16,348.3,4118.52,11.82,Querétaro,Tier1,42-ELE,Electrónica,3324.88,3038,963,2075,3.15,China,QRO-SLP
2569,2024-11-27,2024-11-28,2024,11,3,1,0,0,138.6,1489.65,10.75,San Luis Potosí,Planta,15-SEN,Sensores,4743.16,142,448,-306,0.32,Alemania,QRO-SJR
2570,2021-02-17,2021-02-24,2021,2,3,7,1,4,235.1,3052.94,12.99,Corregidora,Distribuidor,52-ARN,Arneses,4854.61,3039,358,2681,8.49,México,QRO-CEL
2571,2023-05-01,2023-05-02,2023,5,1,1,0,0,199.9,2780,13.91,San Luis Potosí,Taller,29-FRE,Frenos,3167.34,4361,305,4056,14.3,USA,QRO-SJR
2572,2023-12-07,2023-12-10,2023,12,4,3,0,0,48.8,894.01,18.32,León,Tier1,94-SUS,Suspensión,345.62,2291,202,2089,11.34,Japón,QRO-SLP
2573,2026-05-25,2026-06-03,2026,5,1,9,0,0,322.4,5516.42,17.11,San Luis Potosí,Tier1,83-SEN,Sensores,3044.98,1762,882,880,2,Japón,QRO-SLP
2574,2026-05-05,2026-05-25,2026,5,2,20,1,17,144.8,2575.02,17.78,Corregidora,Tier1,63-SEN,Sensores,610.95,201,678,-477,0.3,China,QRO-MQZ
2575,2022-01-31,2022-02-03,2022,1,1,3,0,0,325.6,2898.06,8.9,San Juan del Río,Taller,61-SUS,Suspensión,1710.59,631,965,-334,0.65,USA,QRO-SJR
2576,2021-09-29,2021-10-03,2021,9,3,4,1,1,154.7,1296.46,8.38,Celaya,Distribuidor,76-ARN,Arneses,690.12,2510,973,1537,2.58,Japón,QRO-CEL
2577,2023-03-07,2023-03-08,2023,3,2,1,0,0,38.9,438.01,11.26,Querétaro,Tier1,70-SEN,Sensores,1991.74,2888,241,2647,11.98,Alemania,QRO-SJR
2578,2026-02-28,2026-03-03,2026,2,6,3,0,0,95.9,1698.89,17.72,San Luis Potosí,Tier1,46-SEN,Sensores,4891.28,2915,405,2510,7.2,USA,QRO-SLP
2579,2025-03-20,2025-03-21,2025,3,4,1,0,0,297.1,5805.28,19.54,Querétaro,Tier1,22-SUS,Suspensión,895.84,3847,874,2973,4.4,Japón,QRO-MQZ
2580,2024-03-18,2024-03-24,2024,3,1,6,1,3,132.6,2555.42,19.27,San Luis Potosí,Tier1,23-SUS,Suspensión,3508.58,2134,799,1335,2.67,Japón,QRO-MQZ
2581,2021-09-26,2021-10-01,2021,9,0,5,1,2,143.1,1818.01,12.7,El Marqués,Tier1,44-SEN,Sensores,4770.35,1824,337,1487,5.41,USA,QRO-MQZ
2582,2025-03-23,2025-03-27,2025,3,0,4,1,1,199.1,3541.43,17.79,El Marqués,Taller,18-ELE,Electrónica,3808.96,3955,122,3833,32.42,Japón,QRO-MQZ
2583,2024-07-18,2024-07-20,2024,7,4,2,0,0,69.2,1027.2,14.84,Corregidora,Tier1,58-SEN,Sensores,2617.63,4219,411,3808,10.27,Alemania,QRO-MQZ
2584,2023-06-24,2023-06-28,2023,6,6,4,1,1,65.5,544.67,8.32,Querétaro,Tier1,83-ARN,Arneses,4089.81,3819,304,3515,12.56,México,QRO-CEL
2585,2022-10-01,2022-10-04,2022,10,6,3,0,0,343.4,6455.64,18.8,Celaya,Tier1,57-SUS,Suspensión,4521.23,466,706,-240,0.66,Japón,QRO-SLP
2586,2024-03-10,2024-03-14,2024,3,0,4,1,1,151.2,2514.62,16.63,San Juan del Río,Tier1,4-SEN,Sensores,415.57,4942,295,4647,16.75,USA,QRO-SLP
2587,2025-05-14,2025-05-21,2025,5,3,7,1,4,101.8,1010.18,9.92,Celaya,Taller,35-FRE,Frenos,2222.63,4456,817,3639,5.45,Alemania,QRO-MQZ
2588,2021-10-01,2021-10-05,2021,10,5,4,1,1,23,207.04,9,León,Tier1,64-SUS,Suspensión,4312.74,583,450,133,1.3,Alemania,QRO-MQZ
2589,2025-01-15,2025-01-23,2025,1,3,8,1,5,230.5,2204.69,9.56,Corregidora,Distribuidor,88-SEN,Sensores,674.64,467,107,360,4.36,China,QRO-SJR
2590,2025-10-25,2025-10-28,2025,10,6,3,0,0,37.6,576.62,15.34,León,Planta,14-ARN,Arneses,4946.12,2364,110,2254,21.49,Alemania,QRO-MQZ
2591,2021-09-14,2021-09-21,2021,9,2,7,1,4,218.6,2719.17,12.44,Celaya,Tier1,14-SEN,Sensores,1286.42,722,555,167,1.3,USA,QRO-CEL
2592,2021-05-02,2021-05-07,2021,5,0,5,1,2,339.2,5664.12,16.7,Celaya,Distribuidor,22-SEN,Sensores,4518.66,3974,785,3189,5.06,USA,QRO-CEL
2593,2024-09-20,2024-09-27,2024,9,5,7,1,4,285.3,4536.08,15.9,Querétaro,Tier1,86-ELE,Electrónica,4667.98,3468,649,2819,5.34,Alemania,QRO-CEL
2594,2021-08-12,2021-08-16,2021,8,4,4,1,1,15.3,153.27,10.02,Corregidora,Planta,36-ARN,Arneses,142.04,4438,157,4281,28.27,USA,QRO-CEL
2595,2021-05-31,2021-06-08,2021,5,1,8,1,5,291,3664.86,12.59,Celaya,Tier1,77-ARN,Arneses,4833.11,3865,647,3218,5.97,Alemania,QRO-MQZ
2596,2022-03-14,2022-03-17,2022,3,1,3,0,0,239.2,4345.85,18.17,Corregidora,Tier1,7-ELE,Electrónica,246.58,4554,646,3908,7.05,Japón,QRO-MQZ
2597,2026-05-09,2026-05-28,2026,5,6,19,1,13,94.2,974.18,10.34,Querétaro,Taller,52-ARN,Arneses,4854.61,3039,358,2681,8.49,México,QRO-SJR
2598,2021-03-27,2021-04-01,2021,3,6,5,1,2,237.7,4469.8,18.8,Querétaro,Tier1,1-SEN,Sensores,1859.2,2796,887,1909,3.15,Alemania,QRO-SLP
2599,2024-06-25,2024-06-30,2024,6,2,5,1,2,196.9,3747.56,19.03,León,Tier1,90-ARN,Arneses,2855.44,3929,856,3073,4.59,Alemania,QRO-MQZ
2600,2026-05-24,2026-05-28,2026,5,0,4,0,0,205.3,2775,13.52,León,Tier1,1-SEN,Sensores,1859.2,2796,887,1909,3.15,China,QRO-CEL
2601,2021-12-06,2021-12-12,2021,12,1,6,1,3,318.5,5867.24,18.42,Celaya,Tier1,2-ARN,Arneses,3272.1,4817,709,4108,6.79,USA,QRO-SJR
2602,2021-12-03,2021-12-10,2021,12,5,7,1,4,63.3,1215.01,19.19,El Marqués,Planta,73-ARN,Arneses,3687.85,3796,460,3336,8.25,Japón,QRO-MQZ
2603,2025-02-03,2025-02-05,2025,2,1,2,0,0,310.6,3321.62,10.69,León,Taller,83-ELE,Electrónica,2047.97,1307,286,1021,4.57,China,QRO-SJR
2604,2026-05-23,2026-05-25,2026,5,6,2,0,0,280.4,4407.73,15.72,Corregidora,Planta,35-FRE,Frenos,2222.63,4456,817,3639,5.45,Alemania,QRO-SJR
2605,2024-07-10,2024-07-14,2024,7,3,4,1,1,286.3,4945.67,17.27,Corregidora,Distribuidor,52-SEN,Sensores,2701.62,2240,729,1511,3.07,Alemania,QRO-MQZ
2606,2026-05-16,2026-05-25,2026,5,6,9,1,6,312,3982.02,12.76,Corregidora,Distribuidor,83-ARN,Arneses,4089.81,3819,304,3515,12.56,USA,QRO-SJR
2607,2025-05-19,2025-05-22,2025,5,1,3,0,0,134.8,2543.15,18.87,Celaya,Distribuidor,5-FRE,Frenos,3547.92,1323,978,345,1.35,Alemania,QRO-CEL
2608,2023-03-04,2023-03-08,2023,3,6,4,1,1,23.5,301.39,12.83,El Marqués,Taller,99-SUS,Suspensión,1768.31,3450,251,3199,13.75,Japón,QRO-SLP
2609,2026-05-02,2026-05-28,2026,5,6,26,1,20,312.4,3782.88,12.11,San Juan del Río,Tier1,21-ARN,Arneses,2688.88,472,527,-55,0.9,México,QRO-SJR
2610,2022-09-23,2022-09-29,2022,9,5,6,1,3,157.3,2457.44,15.62,Corregidora,Distribuidor,83-FRE,Frenos,4864.67,2926,560,2366,5.22,México,QRO-MQZ
2611,2023-07-11,2023-07-15,2023,7,2,4,1,1,348.8,4631.45,13.28,San Luis Potosí,Tier1,16-ELE,Electrónica,316.27,2849,664,2185,4.29,USA,QRO-MQZ
2612,2026-05-16,2026-05-30,2026,5,6,14,1,6,201.4,2296.12,11.4,León,Planta,75-SEN,Sensores,2324.33,2246,115,2131,19.53,Alemania,QRO-SJR
2613,2021-02-28,2021-03-03,2021,2,0,3,0,0,343.3,5874.4,17.11,León,Taller,18-FRE,Frenos,2478.97,2322,407,1915,5.71,USA,QRO-CEL
2614,2023-05-09,2023-05-10,2023,5,2,1,0,0,295.5,4299.34,14.55,Querétaro,Planta,11-FRE,Frenos,495.05,2683,151,2532,17.77,China,QRO-MQZ
2615,2021-05-20,2021-05-22,2021,5,4,2,0,0,11.9,107.83,9.06,San Luis Potosí,Tier1,56-FRE,Frenos,1990.85,504,987,-483,0.51,Alemania,QRO-SLP
2616,2022-05-23,2022-05-27,2022,5,1,4,1,1,171.7,2369.69,13.8,Corregidora,Distribuidor,65-FRE,Frenos,3031.57,2001,416,1585,4.81,México,QRO-CEL
2617,2024-08-27,2024-09-03,2024,8,2,7,1,4,320.8,5132.94,16,Corregidora,Tier1,20-SEN,Sensores,595.92,674,866,-192,0.78,México,QRO-SJR
2618,2023-08-02,2023-08-09,2023,8,3,7,1,4,91.9,1415.73,15.41,Corregidora,Planta,72-ARN,Arneses,3783.02,2196,705,1491,3.11,México,QRO-SLP
2619,2022-11-13,2022-11-15,2022,11,0,2,0,0,259.5,2735.85,10.54,San Luis Potosí,Planta,21-FRE,Frenos,4833.89,4818,201,4617,23.97,México,QRO-CEL
2620,2021-05-31,2021-06-08,2021,5,1,8,1,5,172.9,2262.28,13.08,Celaya,Planta,67-SUS,Suspensión,2907.17,4550,308,4242,14.77,Japón,QRO-MQZ
2621,2021-03-17,2021-03-25,2021,3,3,8,1,5,96.7,1637.82,16.94,León,Taller,17-SUS,Suspensión,2687.14,2633,740,1893,3.56,Alemania,QRO-MQZ
2622,2026-05-23,2026-06-03,2026,5,6,11,0,0,91.1,1740.52,19.11,Querétaro,Tier1,81-ELE,Electrónica,140.61,1480,170,1310,8.71,USA,QRO-SLP
2623,2026-05-16,2026-05-31,2026,5,6,15,1,6,324,2821.44,8.71,San Juan del Río,Tier1,8-SEN,Sensores,4374.33,2187,777,1410,2.81,China,QRO-SLP
2624,2022-03-16,2022-03-18,2022,3,3,2,0,0,118.3,2297.55,19.42,San Juan del Río,Planta,57-ELE,Electrónica,4825.73,3798,194,3604,19.58,México,QRO-SLP
2625,2026-05-15,2026-05-26,2026,5,5,11,1,7,85.6,769.1,8.98,Querétaro,Taller,92-SUS,Suspensión,3033.85,4447,428,4019,10.39,México,QRO-SLP
2626,2022-06-05,2022-06-10,2022,6,0,5,1,2,246.3,3628.48,14.73,Corregidora,Planta,82-SEN,Sensores,1389.69,82,257,-175,0.32,China,QRO-CEL
2627,2026-05-04,2026-05-28,2026,5,1,24,1,18,245.3,3487.36,14.22,Querétaro,Planta,76-FRE,Frenos,3738.99,1682,676,1006,2.49,Alemania,QRO-SJR
2628,2023-01-04,2023-01-11,2023,1,3,7,1,4,115.9,2091.37,18.04,San Juan del Río,Planta,91-FRE,Frenos,4291.8,4493,112,4381,40.12,Japón,QRO-MQZ
2629,2025-04-26,2025-05-03,2025,4,6,7,1,4,186.7,3452.74,18.49,Querétaro,Tier1,50-SEN,Sensores,4354.41,2670,213,2457,12.54,Alemania,QRO-CEL
2630,2024-12-21,2024-12-27,2024,12,6,6,1,3,301.6,3515.68,11.66,León,Taller,85-SEN,Sensores,1521.2,2920,544,2376,5.37,China,QRO-CEL
2631,2022-09-08,2022-09-13,2022,9,4,5,1,2,147,2427.93,16.52,León,Planta,65-ARN,Arneses,844,2641,720,1921,3.67,China,QRO-SLP
2632,2026-05-03,2026-05-25,2026,5,0,22,1,19,286.7,2404.75,8.39,León,Taller,41-ELE,Electrónica,4687.71,920,702,218,1.31,Alemania,QRO-MQZ
2633,2024-06-14,2024-06-18,2024,6,5,4,1,1,293.9,4188.69,14.25,Corregidora,Distribuidor,9-ARN,Arneses,1971.31,2328,930,1398,2.5,Japón,QRO-SJR
2634,2025-06-23,2025-06-28,2025,6,1,5,1,2,237.6,2744.82,11.55,San Luis Potosí,Taller,74-SEN,Sensores,3564.35,956,699,257,1.37,China,QRO-CEL
2635,2021-09-20,2021-09-26,2021,9,1,6,1,3,158,2163.11,13.69,San Juan del Río,Tier1,96-FRE,Frenos,3819.86,1364,751,613,1.82,México,QRO-SLP
2636,2026-05-14,2026-06-01,2026,5,4,18,1,8,326.8,4512.4,13.81,Corregidora,Tier1,51-ARN,Arneses,2205.11,3816,443,3373,8.61,USA,QRO-SJR
2637,2025-12-05,2025-12-09,2025,12,5,4,1,1,319.4,2797.06,8.76,Corregidora,Planta,33-ARN,Arneses,4073.72,1315,307,1008,4.28,China,QRO-CEL
2638,2026-05-12,2026-05-31,2026,5,2,19,1,10,307.4,3784.61,12.31,Celaya,Distribuidor,41-SUS,Suspensión,754.34,4179,350,3829,11.94,USA,QRO-SJR
2639,2025-10-23,2025-10-26,2025,10,4,3,0,0,237,3750.77,15.83,San Luis Potosí,Tier1,95-SEN,Sensores,3843.72,3856,664,3192,5.81,Alemania,QRO-CEL
2640,2021-01-27,2021-01-28,2021,1,3,1,0,0,257.7,3994.75,15.5,El Marqués,Taller,50-ELE,Electrónica,3253.74,3790,410,3380,9.24,China,QRO-CEL
2641,2026-05-20,2026-05-28,2026,5,3,8,1,2,312.3,4470.78,14.32,Celaya,Distribuidor,65-ARN,Arneses,844,2641,720,1921,3.67,México,QRO-MQZ
2642,2023-12-12,2023-12-14,2023,12,2,2,0,0,25.2,335.77,13.32,Celaya,Tier1,92-SEN,Sensores,4469.2,3130,154,2976,20.32,México,QRO-SJR
2643,2021-07-27,2021-07-30,2021,7,2,3,0,0,20.3,376.04,18.52,León,Taller,31-FRE,Frenos,259.79,2493,478,2015,5.22,México,QRO-MQZ
2644,2024-02-12,2024-02-14,2024,2,1,2,0,0,208.5,3443.82,16.52,Querétaro,Taller,99-ARN,Arneses,1390.25,230,392,-162,0.59,China,QRO-MQZ
2645,2026-04-27,2026-05-02,2026,4,1,5,1,2,130.8,2415.14,18.46,San Luis Potosí,Tier1,35-SUS,Suspensión,3998.45,2100,715,1385,2.94,México,QRO-MQZ
2646,2026-05-07,2026-05-30,2026,5,4,23,1,15,114.4,1710.9,14.96,Corregidora,Taller,39-FRE,Frenos,1372.38,2726,706,2020,3.86,México,QRO-CEL
2647,2025-04-17,2025-04-19,2025,4,4,2,0,0,82.8,929.96,11.23,Querétaro,Tier1,86-SEN,Sensores,2869.97,158,622,-464,0.25,China,QRO-SLP
2648,2023-11-24,2023-11-30,2023,11,5,6,1,3,177.5,2402.09,13.53,El Marqués,Taller,97-SEN,Sensores,396.7,1142,502,640,2.27,Alemania,QRO-SJR
2649,2026-05-22,2026-05-30,2026,5,5,8,0,0,337.1,2786.18,8.27,San Juan del Río,Planta,70-SEN,Sensores,1991.74,2888,241,2647,11.98,Alemania,QRO-MQZ
2650,2024-05-14,2024-05-18,2024,5,2,4,1,1,160.5,2731.05,17.02,San Luis Potosí,Distribuidor,9-SEN,Sensores,3506.81,652,938,-286,0.7,Japón,QRO-SLP
2651,2022-07-29,2022-08-01,2022,7,5,3,0,0,219.4,3385.92,15.43,León,Planta,95-SUS,Suspensión,1566.72,4477,675,3802,6.63,China,QRO-SJR
2652,2024-12-13,2024-12-18,2024,12,5,5,1,2,24.7,405.14,16.4,Querétaro,Taller,5-FRE,Frenos,3547.92,1323,978,345,1.35,China,QRO-MQZ
2653,2021-06-20,2021-06-22,2021,6,0,2,0,0,115.1,2204.22,19.15,El Marqués,Tier1,54-ELE,Electrónica,3166.45,2424,477,1947,5.08,Alemania,QRO-SJR
2654,2025-01-08,2025-01-12,2025,1,3,4,1,1,150.9,2237.75,14.83,El Marqués,Tier1,72-SUS,Suspensión,234.19,3605,243,3362,14.84,Japón,QRO-SJR
2655,2026-05-20,2026-05-26,2026,5,3,6,1,2,295.9,4694.12,15.86,Querétaro,Tier1,95-SEN,Sensores,3843.72,3856,664,3192,5.81,Japón,QRO-CEL
2656,2026-05-20,2026-05-26,2026,5,3,6,1,2,264.7,2990.05,11.3,San Juan del Río,Planta,29-SEN,Sensores,3933.04,3258,672,2586,4.85,Alemania,QRO-SJR
2657,2021-04-25,2021-04-28,2021,4,0,3,0,0,173.9,3104.77,17.85,San Luis Potosí,Tier1,47-SEN,Sensores,2369.53,4045,567,3478,7.13,USA,QRO-SLP
2658,2025-03-02,2025-03-03,2025,3,0,1,0,0,240.7,4478.76,18.61,El Marqués,Tier1,73-ARN,Arneses,3687.85,3796,460,3336,8.25,China,QRO-CEL
2659,2023-09-01,2023-09-09,2023,9,5,8,1,5,115.3,1116.06,9.68,El Marqués,Tier1,5-SUS,Suspensión,1510.97,1853,254,1599,7.3,Alemania,QRO-SLP
2660,2022-02-16,2022-02-18,2022,2,3,2,0,0,265.1,3330.87,12.56,San Luis Potosí,Tier1,40-ARN,Arneses,288.05,1674,857,817,1.95,Alemania,QRO-MQZ
2661,2024-03-31,2024-04-07,2024,3,0,7,1,4,157.2,2474.69,15.74,El Marqués,Tier1,33-SEN,Sensores,4299.55,4446,746,3700,5.96,USA,QRO-SJR
2662,2022-06-19,2022-06-27,2022,6,0,8,1,5,154.1,1719.92,11.16,San Juan del Río,Planta,60-SEN,Sensores,4618.25,4938,354,4584,13.95,Alemania,QRO-SJR
2663,2025-01-23,2025-01-29,2025,1,4,6,1,3,329.7,6206.1,18.82,El Marqués,Taller,42-SUS,Suspensión,1516.88,2245,576,1669,3.9,China,QRO-CEL
2664,2021-11-22,2021-11-30,2021,11,1,8,1,5,311.6,4186.76,13.44,Corregidora,Tier1,26-ARN,Arneses,1872.84,4883,185,4698,26.39,Alemania,QRO-MQZ
2665,2026-05-05,2026-05-29,2026,5,2,24,1,17,271.2,2810.2,10.36,El Marqués,Taller,88-SUS,Suspensión,1941.02,3880,832,3048,4.66,China,QRO-SLP
2666,2023-11-12,2023-11-18,2023,11,0,6,1,3,116.7,997.11,8.54,San Juan del Río,Planta,37-SEN,Sensores,3969.15,3602,841,2761,4.28,USA,QRO-SLP
2667,2024-09-02,2024-09-09,2024,9,1,7,1,4,191.6,3354.17,17.51,León,Planta,98-ELE,Electrónica,2480.68,142,273,-131,0.52,Alemania,QRO-SLP
2668,2024-09-05,2024-09-08,2024,9,4,3,0,0,175.9,2169.09,12.33,Querétaro,Tier1,97-ELE,Electrónica,2011.22,862,727,135,1.19,Japón,QRO-SJR
2669,2026-05-24,2026-05-30,2026,5,0,6,0,0,172.5,3060.05,17.74,Querétaro,Distribuidor,57-SUS,Suspensión,4521.23,466,706,-240,0.66,China,QRO-MQZ
2670,2026-05-24,2026-05-27,2026,5,0,3,0,0,293.8,4736.75,16.12,San Juan del Río,Planta,99-ARN,Arneses,1390.25,230,392,-162,0.59,China,QRO-SLP
2671,2024-07-04,2024-07-12,2024,7,4,8,1,5,109.5,1016.01,9.28,Corregidora,Distribuidor,30-ARN,Arneses,1865.58,2831,105,2726,26.96,Japón,QRO-CEL
2672,2024-01-25,2024-01-26,2024,1,4,1,0,0,11,192.54,17.5,El Marqués,Taller,60-SEN,Sensores,4618.25,4938,354,4584,13.95,China,QRO-CEL
2673,2024-01-13,2024-01-21,2024,1,6,8,1,5,202.2,3876.84,19.17,El Marqués,Taller,58-SEN,Sensores,2617.63,4219,411,3808,10.27,Alemania,QRO-SLP
2674,2026-02-28,2026-03-04,2026,2,6,4,1,1,85.5,1394.28,16.31,León,Tier1,81-ARN,Arneses,4391.37,366,872,-506,0.42,México,QRO-SLP
2675,2025-09-08,2025-09-11,2025,9,1,3,0,0,264.2,5043.01,19.09,Celaya,Tier1,35-FRE,Frenos,2222.63,4456,817,3639,5.45,México,QRO-MQZ
2676,2025-06-01,2025-06-03,2025,6,0,2,0,0,198.3,1902.78,9.6,El Marqués,Taller,71-FRE,Frenos,3409.21,2240,727,1513,3.08,Japón,QRO-MQZ
2677,2023-12-21,2023-12-24,2023,12,4,3,0,0,97,1910.15,19.69,Corregidora,Tier1,74-SUS,Suspensión,4557.16,415,619,-204,0.67,USA,QRO-SLP
2678,2023-08-31,2023-09-05,2023,8,4,5,1,2,123.4,2389.01,19.36,Querétaro,Tier1,10-SUS,Suspensión,3974.3,2474,590,1884,4.19,México,QRO-CEL
2679,2026-05-07,2026-05-27,2026,5,4,20,1,15,305.4,3873.36,12.68,San Luis Potosí,Taller,23-ARN,Arneses,856.04,2511,134,2377,18.74,Japón,QRO-CEL
2680,2026-05-20,2026-05-31,2026,5,3,11,1,2,257.7,4057.53,15.75,El Marqués,Taller,15-ELE,Electrónica,1562.18,742,986,-244,0.75,Alemania,QRO-SLP
2681,2026-05-20,2026-05-28,2026,5,3,8,1,2,38,702.65,18.49,Corregidora,Taller,56-SEN,Sensores,1253.34,3707,620,3087,5.98,China,QRO-SLP
2682,2022-10-20,2022-10-22,2022,10,4,2,0,0,150.1,2818.16,18.78,Corregidora,Planta,83-FRE,Frenos,4864.67,2926,560,2366,5.22,USA,QRO-MQZ
2683,2026-05-23,2026-06-03,2026,5,6,11,0,0,202.3,3259.07,16.11,El Marqués,Tier1,49-ARN,Arneses,412.82,3527,162,3365,21.77,USA,QRO-SLP
2684,2026-05-02,2026-05-31,2026,5,6,29,1,20,276.5,2794.83,10.11,Querétaro,Planta,82-SEN,Sensores,1389.69,82,257,-175,0.32,USA,QRO-SLP
2685,2026-05-08,2026-06-01,2026,5,5,24,1,14,144,1497.01,10.4,Celaya,Distribuidor,25-ARN,Arneses,3915.2,4208,808,3400,5.21,Japón,QRO-SLP
2686,2026-05-13,2026-06-01,2026,5,3,19,1,9,333.2,6280.64,18.85,San Luis Potosí,Planta,56-ELE,Electrónica,4660.32,2448,510,1938,4.8,Japón,QRO-SJR
2687,2021-01-25,2021-02-01,2021,1,1,7,1,4,95.4,1636.63,17.16,León,Tier1,73-SEN,Sensores,1840.37,2686,730,1956,3.68,China,QRO-MQZ
2688,2024-03-13,2024-03-20,2024,3,3,7,1,4,284.7,4389.83,15.42,El Marqués,Planta,85-SEN,Sensores,1521.2,2920,544,2376,5.37,USA,QRO-CEL
2689,2025-07-06,2025-07-07,2025,7,0,1,0,0,248.6,2231.12,8.97,Celaya,Distribuidor,30-SUS,Suspensión,506.69,2378,235,2143,10.12,Japón,QRO-SJR
2690,2024-05-16,2024-05-20,2024,5,4,4,1,1,176.6,1756.81,9.95,León,Taller,21-SUS,Suspensión,3922.67,482,217,265,2.22,USA,QRO-MQZ
2691,2026-05-14,2026-05-28,2026,5,4,14,1,8,209.6,2717.56,12.97,San Juan del Río,Planta,7-ARN,Arneses,2965.42,1199,206,993,5.82,USA,QRO-SJR
2692,2026-05-09,2026-05-27,2026,5,6,18,1,13,247.1,3947.67,15.98,San Luis Potosí,Tier1,44-SEN,Sensores,4770.35,1824,337,1487,5.41,China,QRO-CEL
2693,2023-02-18,2023-02-22,2023,2,6,4,1,1,34.8,670.7,19.27,Corregidora,Distribuidor,33-ARN,Arneses,4073.72,1315,307,1008,4.28,Japón,QRO-SLP
2694,2022-08-23,2022-08-26,2022,8,2,3,0,0,172.3,1897.86,11.01,Corregidora,Tier1,91-SUS,Suspensión,3680.26,3837,791,3046,4.85,USA,QRO-SLP
2695,2025-07-16,2025-07-21,2025,7,3,5,1,2,57.6,611.97,10.62,San Luis Potosí,Planta,75-ARN,Arneses,783.6,3454,262,3192,13.18,Alemania,QRO-SLP
2696,2022-04-10,2022-04-15,2022,4,0,5,1,2,225.4,3841.07,17.04,Corregidora,Planta,92-ELE,Electrónica,4401.79,4271,769,3502,5.55,China,QRO-MQZ
2697,2023-01-04,2023-01-07,2023,1,3,3,0,0,306,3209.47,10.49,San Luis Potosí,Taller,25-SUS,Suspensión,2863.6,1207,249,958,4.85,USA,QRO-CEL
2698,2026-05-20,2026-05-30,2026,5,3,10,1,2,144.7,2847.71,19.68,Corregidora,Distribuidor,36-SUS,Suspensión,787.36,3511,115,3396,30.53,USA,QRO-SLP
2699,2021-07-02,2021-07-06,2021,7,5,4,1,1,140.9,2817.59,20,Corregidora,Planta,30-ARN,Arneses,1865.58,2831,105,2726,26.96,Japón,QRO-CEL
2700,2026-05-09,2026-06-01,2026,5,6,23,1,13,316.1,4483.27,14.18,León,Taller,77-ELE,Electrónica,761.01,3401,523,2878,6.5,USA,QRO-CEL
2701,2022-03-01,2022-03-04,2022,3,2,3,0,0,85.8,1381.21,16.1,El Marqués,Planta,34-SEN,Sensores,1520,3930,432,3498,9.1,USA,QRO-MQZ
2702,2024-05-26,2024-05-27,2024,5,0,1,0,0,156.9,2945.05,18.77,San Luis Potosí,Tier1,66-ELE,Electrónica,1657.94,1756,172,1584,10.21,México,QRO-CEL
2703,2025-07-10,2025-07-15,2025,7,4,5,1,2,331.5,5842.02,17.62,León,Tier1,60-ARN,Arneses,4406.3,1,551,-550,0,USA,QRO-MQZ
2704,2021-09-05,2021-09-13,2021,9,0,8,1,5,207.1,3338.56,16.12,El Marqués,Tier1,21-SEN,Sensores,2963.98,277,140,137,1.98,Alemania,QRO-CEL
2705,2026-05-25,2026-06-06,2026,5,1,12,0,0,330.7,5255.65,15.89,Querétaro,Tier1,100-FRE,Frenos,1719.07,4842,314,4528,15.42,México,QRO-CEL
2706,2024-08-09,2024-08-11,2024,8,5,2,0,0,250.7,3973.64,15.85,Querétaro,Planta,86-SUS,Suspensión,1070.24,3068,901,2167,3.41,China,QRO-SLP
2707,2023-08-13,2023-08-19,2023,8,0,6,1,3,237,1900.34,8.02,Querétaro,Distribuidor,93-SEN,Sensores,4236.96,1229,379,850,3.24,Japón,QRO-SLP
2708,2026-03-01,2026-03-03,2026,3,0,2,0,0,117.9,1284.51,10.89,León,Taller,35-SUS,Suspensión,3998.45,2100,715,1385,2.94,USA,QRO-CEL
2709,2024-04-28,2024-04-29,2024,4,0,1,0,0,34.4,351.77,10.23,San Juan del Río,Planta,18-SUS,Suspensión,340.23,926,375,551,2.47,México,QRO-SLP
2710,2024-11-13,2024-11-21,2024,11,3,8,1,5,63,948.34,15.05,San Juan del Río,Planta,32-ELE,Electrónica,2499.14,1034,842,192,1.23,Alemania,QRO-SLP
2711,2021-12-29,2022-01-04,2021,12,3,6,1,3,306.6,5153.86,16.81,León,Tier1,93-SUS,Suspensión,251.29,694,704,-10,0.99,México,QRO-SLP
2712,2026-05-07,2026-05-28,2026,5,4,21,1,15,134,1763.4,13.16,Corregidora,Distribuidor,24-ARN,Arneses,4525.05,711,612,99,1.16,China,QRO-MQZ
2713,2021-09-22,2021-09-30,2021,9,3,8,1,5,60.9,614.49,10.09,El Marqués,Taller,87-ELE,Electrónica,370.62,1029,479,550,2.15,China,QRO-CEL
2714,2021-07-20,2021-07-21,2021,7,2,1,0,0,83.8,1615.74,19.28,San Luis Potosí,Tier1,51-SEN,Sensores,3785.32,2882,317,2565,9.09,China,QRO-MQZ
2715,2026-05-23,2026-06-07,2026,5,6,15,0,0,336.8,6184.91,18.36,Querétaro,Tier1,9-ARN,Arneses,1971.31,2328,930,1398,2.5,Alemania,QRO-CEL
2716,2026-02-01,2026-02-07,2026,2,0,6,1,3,131.5,1228.06,9.34,Querétaro,Tier1,86-ELE,Electrónica,4667.98,3468,649,2819,5.34,México,QRO-SLP
2717,2026-05-05,2026-05-30,2026,5,2,25,1,17,208.6,4038.66,19.36,León,Tier1,9-SEN,Sensores,3506.81,652,938,-286,0.7,China,QRO-CEL
2718,2023-04-16,2023-04-21,2023,4,0,5,1,2,177.3,3188.82,17.99,León,Tier1,90-FRE,Frenos,2310.29,1160,815,345,1.42,Japón,QRO-SJR
2719,2026-05-22,2026-06-01,2026,5,5,10,0,0,98.5,986.53,10.02,El Marqués,Taller,87-FRE,Frenos,4868.31,520,545,-25,0.95,México,QRO-SJR
2720,2021-01-27,2021-02-01,2021,1,3,5,1,2,89.6,1176.57,13.13,San Luis Potosí,Planta,18-SUS,Suspensión,340.23,926,375,551,2.47,Alemania,QRO-MQZ
2721,2023-05-12,2023-05-19,2023,5,5,7,1,4,331.6,4983.65,15.03,Querétaro,Tier1,81-ARN,Arneses,4391.37,366,872,-506,0.42,Alemania,QRO-SLP
2722,2021-04-28,2021-05-04,2021,4,3,6,1,3,163.5,3081.03,18.84,Querétaro,Planta,22-SUS,Suspensión,895.84,3847,874,2973,4.4,USA,QRO-SLP
2723,2025-02-06,2025-02-14,2025,2,4,8,1,5,103.2,846.03,8.2,Corregidora,Distribuidor,65-FRE,Frenos,3031.57,2001,416,1585,4.81,China,QRO-MQZ
2724,2026-05-03,2026-05-29,2026,5,0,26,1,19,69.8,928.59,13.3,Querétaro,Distribuidor,35-SUS,Suspensión,3998.45,2100,715,1385,2.94,Japón,QRO-CEL
2725,2026-05-12,2026-05-29,2026,5,2,17,1,10,197.8,3174.26,16.05,Celaya,Distribuidor,12-ARN,Arneses,4577.37,1662,429,1233,3.87,USA,QRO-MQZ
2726,2025-03-04,2025-03-08,2025,3,2,4,1,1,285.7,5325.96,18.64,El Marqués,Taller,10-ELE,Electrónica,3951.78,1728,872,856,1.98,China,QRO-SJR
2727,2022-01-21,2022-01-23,2022,1,5,2,0,0,203.8,2948.04,14.47,León,Tier1,14-ELE,Electrónica,1218.61,173,107,66,1.62,China,QRO-SJR
2728,2025-06-07,2025-06-09,2025,6,6,2,0,0,76.9,632.02,8.22,San Luis Potosí,Tier1,10-ARN,Arneses,1421.89,2478,555,1923,4.46,México,QRO-MQZ
2729,2024-12-12,2024-12-17,2024,12,4,5,1,2,255.6,3275.81,12.82,Querétaro,Distribuidor,34-FRE,Frenos,1708.23,2340,807,1533,2.9,México,QRO-SJR
2730,2026-05-24,2026-05-26,2026,5,0,2,0,0,161.1,2394.08,14.86,León,Planta,51-ELE,Electrónica,807.84,2612,676,1936,3.86,Alemania,QRO-SLP
2731,2024-06-09,2024-06-12,2024,6,0,3,0,0,74.1,1152.84,15.56,San Luis Potosí,Planta,51-SEN,Sensores,3785.32,2882,317,2565,9.09,México,QRO-SLP
2732,2026-05-04,2026-05-26,2026,5,1,22,1,18,38.3,500.69,13.07,Querétaro,Taller,58-ARN,Arneses,2254.49,3722,381,3341,9.77,Alemania,QRO-MQZ
2733,2024-04-08,2024-04-09,2024,4,1,1,0,0,260.1,3714.55,14.28,Celaya,Planta,16-ELE,Electrónica,316.27,2849,664,2185,4.29,Alemania,QRO-SLP
2734,2023-10-17,2023-10-24,2023,10,2,7,1,4,230.8,3936.36,17.06,Celaya,Planta,46-FRE,Frenos,3166.98,4682,146,4536,32.07,China,QRO-SJR
2735,2022-10-26,2022-10-30,2022,10,3,4,1,1,20.7,207.5,10.02,Celaya,Distribuidor,73-ELE,Electrónica,2426.23,644,258,386,2.5,USA,QRO-MQZ
2736,2025-03-23,2025-03-24,2025,3,0,1,0,0,231.1,2025.95,8.77,Celaya,Planta,51-SUS,Suspensión,1327.15,4912,621,4291,7.91,Japón,QRO-SJR
2737,2026-05-06,2026-05-25,2026,5,3,19,1,16,192.6,3761.71,19.53,Corregidora,Tier1,82-ELE,Electrónica,4169.44,3032,267,2765,11.36,Alemania,QRO-MQZ
2738,2026-05-02,2026-06-01,2026,5,6,30,1,20,83.8,1345.06,16.05,Querétaro,Tier1,51-SUS,Suspensión,1327.15,4912,621,4291,7.91,USA,QRO-MQZ
2739,2026-05-06,2026-05-29,2026,5,3,23,1,16,203.6,3154.9,15.5,San Luis Potosí,Tier1,88-ARN,Arneses,4573.3,1325,367,958,3.61,USA,QRO-SJR
2740,2026-05-05,2026-06-01,2026,5,2,27,1,17,131.1,1664.35,12.7,Corregidora,Planta,46-SEN,Sensores,4891.28,2915,405,2510,7.2,México,QRO-SJR
2741,2026-05-12,2026-05-30,2026,5,2,18,1,10,62,764.33,12.33,León,Tier1,72-ARN,Arneses,3783.02,2196,705,1491,3.11,USA,QRO-CEL
2742,2026-05-10,2026-06-01,2026,5,0,22,1,12,310.8,3445.57,11.09,Querétaro,Distribuidor,30-SUS,Suspensión,506.69,2378,235,2143,10.12,USA,QRO-MQZ
2743,2024-01-13,2024-01-14,2024,1,6,1,0,0,242.2,2389.34,9.87,Celaya,Distribuidor,44-ARN,Arneses,4310.1,1228,335,893,3.67,China,QRO-SJR
2744,2021-07-25,2021-07-29,2021,7,0,4,1,1,228.5,2517.32,11.02,Celaya,Distribuidor,39-ARN,Arneses,1573.02,936,723,213,1.29,México,QRO-CEL
2745,2024-02-10,2024-02-13,2024,2,6,3,0,0,50.5,901.05,17.84,Celaya,Taller,46-FRE,Frenos,3166.98,4682,146,4536,32.07,USA,QRO-MQZ
2746,2023-01-29,2023-02-03,2023,1,0,5,1,2,172,2891.86,16.81,León,Planta,46-ELE,Electrónica,2511.37,3579,173,3406,20.69,Japón,QRO-SJR
2747,2026-05-18,2026-05-27,2026,5,1,9,1,4,39.7,438.48,11.04,El Marqués,Tier1,57-FRE,Frenos,1434.88,3059,113,2946,27.07,Alemania,QRO-MQZ
2748,2024-04-27,2024-04-28,2024,4,6,1,0,0,279.6,5465.81,19.55,Corregidora,Distribuidor,62-SEN,Sensores,61.64,976,325,651,3,China,QRO-SLP
2749,2023-05-03,2023-05-05,2023,5,3,2,0,0,266.3,4406.81,16.55,Celaya,Distribuidor,13-SEN,Sensores,1929.65,2670,406,2264,6.58,México,QRO-SJR
2750,2026-05-20,2026-06-02,2026,5,3,13,1,2,113.8,2221.38,19.52,San Juan del Río,Tier1,32-ARN,Arneses,1534.06,183,367,-184,0.5,USA,QRO-MQZ
2751,2021-02-15,2021-02-19,2021,2,1,4,1,1,146.1,2201.75,15.07,León,Tier1,9-SEN,Sensores,3506.81,652,938,-286,0.7,Alemania,QRO-SLP
2752,2025-08-22,2025-08-25,2025,8,5,3,0,0,171.2,1621.56,9.47,Corregidora,Planta,15-ARN,Arneses,2004.45,403,614,-211,0.66,Alemania,QRO-SJR
2753,2021-12-03,2021-12-09,2021,12,5,6,1,3,46.9,736.69,15.71,León,Tier1,22-ARN,Arneses,4301.5,1604,436,1168,3.68,China,QRO-SLP
2754,2023-12-12,2023-12-18,2023,12,2,6,1,3,264.9,4211.02,15.9,Celaya,Planta,72-FRE,Frenos,2982.1,4614,609,4005,7.58,Alemania,QRO-SJR
2755,2026-03-25,2026-03-29,2026,3,3,4,1,1,69.3,742.6,10.72,Querétaro,Distribuidor,27-ARN,Arneses,1335.52,4511,497,4014,9.08,México,QRO-SLP
2756,2021-05-12,2021-05-13,2021,5,3,1,0,0,265.2,3954.88,14.91,Celaya,Distribuidor,41-ARN,Arneses,2258.51,2697,698,1999,3.86,Japón,QRO-SJR
2757,2023-08-19,2023-08-24,2023,8,6,5,1,2,235.8,2236.2,9.48,Corregidora,Distribuidor,51-ARN,Arneses,2205.11,3816,443,3373,8.61,México,QRO-SJR
2758,2026-05-08,2026-05-27,2026,5,5,19,1,14,17.3,211.34,12.22,Querétaro,Planta,65-ELE,Electrónica,4175.41,3316,875,2441,3.79,China,QRO-CEL
2759,2023-08-03,2023-08-09,2023,8,4,6,1,3,343.8,3139.32,9.13,León,Planta,53-SUS,Suspensión,2062.9,3440,719,2721,4.78,USA,QRO-MQZ
2760,2025-02-14,2025-02-20,2025,2,5,6,1,3,126.1,1618.97,12.84,Celaya,Distribuidor,32-ELE,Electrónica,2499.14,1034,842,192,1.23,Alemania,QRO-CEL
2761,2026-05-24,2026-05-25,2026,5,0,1,0,0,249.2,4304.01,17.27,San Juan del Río,Taller,56-SEN,Sensores,1253.34,3707,620,3087,5.98,México,QRO-SLP
2762,2026-05-05,2026-05-30,2026,5,2,25,1,17,296.1,3896.45,13.16,León,Planta,51-ARN,Arneses,2205.11,3816,443,3373,8.61,China,QRO-CEL
2763,2026-05-03,2026-05-25,2026,5,0,22,1,19,169.4,1746.93,10.31,San Juan del Río,Planta,42-SEN,Sensores,534.52,117,157,-40,0.75,México,QRO-SLP
2764,2026-01-22,2026-01-25,2026,1,4,3,0,0,221.6,2231.29,10.07,San Juan del Río,Planta,54-SEN,Sensores,2229.64,971,924,47,1.05,USA,QRO-SJR
2765,2023-12-19,2023-12-23,2023,12,2,4,1,1,146.7,1457.8,9.94,San Luis Potosí,Tier1,1-FRE,Frenos,233.71,1282,783,499,1.64,USA,QRO-CEL
2766,2024-08-30,2024-09-01,2024,8,5,2,0,0,26.7,413.62,15.49,Corregidora,Planta,16-ARN,Arneses,1385.97,4731,948,3783,4.99,México,QRO-CEL
2767,2021-05-04,2021-05-12,2021,5,2,8,1,5,101.3,1791.26,17.68,Querétaro,Distribuidor,7-SEN,Sensores,2046.46,1410,596,814,2.37,México,QRO-CEL
2768,2026-05-16,2026-05-26,2026,5,6,10,1,6,61.5,862.59,14.03,León,Planta,77-SEN,Sensores,2481.2,2143,179,1964,11.97,Alemania,QRO-SLP
2769,2026-05-01,2026-05-27,2026,5,5,26,1,21,255.2,5046.48,19.77,Corregidora,Distribuidor,46-SEN,Sensores,4891.28,2915,405,2510,7.2,Alemania,QRO-SLP
2770,2023-04-20,2023-04-28,2023,4,4,8,1,5,339,3818.93,11.27,San Juan del Río,Planta,28-FRE,Frenos,2880.95,4135,830,3305,4.98,México,QRO-MQZ
2771,2023-01-10,2023-01-14,2023,1,2,4,1,1,149.5,2552.46,17.07,Celaya,Distribuidor,25-SEN,Sensores,4979.92,3606,752,2854,4.8,Japón,QRO-SJR
2772,2024-02-23,2024-03-01,2024,2,5,7,1,4,164.2,2982.86,18.17,Querétaro,Tier1,60-SEN,Sensores,4618.25,4938,354,4584,13.95,China,QRO-CEL
2773,2023-06-21,2023-06-29,2023,6,3,8,1,5,339.6,3390.94,9.99,San Juan del Río,Planta,22-ARN,Arneses,4301.5,1604,436,1168,3.68,Japón,QRO-MQZ
2774,2022-10-21,2022-10-29,2022,10,5,8,1,5,316.8,4137.5,13.06,Corregidora,Planta,45-ELE,Electrónica,4169.66,3629,173,3456,20.98,Alemania,QRO-CEL
2775,2026-05-10,2026-05-29,2026,5,0,19,1,12,28.8,545.23,18.93,Querétaro,Tier1,91-FRE,Frenos,4291.8,4493,112,4381,40.12,USA,QRO-CEL
2776,2022-07-19,2022-07-22,2022,7,2,3,0,0,255.6,4543.49,17.78,Celaya,Planta,82-SEN,Sensores,1389.69,82,257,-175,0.32,China,QRO-SLP
2777,2026-05-07,2026-05-30,2026,5,4,23,1,15,14.1,212.27,15.05,León,Taller,35-SUS,Suspensión,3998.45,2100,715,1385,2.94,USA,QRO-CEL
2778,2022-05-13,2022-05-17,2022,5,5,4,1,1,118.8,1236.27,10.41,Querétaro,Tier1,59-FRE,Frenos,254.95,2883,557,2326,5.18,México,QRO-SJR
2779,2022-06-07,2022-06-09,2022,6,2,2,0,0,107.1,2104.83,19.65,El Marqués,Distribuidor,77-ELE,Electrónica,761.01,3401,523,2878,6.5,México,QRO-MQZ
2780,2023-11-22,2023-11-24,2023,11,3,2,0,0,149,2057.2,13.81,San Luis Potosí,Tier1,37-ELE,Electrónica,3241.13,791,710,81,1.11,China,QRO-CEL
2781,2023-10-13,2023-10-14,2023,10,5,1,0,0,186.8,2051.38,10.98,Querétaro,Planta,81-FRE,Frenos,857.33,1893,403,1490,4.7,Japón,QRO-CEL
2782,2026-05-25,2026-06-06,2026,5,1,12,0,0,235.8,3462.75,14.69,Corregidora,Distribuidor,27-ARN,Arneses,1335.52,4511,497,4014,9.08,China,QRO-SJR
2783,2025-02-07,2025-02-09,2025,2,5,2,0,0,206.9,4089.76,19.77,El Marqués,Taller,12-ARN,Arneses,4577.37,1662,429,1233,3.87,Alemania,QRO-SLP
2784,2022-09-19,2022-09-23,2022,9,1,4,1,1,118.3,1092.97,9.24,Querétaro,Planta,18-ELE,Electrónica,3808.96,3955,122,3833,32.42,China,QRO-SLP
2785,2023-10-18,2023-10-26,2023,10,3,8,1,5,190.1,2663.28,14.01,San Juan del Río,Planta,15-SEN,Sensores,4743.16,142,448,-306,0.32,Alemania,QRO-SLP
2786,2026-03-14,2026-03-16,2026,3,6,2,0,0,110.4,1744.05,15.8,Celaya,Planta,1-ELE,Electrónica,4919.31,1189,945,244,1.26,Japón,QRO-MQZ
2787,2022-02-16,2022-02-20,2022,2,3,4,1,1,56.2,464.35,8.26,Querétaro,Tier1,74-SUS,Suspensión,4557.16,415,619,-204,0.67,Japón,QRO-SJR
2788,2023-01-05,2023-01-07,2023,1,4,2,0,0,254.9,4999.29,19.61,San Luis Potosí,Distribuidor,58-ELE,Electrónica,2903.09,691,258,433,2.68,USA,QRO-SLP
2789,2021-05-09,2021-05-10,2021,5,0,1,0,0,30.7,447.34,14.57,San Juan del Río,Planta,61-FRE,Frenos,2992.6,2417,256,2161,9.44,USA,QRO-CEL
2790,2024-12-24,2024-12-29,2024,12,2,5,1,2,340.9,4702.99,13.8,San Luis Potosí,Tier1,82-ARN,Arneses,1708.12,766,973,-207,0.79,México,QRO-CEL
2791,2024-09-07,2024-09-14,2024,9,6,7,1,4,46.9,487.88,10.4,Celaya,Tier1,55-ELE,Electrónica,4107.15,2573,998,1575,2.58,Alemania,QRO-SJR
2792,2021-10-20,2021-10-26,2021,10,3,6,1,3,77.8,1406.6,18.08,León,Tier1,74-SEN,Sensores,3564.35,956,699,257,1.37,Alemania,QRO-MQZ
2793,2026-04-19,2026-04-23,2026,4,0,4,1,1,273.5,5121.69,18.73,Querétaro,Tier1,66-SUS,Suspensión,3813.62,870,354,516,2.46,China,QRO-SJR
2794,2025-02-14,2025-02-20,2025,2,5,6,1,3,251.5,2433.94,9.68,Celaya,Tier1,62-SEN,Sensores,61.64,976,325,651,3,México,QRO-CEL
2795,2026-05-25,2026-05-31,2026,5,1,6,0,0,320.8,3582.32,11.17,Celaya,Planta,54-SEN,Sensores,2229.64,971,924,47,1.05,México,QRO-MQZ
2796,2026-05-18,2026-05-27,2026,5,1,9,1,4,343,4258.51,12.42,El Marqués,Planta,39-SEN,Sensores,905.02,4748,901,3847,5.27,México,QRO-CEL
2797,2026-05-18,2026-06-01,2026,5,1,14,1,4,99,1661.5,16.78,Celaya,Distribuidor,20-SUS,Suspensión,1687.63,629,800,-171,0.79,Japón,QRO-MQZ
2798,2026-05-07,2026-05-30,2026,5,4,23,1,15,129.1,2561.08,19.84,Corregidora,Planta,53-ELE,Electrónica,2503.62,2992,933,2059,3.21,Alemania,QRO-MQZ
2799,2026-05-03,2026-05-28,2026,5,0,25,1,19,140.8,2072.68,14.72,Corregidora,Planta,19-ELE,Electrónica,3029.39,2447,372,2075,6.58,México,QRO-MQZ
2800,2023-02-19,2023-02-22,2023,2,0,3,0,0,179.4,2780.41,15.5,San Juan del Río,Taller,77-SUS,Suspensión,2408.66,2567,263,2304,9.76,USA,QRO-SLP
2801,2026-05-24,2026-06-02,2026,5,0,9,0,0,12.5,142.54,11.4,San Luis Potosí,Tier1,34-SUS,Suspensión,3433.34,3403,155,3248,21.95,Alemania,QRO-SLP
2802,2026-04-29,2026-04-30,2026,4,3,1,0,0,290.2,3732.44,12.86,San Juan del Río,Planta,64-SEN,Sensores,4961.2,4001,258,3743,15.51,Alemania,QRO-CEL
2803,2024-09-14,2024-09-17,2024,9,6,3,0,0,152.9,2893.11,18.92,Querétaro,Tier1,59-SEN,Sensores,627.84,3969,671,3298,5.92,USA,QRO-SLP
2804,2021-06-07,2021-06-12,2021,6,1,5,1,2,311,5761.06,18.52,Querétaro,Planta,20-SEN,Sensores,595.92,674,866,-192,0.78,Japón,QRO-SJR
2805,2025-03-22,2025-03-29,2025,3,6,7,1,4,224.9,2461.55,10.95,El Marqués,Tier1,53-FRE,Frenos,818.13,4754,550,4204,8.64,USA,QRO-MQZ
2806,2026-05-14,2026-06-01,2026,5,4,18,1,8,126.7,1731.77,13.67,Corregidora,Planta,85-SEN,Sensores,1521.2,2920,544,2376,5.37,Japón,QRO-SJR
2807,2025-08-17,2025-08-25,2025,8,0,8,1,5,305.7,5572.55,18.23,León,Planta,30-ARN,Arneses,1865.58,2831,105,2726,26.96,China,QRO-SLP
2808,2022-05-23,2022-05-25,2022,5,1,2,0,0,113.3,1595,14.08,San Luis Potosí,Tier1,23-SUS,Suspensión,3508.58,2134,799,1335,2.67,Japón,QRO-CEL
2809,2026-05-16,2026-05-31,2026,5,6,15,1,6,225.3,2875.31,12.76,Querétaro,Distribuidor,30-ARN,Arneses,1865.58,2831,105,2726,26.96,Japón,QRO-CEL
2810,2026-05-22,2026-05-30,2026,5,5,8,0,0,139.6,2254.66,16.15,Corregidora,Taller,8-ARN,Arneses,3605.24,2185,615,1570,3.55,China,QRO-MQZ
2811,2025-06-15,2025-06-20,2025,6,0,5,1,2,105.9,1185.05,11.19,Querétaro,Tier1,96-ELE,Electrónica,4610.48,3616,228,3388,15.86,Japón,QRO-SJR
2812,2025-05-01,2025-05-08,2025,5,4,7,1,4,276.5,2390.67,8.65,San Juan del Río,Tier1,9-ARN,Arneses,1971.31,2328,930,1398,2.5,México,QRO-SLP
2813,2023-06-01,2023-06-09,2023,6,4,8,1,5,264.8,4006.41,15.13,León,Taller,96-ELE,Electrónica,4610.48,3616,228,3388,15.86,USA,QRO-SJR
2814,2023-12-27,2024-01-03,2023,12,3,7,1,4,121.1,1942.76,16.04,Corregidora,Planta,72-ARN,Arneses,3783.02,2196,705,1491,3.11,Alemania,QRO-SJR
2815,2021-02-16,2021-02-18,2021,2,2,2,0,0,96.6,905,9.37,León,Tier1,66-SEN,Sensores,2796.85,2735,811,1924,3.37,USA,QRO-SJR
2816,2026-02-21,2026-02-24,2026,2,6,3,0,0,326.6,5472.42,16.76,Celaya,Planta,63-ELE,Electrónica,3510.2,1454,755,699,1.93,Japón,QRO-MQZ
2817,2024-07-29,2024-07-31,2024,7,1,2,0,0,33.1,509.17,15.38,El Marqués,Taller,21-ELE,Electrónica,2331.02,422,893,-471,0.47,China,QRO-MQZ
2818,2026-05-22,2026-05-29,2026,5,5,7,0,0,123.5,1002.04,8.11,Corregidora,Tier1,82-SUS,Suspensión,998.09,2299,178,2121,12.92,USA,QRO-CEL
2819,2021-02-01,2021-02-05,2021,2,1,4,1,1,282.9,3173.6,11.22,San Juan del Río,Taller,81-ELE,Electrónica,140.61,1480,170,1310,8.71,China,QRO-SJR
2820,2024-09-26,2024-09-29,2024,9,4,3,0,0,112.5,1218.6,10.83,León,Taller,14-ARN,Arneses,4946.12,2364,110,2254,21.49,China,QRO-SJR
2821,2026-05-15,2026-05-29,2026,5,5,14,1,7,83.5,822.54,9.85,Celaya,Tier1,82-ARN,Arneses,1708.12,766,973,-207,0.79,Alemania,QRO-SLP
2822,2023-11-05,2023-11-13,2023,11,0,8,1,5,148.8,2638.33,17.73,El Marqués,Taller,60-ARN,Arneses,4406.3,1,551,-550,0,México,QRO-SLP
2823,2023-02-14,2023-02-16,2023,2,2,2,0,0,160.7,2726.25,16.96,Querétaro,Tier1,18-ELE,Electrónica,3808.96,3955,122,3833,32.42,Japón,QRO-CEL
2824,2024-10-21,2024-10-28,2024,10,1,7,1,4,205.4,1936.35,9.43,Celaya,Planta,54-ARN,Arneses,3425.08,4574,874,3700,5.23,Japón,QRO-SJR
2825,2022-01-09,2022-01-12,2022,1,0,3,0,0,254.8,4705.81,18.47,San Juan del Río,Planta,3-ARN,Arneses,4070.75,2695,779,1916,3.46,China,QRO-SLP
2826,2026-05-13,2026-05-28,2026,5,3,15,1,9,232.8,3529.41,15.16,Celaya,Planta,45-SUS,Suspensión,2909.13,3021,431,2590,7.01,USA,QRO-SLP
2827,2022-03-06,2022-03-09,2022,3,0,3,0,0,144.8,2043,14.11,Corregidora,Distribuidor,84-FRE,Frenos,3127.21,853,327,526,2.61,México,QRO-CEL
2828,2026-01-15,2026-01-19,2026,1,4,4,1,1,288.7,4705.18,16.3,El Marqués,Tier1,76-FRE,Frenos,3738.99,1682,676,1006,2.49,Japón,QRO-MQZ
2829,2024-05-13,2024-05-17,2024,5,1,4,1,1,116.2,955.91,8.23,Querétaro,Tier1,58-SUS,Suspensión,1458.38,4972,879,4093,5.66,Japón,QRO-SJR
2830,2022-05-02,2022-05-08,2022,5,1,6,1,3,287.6,4013.08,13.95,San Luis Potosí,Tier1,73-ELE,Electrónica,2426.23,644,258,386,2.5,China,QRO-SJR
2831,2023-09-24,2023-10-02,2023,9,0,8,1,5,205.4,2028.68,9.88,San Luis Potosí,Tier1,57-FRE,Frenos,1434.88,3059,113,2946,27.07,Japón,QRO-SJR
2832,2025-08-25,2025-09-01,2025,8,1,7,1,4,11.7,114.33,9.77,San Luis Potosí,Tier1,42-SEN,Sensores,534.52,117,157,-40,0.75,China,QRO-CEL
2833,2026-05-11,2026-05-25,2026,5,1,14,1,11,98.6,1730.7,17.55,Querétaro,Tier1,84-SUS,Suspensión,3111.43,4098,547,3551,7.49,Japón,QRO-CEL
2834,2026-05-21,2026-05-29,2026,5,4,8,1,1,174.2,2875.87,16.51,León,Tier1,44-ARN,Arneses,4310.1,1228,335,893,3.67,Alemania,QRO-SLP
2835,2026-05-04,2026-05-08,2026,5,1,4,1,1,97.6,1871.18,19.17,Querétaro,Distribuidor,32-FRE,Frenos,1130.95,2420,760,1660,3.18,China,QRO-SLP
2836,2022-03-17,2022-03-18,2022,3,4,1,0,0,105.5,1748.86,16.58,San Juan del Río,Tier1,31-ARN,Arneses,3016.79,2221,601,1620,3.7,China,QRO-CEL
2837,2026-05-10,2026-05-31,2026,5,0,21,1,12,259.5,3554.74,13.7,Celaya,Tier1,39-SEN,Sensores,905.02,4748,901,3847,5.27,Alemania,QRO-SJR
2838,2022-05-23,2022-05-31,2022,5,1,8,1,5,257.3,4929.22,19.16,Corregidora,Distribuidor,20-ARN,Arneses,1779.81,1862,979,883,1.9,Alemania,QRO-SJR
2839,2026-05-19,2026-05-27,2026,5,2,8,1,3,49.9,828.93,16.61,León,Tier1,95-SEN,Sensores,3843.72,3856,664,3192,5.81,Japón,QRO-SLP
2840,2024-04-24,2024-05-01,2024,4,3,7,1,4,96.6,793.62,8.22,El Marqués,Planta,53-SEN,Sensores,2001.95,4699,843,3856,5.57,China,QRO-CEL
2841,2023-03-23,2023-03-31,2023,3,4,8,1,5,178.3,2558.91,14.35,Querétaro,Tier1,59-ARN,Arneses,757.6,2440,393,2047,6.21,USA,QRO-CEL
2842,2026-05-09,2026-06-01,2026,5,6,23,1,13,305.4,5608.85,18.37,El Marqués,Tier1,24-FRE,Frenos,3167.6,1248,407,841,3.07,USA,QRO-CEL
2843,2025-10-01,2025-10-02,2025,10,3,1,0,0,27.7,257.86,9.31,El Marqués,Planta,40-ARN,Arneses,288.05,1674,857,817,1.95,USA,QRO-SLP
2844,2026-05-04,2026-05-30,2026,5,1,26,1,18,200.8,3263.59,16.25,San Luis Potosí,Tier1,20-SEN,Sensores,595.92,674,866,-192,0.78,China,QRO-SLP
2845,2026-03-07,2026-03-09,2026,3,6,2,0,0,161.3,2666.07,16.53,San Luis Potosí,Taller,1-ARN,Arneses,3422.68,3382,224,3158,15.1,Alemania,QRO-SJR
2846,2021-11-12,2021-11-17,2021,11,5,5,1,2,286.7,3460.98,12.07,San Luis Potosí,Tier1,96-SEN,Sensores,4971.73,4377,915,3462,4.78,China,QRO-CEL
2847,2023-05-08,2023-05-11,2023,5,1,3,0,0,234.8,2374.33,10.11,El Marqués,Taller,92-SEN,Sensores,4469.2,3130,154,2976,20.32,México,QRO-CEL
2848,2023-08-20,2023-08-27,2023,8,0,7,1,4,89.1,1552.32,17.42,León,Tier1,86-ELE,Electrónica,4667.98,3468,649,2819,5.34,México,QRO-SJR
2849,2023-11-30,2023-12-03,2023,11,4,3,0,0,310,2480.3,8,San Luis Potosí,Taller,13-SEN,Sensores,1929.65,2670,406,2264,6.58,Alemania,QRO-MQZ
2850,2021-06-19,2021-06-25,2021,6,6,6,1,3,85.1,1099.2,12.92,Corregidora,Distribuidor,57-ELE,Electrónica,4825.73,3798,194,3604,19.58,China,QRO-SLP
2851,2024-09-24,2024-09-30,2024,9,2,6,1,3,258.2,2159.83,8.36,Querétaro,Planta,17-ELE,Electrónica,2928.48,3082,652,2430,4.73,China,QRO-SLP
2852,2026-05-17,2026-06-01,2026,5,0,15,1,5,59.2,1019.32,17.22,León,Tier1,26-ELE,Electrónica,922.82,3095,331,2764,9.35,México,QRO-CEL
2853,2022-11-11,2022-11-14,2022,11,5,3,0,0,289.2,3589.61,12.41,Querétaro,Planta,32-ARN,Arneses,1534.06,183,367,-184,0.5,China,QRO-SJR
2854,2026-05-16,2026-05-25,2026,5,6,9,1,6,333.3,5094.05,15.28,San Juan del Río,Taller,86-SUS,Suspensión,1070.24,3068,901,2167,3.41,China,QRO-SJR
2855,2026-05-13,2026-05-26,2026,5,3,13,1,9,93.9,787.16,8.38,Querétaro,Planta,2-SEN,Sensores,600.41,659,569,90,1.16,USA,QRO-SJR
2856,2026-01-03,2026-01-06,2026,1,6,3,0,0,149.3,1298.94,8.7,El Marqués,Taller,23-ELE,Electrónica,1997.95,1627,354,1273,4.6,México,QRO-CEL
2857,2026-05-08,2026-05-30,2026,5,5,22,1,14,117.1,1424.06,12.16,Querétaro,Tier1,88-SEN,Sensores,674.64,467,107,360,4.36,China,QRO-CEL
2858,2023-02-26,2023-03-02,2023,2,0,4,1,1,95,1327.38,13.97,Celaya,Planta,98-ELE,Electrónica,2480.68,142,273,-131,0.52,México,QRO-MQZ
2859,2024-05-12,2024-05-19,2024,5,0,7,1,4,240.2,2512.28,10.46,Querétaro,Tier1,89-SUS,Suspensión,3420.66,3727,958,2769,3.89,China,QRO-CEL
2860,2025-03-28,2025-04-01,2025,3,5,4,1,1,31.1,322.37,10.37,San Luis Potosí,Tier1,99-SUS,Suspensión,1768.31,3450,251,3199,13.75,Japón,QRO-SLP
2861,2026-05-10,2026-05-26,2026,5,0,16,1,12,105.1,1046.73,9.96,León,Tier1,2-ARN,Arneses,3272.1,4817,709,4108,6.79,China,QRO-CEL
2862,2026-05-12,2026-05-27,2026,5,2,15,1,10,269,4420.02,16.43,Corregidora,Tier1,63-FRE,Frenos,2548.55,2094,709,1385,2.95,México,QRO-SLP
2863,2021-05-01,2021-05-04,2021,5,6,3,0,0,138.8,1893.01,13.64,Querétaro,Distribuidor,73-ELE,Electrónica,2426.23,644,258,386,2.5,Japón,QRO-CEL
2864,2025-06-11,2025-06-18,2025,6,3,7,1,4,58.7,1137.99,19.39,Corregidora,Tier1,34-SUS,Suspensión,3433.34,3403,155,3248,21.95,Alemania,QRO-MQZ
2865,2024-03-16,2024-03-24,2024,3,6,8,1,5,133.6,1958.1,14.66,León,Tier1,87-SEN,Sensores,1243.01,2731,878,1853,3.11,Japón,QRO-MQZ
2866,2024-05-08,2024-05-15,2024,5,3,7,1,4,328.8,3226.07,9.81,Querétaro,Taller,78-SEN,Sensores,1084.74,2183,681,1502,3.21,USA,QRO-SLP
2867,2023-03-07,2023-03-13,2023,3,2,6,1,3,238.6,2747.91,11.52,Celaya,Tier1,34-SUS,Suspensión,3433.34,3403,155,3248,21.95,Alemania,QRO-CEL
2868,2026-03-18,2026-03-24,2026,3,3,6,1,3,125.6,1273.46,10.14,León,Planta,24-SEN,Sensores,2113.06,4735,936,3799,5.06,USA,QRO-MQZ
2869,2024-01-13,2024-01-17,2024,1,6,4,1,1,109.8,1743.16,15.88,León,Taller,42-FRE,Frenos,4554.59,2399,529,1870,4.53,China,QRO-SJR
2870,2022-05-17,2022-05-25,2022,5,2,8,1,5,109.3,1616.11,14.79,León,Tier1,85-SEN,Sensores,1521.2,2920,544,2376,5.37,China,QRO-SJR
2871,2025-07-20,2025-07-21,2025,7,0,1,0,0,270.4,2680.03,9.91,El Marqués,Taller,74-FRE,Frenos,4844.7,4945,375,4570,13.19,China,QRO-MQZ
2872,2024-12-06,2024-12-10,2024,12,5,4,1,1,292.1,3756.19,12.86,Corregidora,Tier1,58-SUS,Suspensión,1458.38,4972,879,4093,5.66,USA,QRO-MQZ
2873,2024-03-21,2024-03-27,2024,3,4,6,1,3,128.2,1949.27,15.2,San Juan del Río,Planta,84-SEN,Sensores,3879.48,1645,209,1436,7.87,México,QRO-SLP
2874,2026-01-20,2026-01-24,2026,1,2,4,1,1,214.5,3634.57,16.94,Celaya,Distribuidor,78-ARN,Arneses,3156.74,4864,828,4036,5.87,USA,QRO-MQZ
2875,2023-09-03,2023-09-04,2023,9,0,1,0,0,239.7,3389.16,14.14,Querétaro,Tier1,80-FRE,Frenos,1456.89,1654,528,1126,3.13,Alemania,QRO-CEL
2876,2022-05-15,2022-05-20,2022,5,0,5,1,2,89.9,1481.52,16.48,Corregidora,Planta,93-SUS,Suspensión,251.29,694,704,-10,0.99,Alemania,QRO-MQZ
2877,2025-05-29,2025-06-06,2025,5,4,8,1,5,141.4,1802.12,12.74,León,Taller,51-ARN,Arneses,2205.11,3816,443,3373,8.61,China,QRO-MQZ
2878,2023-06-26,2023-06-27,2023,6,1,1,0,0,295.9,2816.54,9.52,Corregidora,Tier1,74-ARN,Arneses,1238.29,2950,908,2042,3.25,USA,QRO-CEL
2879,2026-05-22,2026-05-31,2026,5,5,9,0,0,193,3025,15.67,León,Tier1,13-SEN,Sensores,1929.65,2670,406,2264,6.58,Alemania,QRO-SLP
2880,2026-05-08,2026-05-27,2026,5,5,19,1,14,224.9,2700.07,12.01,El Marqués,Taller,71-FRE,Frenos,3409.21,2240,727,1513,3.08,México,QRO-SLP
2881,2025-06-04,2025-06-12,2025,6,3,8,1,5,171.8,2589.22,15.07,Corregidora,Distribuidor,66-ARN,Arneses,3511.95,1519,764,755,1.99,Alemania,QRO-SJR
2882,2025-09-21,2025-09-23,2025,9,0,2,0,0,277.6,3611.37,13.01,León,Taller,70-SUS,Suspensión,3232.39,1824,203,1621,8.99,Alemania,QRO-CEL
2883,2024-11-10,2024-11-12,2024,11,0,2,0,0,134.3,1686.65,12.56,Celaya,Distribuidor,27-SEN,Sensores,2154.77,2124,891,1233,2.38,Japón,QRO-CEL
2884,2022-02-02,2022-02-10,2022,2,3,8,1,5,186.7,1948.86,10.44,San Juan del Río,Planta,27-SUS,Suspensión,4748.31,2962,518,2444,5.72,USA,QRO-MQZ
2885,2022-01-25,2022-02-01,2022,1,2,7,1,4,248.4,3712.87,14.95,Querétaro,Distribuidor,31-FRE,Frenos,259.79,2493,478,2015,5.22,China,QRO-CEL
2886,2021-09-08,2021-09-15,2021,9,3,7,1,4,167.3,1511.61,9.04,Querétaro,Distribuidor,69-FRE,Frenos,186.87,4709,419,4290,11.24,Japón,QRO-MQZ
2887,2026-01-20,2026-01-27,2026,1,2,7,1,4,106.3,942.5,8.87,León,Taller,1-FRE,Frenos,233.71,1282,783,499,1.64,México,QRO-CEL
2888,2023-10-05,2023-10-09,2023,10,4,4,1,1,345.7,6448.39,18.65,Corregidora,Tier1,48-ELE,Electrónica,2929.89,2314,767,1547,3.02,México,QRO-MQZ
2889,2022-10-15,2022-10-17,2022,10,6,2,0,0,256.8,3271.59,12.74,Corregidora,Planta,98-ELE,Electrónica,2480.68,142,273,-131,0.52,Japón,QRO-MQZ
2890,2022-10-04,2022-10-11,2022,10,2,7,1,4,333.3,5300.72,15.9,León,Planta,53-SUS,Suspensión,2062.9,3440,719,2721,4.78,Japón,QRO-MQZ
2891,2025-09-02,2025-09-05,2025,9,2,3,0,0,37.4,394.93,10.56,San Juan del Río,Taller,39-FRE,Frenos,1372.38,2726,706,2020,3.86,Japón,QRO-MQZ
2892,2025-10-20,2025-10-28,2025,10,1,8,1,5,194.2,3439.54,17.71,Celaya,Distribuidor,62-ARN,Arneses,3503.43,704,326,378,2.16,México,QRO-CEL
2893,2021-12-06,2021-12-12,2021,12,1,6,1,3,24.3,234.85,9.66,San Luis Potosí,Tier1,91-ELE,Electrónica,4015.73,261,463,-202,0.56,China,QRO-SLP
2894,2024-12-31,2025-01-06,2024,12,2,6,1,3,252.2,3903.08,15.48,Querétaro,Planta,19-FRE,Frenos,2228.63,130,180,-50,0.72,China,QRO-CEL
2895,2023-12-24,2023-12-30,2023,12,0,6,1,3,220.1,3992.13,18.14,San Juan del Río,Tier1,34-SEN,Sensores,1520,3930,432,3498,9.1,Japón,QRO-SJR
2896,2021-09-24,2021-09-27,2021,9,5,3,0,0,214.5,3226.62,15.04,Celaya,Planta,27-FRE,Frenos,4045.05,2920,947,1973,3.08,China,QRO-SJR
2897,2026-05-09,2026-05-29,2026,5,6,20,1,13,127.9,1511.47,11.82,León,Tier1,22-SEN,Sensores,4518.66,3974,785,3189,5.06,Japón,QRO-SLP
2898,2021-01-22,2021-01-24,2021,1,5,2,0,0,259,4287.7,16.55,San Juan del Río,Planta,56-ELE,Electrónica,4660.32,2448,510,1938,4.8,China,QRO-SJR
2899,2025-02-27,2025-03-05,2025,2,4,6,1,3,114.7,1549,13.5,San Luis Potosí,Planta,60-SEN,Sensores,4618.25,4938,354,4584,13.95,China,QRO-SJR
2900,2025-05-29,2025-06-05,2025,5,4,7,1,4,319.6,4166.2,13.04,León,Taller,26-SEN,Sensores,2283.16,2773,396,2377,7,México,QRO-CEL
2901,2022-03-04,2022-03-08,2022,3,5,4,1,1,275.1,3490.51,12.69,El Marqués,Tier1,100-FRE,Frenos,1719.07,4842,314,4528,15.42,Japón,QRO-MQZ
2902,2024-07-20,2024-07-28,2024,7,6,8,1,5,212.5,1984.46,9.34,Celaya,Taller,42-SEN,Sensores,534.52,117,157,-40,0.75,China,QRO-SJR
2903,2026-04-18,2026-04-25,2026,4,6,7,1,4,297.5,4044.63,13.6,San Luis Potosí,Tier1,76-SEN,Sensores,3690.33,3173,898,2275,3.53,USA,QRO-SLP
2904,2021-06-26,2021-06-30,2021,6,6,4,1,1,16.7,333.39,19.96,El Marqués,Planta,38-ELE,Electrónica,2360.54,3797,195,3602,19.47,USA,QRO-MQZ
2905,2026-04-25,2026-05-02,2026,4,6,7,1,4,329.3,4028.07,12.23,Querétaro,Planta,2-SEN,Sensores,600.41,659,569,90,1.16,China,QRO-MQZ
2906,2023-10-18,2023-10-20,2023,10,3,2,0,0,264.1,4935.94,18.69,Querétaro,Distribuidor,37-ELE,Electrónica,3241.13,791,710,81,1.11,Japón,QRO-SLP
2907,2026-05-22,2026-05-27,2026,5,5,5,0,0,202.9,3948.01,19.46,León,Taller,60-SUS,Suspensión,2653.99,2128,369,1759,5.77,China,QRO-SJR
2908,2026-05-22,2026-06-03,2026,5,5,12,0,0,262.8,4420.75,16.82,San Juan del Río,Taller,48-SEN,Sensores,2080.46,31,818,-787,0.04,China,QRO-MQZ
2909,2021-07-26,2021-07-29,2021,7,1,3,0,0,24.9,444.13,17.84,Celaya,Planta,68-ELE,Electrónica,428.16,3609,688,2921,5.25,USA,QRO-MQZ
2910,2022-03-22,2022-03-28,2022,3,2,6,1,3,66.6,667.74,10.03,León,Taller,67-SUS,Suspensión,2907.17,4550,308,4242,14.77,Alemania,QRO-CEL
2911,2021-07-27,2021-07-31,2021,7,2,4,1,1,289.3,3866.61,13.37,León,Tier1,43-SEN,Sensores,2429.63,4819,141,4678,34.18,China,QRO-MQZ
2912,2023-11-18,2023-11-19,2023,11,6,1,0,0,135,2167.92,16.06,Corregidora,Distribuidor,95-SUS,Suspensión,1566.72,4477,675,3802,6.63,Japón,QRO-SJR
2913,2025-03-15,2025-03-16,2025,3,6,1,0,0,188.9,1559.78,8.26,Celaya,Planta,53-SUS,Suspensión,2062.9,3440,719,2721,4.78,Alemania,QRO-MQZ
2914,2026-05-19,2026-06-01,2026,5,2,13,1,3,286,4516.64,15.79,San Juan del Río,Taller,65-SEN,Sensores,3356.68,3642,308,3334,11.82,China,QRO-SJR
2915,2025-02-27,2025-03-02,2025,2,4,3,0,0,151.9,1471.23,9.69,San Juan del Río,Taller,43-SUS,Suspensión,2851.8,2949,285,2664,10.35,Japón,QRO-MQZ
2916,2025-02-03,2025-02-09,2025,2,1,6,1,3,281.5,2695.25,9.57,León,Tier1,97-FRE,Frenos,4200.07,1145,962,183,1.19,México,QRO-SLP
2917,2024-03-16,2024-03-21,2024,3,6,5,1,2,36.4,669.98,18.41,Corregidora,Planta,25-SUS,Suspensión,2863.6,1207,249,958,4.85,China,QRO-SLP
2918,2026-05-06,2026-05-31,2026,5,3,25,1,16,26.5,358.84,13.54,San Luis Potosí,Planta,93-SUS,Suspensión,251.29,694,704,-10,0.99,México,QRO-CEL
2919,2021-09-10,2021-09-18,2021,9,5,8,1,5,89.7,990.44,11.04,Corregidora,Distribuidor,96-ELE,Electrónica,4610.48,3616,228,3388,15.86,Alemania,QRO-SJR
2920,2022-08-07,2022-08-09,2022,8,0,2,0,0,291.1,4181.06,14.36,San Luis Potosí,Tier1,9-SUS,Suspensión,3312.62,269,343,-74,0.78,Alemania,QRO-CEL
2921,2024-03-14,2024-03-18,2024,3,4,4,1,1,257.7,3766.53,14.62,Querétaro,Tier1,3-SUS,Suspensión,3159.17,1739,584,1155,2.98,China,QRO-SLP
2922,2026-05-25,2026-06-04,2026,5,1,10,0,0,196.1,3656.06,18.64,Corregidora,Distribuidor,52-SEN,Sensores,2701.62,2240,729,1511,3.07,Japón,QRO-MQZ
2923,2021-08-24,2021-08-28,2021,8,2,4,1,1,301.1,3920.16,13.02,Querétaro,Taller,84-SUS,Suspensión,3111.43,4098,547,3551,7.49,Alemania,QRO-MQZ
2924,2021-06-23,2021-06-30,2021,6,3,7,1,4,23.3,325.31,13.96,El Marqués,Tier1,4-FRE,Frenos,2773.92,2500,334,2166,7.49,Alemania,QRO-CEL
2925,2026-05-20,2026-06-04,2026,5,3,15,1,2,121.3,1900.27,15.67,San Luis Potosí,Planta,38-ELE,Electrónica,2360.54,3797,195,3602,19.47,México,QRO-SJR
2926,2022-07-22,2022-07-24,2022,7,5,2,0,0,192.1,3766.8,19.61,El Marqués,Tier1,8-SUS,Suspensión,926.42,4541,250,4291,18.16,China,QRO-SJR
2927,2021-07-09,2021-07-11,2021,7,5,2,0,0,53.4,892.26,16.71,León,Tier1,1-FRE,Frenos,233.71,1282,783,499,1.64,Japón,QRO-SLP
2928,2025-02-08,2025-02-11,2025,2,6,3,0,0,211.9,2435.79,11.49,Corregidora,Tier1,34-ARN,Arneses,4771.65,2699,606,2093,4.45,México,QRO-CEL
2929,2026-05-19,2026-05-30,2026,5,2,11,1,3,198.9,3720.29,18.7,San Juan del Río,Planta,54-SUS,Suspensión,456.95,529,846,-317,0.63,China,QRO-MQZ
2930,2026-05-14,2026-05-25,2026,5,4,11,1,8,152.5,2371.84,15.55,El Marqués,Tier1,82-SUS,Suspensión,998.09,2299,178,2121,12.92,Alemania,QRO-MQZ
2931,2021-10-11,2021-10-13,2021,10,1,2,0,0,206,3930.26,19.08,San Juan del Río,Tier1,67-ELE,Electrónica,2438.18,3104,587,2517,5.29,Japón,QRO-CEL
2932,2025-12-15,2025-12-22,2025,12,1,7,1,4,107.9,1586.9,14.71,León,Planta,35-ARN,Arneses,3574.66,2983,906,2077,3.29,China,QRO-SLP
2933,2026-04-11,2026-04-14,2026,4,6,3,0,0,142.5,2548.61,17.88,Querétaro,Distribuidor,59-FRE,Frenos,254.95,2883,557,2326,5.18,China,QRO-SJR
2934,2026-05-15,2026-05-28,2026,5,5,13,1,7,53,651.69,12.3,San Juan del Río,Tier1,90-ARN,Arneses,2855.44,3929,856,3073,4.59,México,QRO-SLP
2935,2026-05-20,2026-05-25,2026,5,3,5,1,2,274,3043.29,11.11,Celaya,Distribuidor,75-SUS,Suspensión,269.17,1657,967,690,1.71,Alemania,QRO-SJR
2936,2024-05-30,2024-06-07,2024,5,4,8,1,5,176,3411.87,19.39,León,Planta,26-FRE,Frenos,4994.24,4421,624,3797,7.08,México,QRO-MQZ
2937,2026-05-13,2026-05-25,2026,5,3,12,1,9,122.9,1141.68,9.29,Querétaro,Tier1,80-SEN,Sensores,4961.03,2089,880,1209,2.37,Alemania,QRO-CEL
2938,2022-02-17,2022-02-25,2022,2,4,8,1,5,95.5,899.17,9.42,León,Planta,87-SEN,Sensores,1243.01,2731,878,1853,3.11,Japón,QRO-SLP
2939,2021-06-16,2021-06-17,2021,6,3,1,0,0,319.9,5363.15,16.77,Corregidora,Distribuidor,21-SUS,Suspensión,3922.67,482,217,265,2.22,China,QRO-SJR
2940,2021-04-12,2021-04-19,2021,4,1,7,1,4,121.4,2378.1,19.59,San Luis Potosí,Tier1,10-ELE,Electrónica,3951.78,1728,872,856,1.98,USA,QRO-SLP
2941,2025-04-15,2025-04-16,2025,4,2,1,0,0,107.1,1577.29,14.73,San Luis Potosí,Tier1,8-ELE,Electrónica,1771.55,3926,741,3185,5.3,China,QRO-CEL
2942,2026-05-22,2026-06-03,2026,5,5,12,0,0,69.3,1165.82,16.82,Corregidora,Distribuidor,50-SUS,Suspensión,1449.41,272,798,-526,0.34,China,QRO-MQZ
2943,2021-03-27,2021-04-04,2021,3,6,8,1,5,247.3,3229.36,13.06,San Luis Potosí,Tier1,21-ARN,Arneses,2688.88,472,527,-55,0.9,China,QRO-CEL
2944,2026-05-22,2026-06-01,2026,5,5,10,0,0,227.6,2971.12,13.05,El Marqués,Distribuidor,2-SUS,Suspensión,2244.37,1376,919,457,1.5,China,QRO-SLP
2945,2024-12-01,2024-12-07,2024,12,0,6,1,3,244.2,2519.21,10.32,Querétaro,Tier1,82-ELE,Electrónica,4169.44,3032,267,2765,11.36,Japón,QRO-SLP
2946,2024-02-21,2024-02-23,2024,2,3,2,0,0,123,2291.36,18.63,Celaya,Distribuidor,41-SEN,Sensores,4243.67,4515,377,4138,11.98,México,QRO-SLP
2947,2026-02-18,2026-02-24,2026,2,3,6,1,3,41.1,583.21,14.19,San Luis Potosí,Planta,34-FRE,Frenos,1708.23,2340,807,1533,2.9,Japón,QRO-CEL
2948,2021-11-11,2021-11-12,2021,11,4,1,0,0,258.7,2592.8,10.02,León,Taller,65-SUS,Suspensión,3449.87,4345,595,3750,7.3,Japón,QRO-MQZ
2949,2026-05-19,2026-05-25,2026,5,2,6,1,3,185.1,2207.69,11.93,San Luis Potosí,Planta,67-ELE,Electrónica,2438.18,3104,587,2517,5.29,USA,QRO-MQZ
2950,2021-06-10,2021-06-16,2021,6,4,6,1,3,70.9,1344.08,18.96,El Marqués,Tier1,16-SUS,Suspensión,2880.89,356,123,233,2.89,México,QRO-SJR
2951,2022-03-22,2022-03-25,2022,3,2,3,0,0,186,3189.71,17.15,San Juan del Río,Planta,48-SEN,Sensores,2080.46,31,818,-787,0.04,USA,QRO-CEL
2952,2026-05-12,2026-05-26,2026,5,2,14,1,10,343,2934,8.55,León,Tier1,8-ARN,Arneses,3605.24,2185,615,1570,3.55,Alemania,QRO-CEL
2953,2026-05-09,2026-05-25,2026,5,6,16,1,13,136.6,2063.43,15.11,León,Tier1,31-ARN,Arneses,3016.79,2221,601,1620,3.7,México,QRO-MQZ
2954,2025-11-06,2025-11-10,2025,11,4,4,1,1,323,4094.17,12.68,San Juan del Río,Taller,2-SUS,Suspensión,2244.37,1376,919,457,1.5,Alemania,QRO-SLP
2955,2021-02-18,2021-02-23,2021,2,4,5,1,2,96.8,977.87,10.1,León,Tier1,74-ELE,Electrónica,4728.06,3772,558,3214,6.76,México,QRO-SLP
2956,2026-03-06,2026-03-11,2026,3,5,5,1,2,158.8,1580.59,9.95,Corregidora,Planta,98-ARN,Arneses,3240.05,314,373,-59,0.84,China,QRO-SJR
2957,2025-12-20,2025-12-28,2025,12,6,8,1,5,304.4,4522,14.86,Corregidora,Tier1,3-SEN,Sensores,523.6,1191,770,421,1.55,Japón,QRO-CEL
2958,2024-01-04,2024-01-07,2024,1,4,3,0,0,207.4,3759.83,18.13,León,Tier1,2-ELE,Electrónica,1189.72,3706,870,2836,4.26,Alemania,QRO-SJR
2959,2026-05-15,2026-05-29,2026,5,5,14,1,7,343.3,6393.47,18.62,San Luis Potosí,Tier1,40-SEN,Sensores,1730.14,4560,975,3585,4.68,China,QRO-MQZ
2960,2021-07-01,2021-07-02,2021,7,4,1,0,0,300.8,4899.99,16.29,Celaya,Distribuidor,100-FRE,Frenos,1719.07,4842,314,4528,15.42,México,QRO-CEL
2961,2026-05-17,2026-05-30,2026,5,0,13,1,5,339.9,6593.53,19.4,Querétaro,Tier1,13-ARN,Arneses,1454.25,4822,879,3943,5.49,Alemania,QRO-MQZ
2962,2021-04-19,2021-04-21,2021,4,1,2,0,0,232.1,2820.22,12.15,León,Taller,40-FRE,Frenos,351,1572,317,1255,4.96,Japón,QRO-CEL
2963,2025-03-03,2025-03-09,2025,3,1,6,1,3,209.5,2502.88,11.95,El Marqués,Planta,73-ELE,Electrónica,2426.23,644,258,386,2.5,Japón,QRO-CEL
2964,2026-05-09,2026-05-29,2026,5,6,20,1,13,64.7,726.41,11.23,El Marqués,Taller,97-FRE,Frenos,4200.07,1145,962,183,1.19,USA,QRO-SLP
2965,2022-01-08,2022-01-12,2022,1,6,4,1,1,60.4,964.48,15.97,León,Planta,16-FRE,Frenos,4639.47,4174,516,3658,8.09,Alemania,QRO-MQZ
2966,2024-08-25,2024-09-02,2024,8,0,8,1,5,318.2,4970.88,15.62,Querétaro,Taller,81-SUS,Suspensión,2394.84,4181,399,3782,10.48,USA,QRO-CEL
2967,2026-05-14,2026-05-26,2026,5,4,12,1,8,194.6,3882.95,19.95,Celaya,Tier1,51-ARN,Arneses,2205.11,3816,443,3373,8.61,Alemania,QRO-SLP
2968,2023-05-24,2023-05-26,2023,5,3,2,0,0,144.5,2171.19,15.03,León,Tier1,27-ARN,Arneses,1335.52,4511,497,4014,9.08,México,QRO-SLP
2969,2024-03-05,2024-03-09,2024,3,2,4,1,1,112.3,1538.34,13.7,Celaya,Distribuidor,82-SUS,Suspensión,998.09,2299,178,2121,12.92,Alemania,QRO-CEL
2970,2026-05-14,2026-05-29,2026,5,4,15,1,8,325.3,6444.66,19.81,Corregidora,Distribuidor,8-ARN,Arneses,3605.24,2185,615,1570,3.55,México,QRO-SLP
2971,2023-09-25,2023-10-03,2023,9,1,8,1,5,285.5,4409.66,15.45,Querétaro,Tier1,7-FRE,Frenos,3386.88,9,821,-812,0.01,USA,QRO-SLP
2972,2026-05-06,2026-05-29,2026,5,3,23,1,16,274.3,2558.66,9.33,San Luis Potosí,Taller,9-SEN,Sensores,3506.81,652,938,-286,0.7,Japón,QRO-MQZ
2973,2022-06-24,2022-06-27,2022,6,5,3,0,0,108.7,1066.84,9.81,Querétaro,Planta,78-SEN,Sensores,1084.74,2183,681,1502,3.21,Alemania,QRO-SLP
2974,2026-05-10,2026-05-31,2026,5,0,21,1,12,111.6,1229.04,11.01,Querétaro,Tier1,2-ARN,Arneses,3272.1,4817,709,4108,6.79,México,QRO-CEL
2975,2026-05-08,2026-05-13,2026,5,5,5,1,2,213.3,3254.98,15.26,San Juan del Río,Taller,31-FRE,Frenos,259.79,2493,478,2015,5.22,México,QRO-CEL
2976,2026-05-09,2026-05-27,2026,5,6,18,1,13,222.4,1824.28,8.2,San Juan del Río,Planta,36-SEN,Sensores,591.08,3132,264,2868,11.86,USA,QRO-MQZ
2977,2026-05-03,2026-06-01,2026,5,0,29,1,19,189.3,2202.42,11.63,El Marqués,Taller,38-SEN,Sensores,3074.64,1377,629,748,2.19,Japón,QRO-SJR
2978,2026-05-07,2026-05-29,2026,5,4,22,1,15,59.8,1149.82,19.23,Querétaro,Tier1,68-SEN,Sensores,3619.25,1156,733,423,1.58,Japón,QRO-SJR
2979,2021-05-03,2021-05-10,2021,5,1,7,1,4,152.4,1780.48,11.68,San Juan del Río,Planta,48-SUS,Suspensión,3762.52,1609,412,1197,3.91,China,QRO-MQZ
2980,2026-02-20,2026-02-28,2026,2,5,8,1,5,173.8,3052.87,17.57,Celaya,Distribuidor,66-ELE,Electrónica,1657.94,1756,172,1584,10.21,Japón,QRO-SJR
2981,2021-02-16,2021-02-21,2021,2,2,5,1,2,155.3,2896.67,18.65,San Luis Potosí,Planta,9-SUS,Suspensión,3312.62,269,343,-74,0.78,USA,QRO-SJR
2982,2023-01-03,2023-01-06,2023,1,2,3,0,0,91.1,830.03,9.11,San Luis Potosí,Tier1,62-SEN,Sensores,61.64,976,325,651,3,China,QRO-CEL
2983,2023-06-16,2023-06-22,2023,6,5,6,1,3,212.7,1918.09,9.02,San Juan del Río,Planta,93-SEN,Sensores,4236.96,1229,379,850,3.24,USA,QRO-MQZ
2984,2026-05-06,2026-05-14,2026,5,3,8,1,5,222.6,2446.17,10.99,San Luis Potosí,Tier1,43-FRE,Frenos,2378.13,401,657,-256,0.61,Japón,QRO-SJR
2985,2026-05-15,2026-05-31,2026,5,5,16,1,7,269.4,3896.17,14.46,Corregidora,Distribuidor,83-FRE,Frenos,4864.67,2926,560,2366,5.22,Alemania,QRO-CEL
2986,2025-09-24,2025-09-30,2025,9,3,6,1,3,140.5,1724.92,12.28,Celaya,Tier1,34-ELE,Electrónica,4829.03,4110,965,3145,4.26,México,QRO-MQZ
2987,2021-07-16,2021-07-24,2021,7,5,8,1,5,269.2,2206.63,8.2,San Luis Potosí,Tier1,74-FRE,Frenos,4844.7,4945,375,4570,13.19,Alemania,QRO-MQZ
2988,2025-10-24,2025-11-01,2025,10,5,8,1,5,203,1832.27,9.03,San Juan del Río,Taller,7-FRE,Frenos,3386.88,9,821,-812,0.01,Japón,QRO-CEL
2989,2021-03-20,2021-03-22,2021,3,6,2,0,0,54.2,669.06,12.34,Celaya,Distribuidor,22-FRE,Frenos,473.66,3099,887,2212,3.49,USA,QRO-SLP
2990,2026-05-07,2026-05-27,2026,5,4,20,1,15,125.4,2290.49,18.27,León,Tier1,25-SUS,Suspensión,2863.6,1207,249,958,4.85,México,QRO-SJR
2991,2026-01-21,2026-01-24,2026,1,3,3,0,0,259,4528.09,17.48,Querétaro,Tier1,66-SEN,Sensores,2796.85,2735,811,1924,3.37,Japón,QRO-SJR
2992,2024-07-16,2024-07-22,2024,7,2,6,1,3,19.8,231.81,11.71,San Luis Potosí,Tier1,29-SEN,Sensores,3933.04,3258,672,2586,4.85,USA,QRO-SLP
2993,2025-05-08,2025-05-14,2025,5,4,6,1,3,336.6,6085.36,18.08,El Marqués,Tier1,3-ELE,Electrónica,4739.2,4636,173,4463,26.8,China,QRO-CEL
2994,2021-09-21,2021-09-28,2021,9,2,7,1,4,184.4,2293.52,12.44,Celaya,Tier1,72-FRE,Frenos,2982.1,4614,609,4005,7.58,México,QRO-CEL
2995,2022-01-29,2022-01-30,2022,1,6,1,0,0,36.4,517.23,14.21,San Juan del Río,Planta,7-SEN,Sensores,2046.46,1410,596,814,2.37,Japón,QRO-CEL
2996,2026-05-17,2026-05-30,2026,5,0,13,1,5,253.2,4116.68,16.26,Celaya,Planta,69-SUS,Suspensión,2311.07,1018,914,104,1.11,México,QRO-SJR
2997,2023-11-26,2023-12-01,2023,11,0,5,1,2,86.5,1702.25,19.68,San Luis Potosí,Distribuidor,58-SEN,Sensores,2617.63,4219,411,3808,10.27,Alemania,QRO-SLP
2998,2026-05-18,2026-05-29,2026,5,1,11,1,4,327.8,6116.72,18.66,San Juan del Río,Taller,79-ELE,Electrónica,359.85,133,141,-8,0.94,Japón,QRO-SJR
2999,2022-11-20,2022-11-24,2022,11,0,4,1,1,168.8,2941.15,17.42,El Marqués,Distribuidor,62-SUS,Suspensión,2758.99,4916,257,4659,19.13,Alemania,QRO-CEL
3000,2025-01-21,2025-01-27,2025,1,2,6,1,3,295.9,4351.25,14.71,Querétaro,Tier1,63-ARN,Arneses,1644.88,31,820,-789,0.04,Japón,QRO-CEL
3001,2021-07-31,2021-08-01,2021,7,6,1,0,0,327.1,3759.66,11.49,Corregidora,Distribuidor,79-ARN,Arneses,2822.38,3202,339,2863,9.45,USA,QRO-SLP
3002,2021-05-07,2021-05-11,2021,5,5,4,1,1,88,985.52,11.2,San Luis Potosí,Tier1,14-ARN,Arneses,4946.12,2364,110,2254,21.49,Alemania,QRO-MQZ
3003,2022-02-23,2022-02-25,2022,2,3,2,0,0,202,3019.69,14.95,San Juan del Río,Taller,71-FRE,Frenos,3409.21,2240,727,1513,3.08,Alemania,QRO-MQZ
3004,2023-05-18,2023-05-21,2023,5,4,3,0,0,346.2,4434.93,12.81,León,Tier1,72-SEN,Sensores,2907.83,4310,751,3559,5.74,Japón,QRO-SJR
3005,2021-08-18,2021-08-25,2021,8,3,7,1,4,285,5391.18,18.92,León,Tier1,58-ELE,Electrónica,2903.09,691,258,433,2.68,USA,QRO-CEL
3006,2024-03-19,2024-03-24,2024,3,2,5,1,2,63.8,602.22,9.44,San Luis Potosí,Tier1,48-FRE,Frenos,3081.99,4282,516,3766,8.3,México,QRO-CEL
3007,2026-05-25,2026-05-27,2026,5,1,2,0,0,95.6,1757.09,18.38,San Luis Potosí,Tier1,99-ELE,Electrónica,1359.1,1089,262,827,4.16,México,QRO-CEL
3008,2021-04-05,2021-04-06,2021,4,1,1,0,0,91.7,1780.38,19.42,San Juan del Río,Tier1,58-SUS,Suspensión,1458.38,4972,879,4093,5.66,USA,QRO-SLP
3009,2024-08-04,2024-08-12,2024,8,0,8,1,5,63.6,839.68,13.2,Celaya,Tier1,54-SUS,Suspensión,456.95,529,846,-317,0.63,Japón,QRO-SJR
3010,2026-05-23,2026-05-31,2026,5,6,8,0,0,155.5,2114.37,13.6,El Marqués,Tier1,51-ELE,Electrónica,807.84,2612,676,1936,3.86,USA,QRO-SJR
3011,2024-11-03,2024-11-07,2024,11,0,4,1,1,30.2,506.12,16.76,Celaya,Planta,63-SEN,Sensores,610.95,201,678,-477,0.3,USA,QRO-SLP
3012,2021-02-06,2021-02-07,2021,2,6,1,0,0,193.6,1621.47,8.38,Corregidora,Tier1,27-SUS,Suspensión,4748.31,2962,518,2444,5.72,México,QRO-CEL
3013,2021-04-23,2021-04-24,2021,4,5,1,0,0,173.7,3212.31,18.49,San Juan del Río,Taller,34-ARN,Arneses,4771.65,2699,606,2093,4.45,Japón,QRO-MQZ
3014,2022-08-09,2022-08-15,2022,8,2,6,1,3,49.9,761.96,15.27,Celaya,Planta,22-ARN,Arneses,4301.5,1604,436,1168,3.68,México,QRO-SLP
3015,2025-03-12,2025-03-16,2025,3,3,4,1,1,254.1,2435.51,9.58,Celaya,Planta,55-ARN,Arneses,3941.75,4751,961,3790,4.94,China,QRO-SLP
3016,2024-10-31,2024-11-06,2024,10,4,6,1,3,71.7,763,10.64,Celaya,Planta,80-ELE,Electrónica,3933.63,4561,222,4339,20.55,China,QRO-CEL
3017,2023-10-23,2023-10-30,2023,10,1,7,1,4,291.7,3081.53,10.56,San Luis Potosí,Distribuidor,56-SEN,Sensores,1253.34,3707,620,3087,5.98,México,QRO-SJR
3018,2023-08-31,2023-09-04,2023,8,4,4,1,1,55.9,719.32,12.87,Querétaro,Tier1,66-ELE,Electrónica,1657.94,1756,172,1584,10.21,Alemania,QRO-MQZ
3019,2026-05-22,2026-05-28,2026,5,5,6,0,0,87.3,1323.4,15.16,Querétaro,Tier1,26-SEN,Sensores,2283.16,2773,396,2377,7,Japón,QRO-MQZ
3020,2025-02-18,2025-02-24,2025,2,2,6,1,3,58.7,833.84,14.21,El Marqués,Distribuidor,77-FRE,Frenos,1286.73,3721,625,3096,5.95,México,QRO-SJR
3021,2026-03-09,2026-03-12,2026,3,1,3,0,0,164.6,3176.03,19.3,El Marqués,Tier1,34-ARN,Arneses,4771.65,2699,606,2093,4.45,Alemania,QRO-SLP
3022,2023-06-04,2023-06-07,2023,6,0,3,0,0,184.6,2425.9,13.14,Querétaro,Tier1,40-ARN,Arneses,288.05,1674,857,817,1.95,USA,QRO-SLP
3023,2026-05-02,2026-05-26,2026,5,6,24,1,20,216.6,1733.51,8,San Luis Potosí,Tier1,22-FRE,Frenos,473.66,3099,887,2212,3.49,México,QRO-SLP
3024,2021-10-27,2021-10-29,2021,10,3,2,0,0,140.8,1606.58,11.41,Celaya,Planta,46-FRE,Frenos,3166.98,4682,146,4536,32.07,USA,QRO-SLP
3025,2025-10-12,2025-10-17,2025,10,0,5,1,2,327.5,5944.08,18.15,León,Taller,58-SEN,Sensores,2617.63,4219,411,3808,10.27,México,QRO-SLP
3026,2023-03-16,2023-03-23,2023,3,4,7,1,4,309.7,5493.78,17.74,León,Planta,61-SUS,Suspensión,1710.59,631,965,-334,0.65,China,QRO-CEL
3027,2026-05-12,2026-05-26,2026,5,2,14,1,10,210.4,2750.55,13.07,San Luis Potosí,Tier1,74-SUS,Suspensión,4557.16,415,619,-204,0.67,USA,QRO-MQZ
3028,2026-05-19,2026-05-27,2026,5,2,8,1,3,86.7,855.03,9.86,León,Tier1,26-ELE,Electrónica,922.82,3095,331,2764,9.35,USA,QRO-MQZ
3029,2021-03-13,2021-03-21,2021,3,6,8,1,5,289.1,2364.46,8.18,León,Tier1,66-SUS,Suspensión,3813.62,870,354,516,2.46,México,QRO-SJR
3030,2024-04-26,2024-04-27,2024,4,5,1,0,0,165.7,3047.76,18.39,Corregidora,Distribuidor,35-SUS,Suspensión,3998.45,2100,715,1385,2.94,China,QRO-MQZ
3031,2026-05-15,2026-05-30,2026,5,5,15,1,7,265.8,5281.56,19.87,León,Planta,39-SEN,Sensores,905.02,4748,901,3847,5.27,México,QRO-MQZ
3032,2026-05-08,2026-05-25,2026,5,5,17,1,14,226.8,2156.71,9.51,San Juan del Río,Taller,78-SEN,Sensores,1084.74,2183,681,1502,3.21,China,QRO-SLP
3033,2026-05-14,2026-05-29,2026,5,4,15,1,8,326.3,4383.32,13.43,El Marqués,Taller,79-SUS,Suspensión,2432.97,670,354,316,1.89,USA,QRO-SLP
3034,2025-12-13,2025-12-16,2025,12,6,3,0,0,216.2,1874.23,8.67,San Luis Potosí,Planta,47-FRE,Frenos,1952.37,1312,523,789,2.51,USA,QRO-SLP
3035,2025-07-03,2025-07-09,2025,7,4,6,1,3,156.8,1328.33,8.47,Querétaro,Planta,54-FRE,Frenos,2428.99,2196,677,1519,3.24,Japón,QRO-CEL
3036,2021-04-02,2021-04-03,2021,4,5,1,0,0,165,1773.51,10.75,San Luis Potosí,Planta,47-FRE,Frenos,1952.37,1312,523,789,2.51,USA,QRO-CEL
3037,2023-04-13,2023-04-16,2023,4,4,3,0,0,280.6,2522.74,8.99,Querétaro,Tier1,4-FRE,Frenos,2773.92,2500,334,2166,7.49,China,QRO-SLP
3038,2026-05-13,2026-05-31,2026,5,3,18,1,9,103.6,2002.17,19.33,Querétaro,Distribuidor,61-FRE,Frenos,2992.6,2417,256,2161,9.44,USA,QRO-SLP
3039,2026-04-13,2026-04-20,2026,4,1,7,1,4,115,2013.14,17.51,San Luis Potosí,Tier1,67-SUS,Suspensión,2907.17,4550,308,4242,14.77,Alemania,QRO-MQZ
3040,2024-02-23,2024-03-01,2024,2,5,7,1,4,28.7,288.8,10.06,Corregidora,Planta,82-SUS,Suspensión,998.09,2299,178,2121,12.92,China,QRO-SLP
3041,2026-05-03,2026-05-27,2026,5,0,24,1,19,184.1,2460.91,13.37,Corregidora,Distribuidor,92-SUS,Suspensión,3033.85,4447,428,4019,10.39,Alemania,QRO-SLP
3042,2021-02-06,2021-02-09,2021,2,6,3,0,0,197.5,2338.77,11.84,Querétaro,Tier1,77-FRE,Frenos,1286.73,3721,625,3096,5.95,México,QRO-SLP
3043,2023-01-19,2023-01-24,2023,1,4,5,1,2,159.6,1484.17,9.3,Corregidora,Planta,22-SUS,Suspensión,895.84,3847,874,2973,4.4,Japón,QRO-SLP
3044,2023-09-04,2023-09-07,2023,9,1,3,0,0,298.1,3557.25,11.93,León,Planta,17-SUS,Suspensión,2687.14,2633,740,1893,3.56,Alemania,QRO-MQZ
3045,2026-05-24,2026-06-01,2026,5,0,8,0,0,30.7,420.93,13.71,Celaya,Planta,25-FRE,Frenos,2232.98,3690,225,3465,16.4,China,QRO-CEL
3046,2022-09-24,2022-09-27,2022,9,6,3,0,0,114.7,1017.65,8.87,Celaya,Distribuidor,51-ELE,Electrónica,807.84,2612,676,1936,3.86,USA,QRO-SJR
3047,2024-06-24,2024-06-30,2024,6,1,6,1,3,46.3,920,19.87,Querétaro,Tier1,88-ARN,Arneses,4573.3,1325,367,958,3.61,China,QRO-CEL
3048,2026-05-18,2026-05-29,2026,5,1,11,1,4,306.2,5752.18,18.79,Querétaro,Distribuidor,3-ARN,Arneses,4070.75,2695,779,1916,3.46,Japón,QRO-SJR
3049,2023-05-28,2023-06-05,2023,5,0,8,1,5,186.3,3397.35,18.24,San Juan del Río,Taller,19-SUS,Suspensión,4085.71,2770,814,1956,3.4,China,QRO-SLP
3050,2026-05-15,2026-05-31,2026,5,5,16,1,7,57.2,713.11,12.47,Celaya,Distribuidor,84-ELE,Electrónica,4956.47,3359,709,2650,4.74,China,QRO-SJR
3051,2026-05-10,2026-05-28,2026,5,0,18,1,12,115.3,1293.22,11.22,San Luis Potosí,Tier1,41-FRE,Frenos,402.6,1519,142,1377,10.7,Alemania,QRO-SLP
3052,2022-08-25,2022-08-26,2022,8,4,1,0,0,248.5,3441.14,13.85,Querétaro,Tier1,52-ARN,Arneses,4854.61,3039,358,2681,8.49,Japón,QRO-MQZ
3053,2026-05-13,2026-05-27,2026,5,3,14,1,9,318,2949.2,9.27,San Luis Potosí,Tier1,46-FRE,Frenos,3166.98,4682,146,4536,32.07,Alemania,QRO-SJR
3054,2025-06-07,2025-06-09,2025,6,6,2,0,0,256.4,3453.02,13.47,San Juan del Río,Tier1,37-ELE,Electrónica,3241.13,791,710,81,1.11,Alemania,QRO-CEL
3055,2022-09-12,2022-09-16,2022,9,1,4,1,1,255.2,5008.73,19.63,Querétaro,Tier1,100-ELE,Electrónica,3513.62,1971,804,1167,2.45,China,QRO-MQZ
3056,2026-05-21,2026-05-28,2026,5,4,7,1,1,150.7,3012.58,19.99,Corregidora,Distribuidor,90-FRE,Frenos,2310.29,1160,815,345,1.42,Alemania,QRO-CEL
3057,2021-09-16,2021-09-19,2021,9,4,3,0,0,330.6,4389.19,13.28,León,Planta,20-ELE,Electrónica,4578.72,3498,121,3377,28.91,Japón,QRO-MQZ
3058,2021-08-05,2021-08-13,2021,8,4,8,1,5,113.6,2036.01,17.92,San Luis Potosí,Tier1,29-SEN,Sensores,3933.04,3258,672,2586,4.85,México,QRO-CEL
3059,2021-01-15,2021-01-17,2021,1,5,2,0,0,158.2,2670.64,16.88,Celaya,Distribuidor,36-SEN,Sensores,591.08,3132,264,2868,11.86,China,QRO-MQZ
3060,2023-05-15,2023-05-18,2023,5,1,3,0,0,299.5,4052.97,13.53,San Luis Potosí,Tier1,34-SEN,Sensores,1520,3930,432,3498,9.1,USA,QRO-MQZ
3061,2022-11-22,2022-11-30,2022,11,2,8,1,5,160,3097.87,19.36,Corregidora,Distribuidor,55-ARN,Arneses,3941.75,4751,961,3790,4.94,China,QRO-CEL
3062,2022-06-30,2022-07-06,2022,6,4,6,1,3,54.9,595.82,10.85,San Juan del Río,Tier1,42-SUS,Suspensión,1516.88,2245,576,1669,3.9,México,QRO-CEL
3063,2021-10-11,2021-10-15,2021,10,1,4,1,1,192.8,3397.2,17.62,Corregidora,Taller,52-ELE,Electrónica,4788.22,421,203,218,2.07,Japón,QRO-SJR
3064,2021-09-23,2021-09-26,2021,9,4,3,0,0,141.5,2587.51,18.29,Querétaro,Distribuidor,42-FRE,Frenos,4554.59,2399,529,1870,4.53,China,QRO-SLP
3065,2026-05-18,2026-05-29,2026,5,1,11,1,4,345.7,5904.74,17.08,León,Tier1,98-SEN,Sensores,2084.79,1561,258,1303,6.05,Alemania,QRO-SLP
3066,2026-05-15,2026-05-29,2026,5,5,14,1,7,329.4,5431.57,16.49,San Luis Potosí,Tier1,23-SEN,Sensores,1056.26,3445,649,2796,5.31,Japón,QRO-SLP
3067,2023-06-25,2023-06-28,2023,6,0,3,0,0,23.7,427.99,18.06,Querétaro,Distribuidor,53-ELE,Electrónica,2503.62,2992,933,2059,3.21,Japón,QRO-SJR
3068,2022-07-11,2022-07-14,2022,7,1,3,0,0,174.5,2120.93,12.15,Querétaro,Distribuidor,100-SEN,Sensores,1884.18,1812,275,1537,6.59,México,QRO-SLP
3069,2023-12-02,2023-12-03,2023,12,6,1,0,0,234.8,2117.59,9.02,San Luis Potosí,Planta,99-ELE,Electrónica,1359.1,1089,262,827,4.16,Alemania,QRO-CEL
3070,2021-04-18,2021-04-22,2021,4,0,4,1,1,17.2,189.33,11.01,León,Tier1,47-SUS,Suspensión,1103.8,4418,319,4099,13.85,USA,QRO-SJR
3071,2022-10-12,2022-10-18,2022,10,3,6,1,3,81.4,1194.23,14.67,Corregidora,Distribuidor,48-SUS,Suspensión,3762.52,1609,412,1197,3.91,USA,QRO-MQZ
3072,2026-05-09,2026-05-28,2026,5,6,19,1,13,313,5732.29,18.31,San Luis Potosí,Distribuidor,62-SEN,Sensores,61.64,976,325,651,3,China,QRO-SLP
3073,2021-03-24,2021-04-01,2021,3,3,8,1,5,310,5983.24,19.3,León,Taller,70-FRE,Frenos,3370.05,2773,737,2036,3.76,USA,QRO-SJR
3074,2026-05-11,2026-05-26,2026,5,1,15,1,11,199.7,2452.15,12.28,León,Taller,9-SUS,Suspensión,3312.62,269,343,-74,0.78,Alemania,QRO-SJR
3075,2024-01-24,2024-01-28,2024,1,3,4,1,1,261.3,5139.97,19.67,San Luis Potosí,Tier1,65-SUS,Suspensión,3449.87,4345,595,3750,7.3,USA,QRO-SJR
3076,2026-05-25,2026-05-31,2026,5,1,6,0,0,329.2,3485.02,10.59,El Marqués,Tier1,47-ARN,Arneses,1524.78,2381,707,1674,3.37,USA,QRO-MQZ
3077,2021-07-09,2021-07-17,2021,7,5,8,1,5,308.2,3877.34,12.58,San Juan del Río,Taller,77-ELE,Electrónica,761.01,3401,523,2878,6.5,USA,QRO-SJR
3078,2025-03-07,2025-03-14,2025,3,5,7,1,4,306.1,4173.47,13.63,Querétaro,Distribuidor,87-ELE,Electrónica,370.62,1029,479,550,2.15,China,QRO-MQZ
3079,2026-05-02,2026-05-28,2026,5,6,26,1,20,227.7,3794.76,16.67,San Luis Potosí,Tier1,74-ARN,Arneses,1238.29,2950,908,2042,3.25,Japón,QRO-MQZ
3080,2026-05-18,2026-05-29,2026,5,1,11,1,4,192.5,1984.79,10.31,Celaya,Distribuidor,70-ELE,Electrónica,1470.68,4676,492,4184,9.5,Alemania,QRO-SLP
3081,2023-08-21,2023-08-29,2023,8,1,8,1,5,92.3,1790.81,19.4,San Juan del Río,Taller,35-ARN,Arneses,3574.66,2983,906,2077,3.29,México,QRO-SJR
3082,2026-05-02,2026-05-31,2026,5,6,29,1,20,280.6,3386.94,12.07,Corregidora,Distribuidor,62-ELE,Electrónica,4147.27,4050,501,3549,8.08,Alemania,QRO-SJR
3083,2023-06-09,2023-06-12,2023,6,5,3,0,0,96.1,1107.29,11.52,Corregidora,Distribuidor,19-ARN,Arneses,3708.16,4895,837,4058,5.85,Japón,QRO-SLP
3084,2026-05-02,2026-05-25,2026,5,6,23,1,20,229.9,2541.4,11.05,San Luis Potosí,Tier1,46-FRE,Frenos,3166.98,4682,146,4536,32.07,México,QRO-CEL
3085,2026-05-08,2026-05-31,2026,5,5,23,1,14,56,543.47,9.7,Celaya,Planta,80-ARN,Arneses,2549.16,1887,973,914,1.94,China,QRO-MQZ
3086,2026-05-02,2026-05-28,2026,5,6,26,1,20,274,3834.52,13.99,Celaya,Distribuidor,44-FRE,Frenos,3124.9,1604,281,1323,5.71,Alemania,QRO-MQZ
3087,2026-05-19,2026-05-30,2026,5,2,11,1,3,224.5,4200.74,18.71,San Luis Potosí,Tier1,93-ARN,Arneses,4982.78,4849,464,4385,10.45,Alemania,QRO-CEL
3088,2026-05-18,2026-05-26,2026,5,1,8,1,4,301.7,5830.13,19.32,San Luis Potosí,Planta,46-FRE,Frenos,3166.98,4682,146,4536,32.07,USA,QRO-CEL
3089,2025-04-29,2025-05-07,2025,4,2,8,1,5,342,6513.59,19.05,San Juan del Río,Planta,3-SUS,Suspensión,3159.17,1739,584,1155,2.98,México,QRO-SJR
3090,2021-03-07,2021-03-08,2021,3,0,1,0,0,129.7,1799.13,13.87,El Marqués,Planta,84-ELE,Electrónica,4956.47,3359,709,2650,4.74,USA,QRO-SJR
3091,2021-01-01,2021-01-04,2021,1,5,3,0,0,142.4,1440.21,10.11,San Luis Potosí,Tier1,97-SEN,Sensores,396.7,1142,502,640,2.27,USA,QRO-SLP
3092,2024-04-26,2024-05-01,2024,4,5,5,1,2,245.6,2950.12,12.01,Querétaro,Distribuidor,12-ARN,Arneses,4577.37,1662,429,1233,3.87,China,QRO-SLP
3093,2024-05-16,2024-05-19,2024,5,4,3,0,0,265.8,5199.32,19.56,San Juan del Río,Taller,24-SEN,Sensores,2113.06,4735,936,3799,5.06,China,QRO-MQZ
3094,2024-03-08,2024-03-09,2024,3,5,1,0,0,97.2,1808.4,18.6,Celaya,Distribuidor,9-SUS,Suspensión,3312.62,269,343,-74,0.78,México,QRO-SJR
3095,2021-04-16,2021-04-17,2021,4,5,1,0,0,110,1857.18,16.88,León,Tier1,7-ARN,Arneses,2965.42,1199,206,993,5.82,USA,QRO-CEL
3096,2024-03-28,2024-04-03,2024,3,4,6,1,3,256,2289.53,8.94,Celaya,Tier1,24-ARN,Arneses,4525.05,711,612,99,1.16,China,QRO-SJR
3097,2021-01-04,2021-01-06,2021,1,1,2,0,0,321.9,4812.95,14.95,Celaya,Distribuidor,62-FRE,Frenos,4762.92,2484,760,1724,3.27,México,QRO-CEL
3098,2023-09-21,2023-09-27,2023,9,4,6,1,3,185.3,2044.04,11.03,León,Tier1,58-ARN,Arneses,2254.49,3722,381,3341,9.77,Japón,QRO-SLP
3099,2026-05-06,2026-05-25,2026,5,3,19,1,16,137.8,2240.71,16.26,San Juan del Río,Taller,9-FRE,Frenos,366.33,1374,473,901,2.9,México,QRO-SLP
3100,2023-04-27,2023-05-01,2023,4,4,4,1,1,87.1,1157.52,13.29,León,Tier1,79-SUS,Suspensión,2432.97,670,354,316,1.89,USA,QRO-CEL
3101,2022-08-15,2022-08-21,2022,8,1,6,1,3,50,709.49,14.19,San Juan del Río,Tier1,65-ARN,Arneses,844,2641,720,1921,3.67,México,QRO-CEL
3102,2021-03-12,2021-03-20,2021,3,5,8,1,5,94.3,1396.64,14.81,Querétaro,Distribuidor,74-ELE,Electrónica,4728.06,3772,558,3214,6.76,China,QRO-SLP
3103,2026-05-18,2026-06-02,2026,5,1,15,1,4,249,4477.68,17.98,Corregidora,Tier1,86-ELE,Electrónica,4667.98,3468,649,2819,5.34,Alemania,QRO-MQZ
3104,2025-10-27,2025-10-30,2025,10,1,3,0,0,329.5,5414.19,16.43,El Marqués,Tier1,23-ELE,Electrónica,1997.95,1627,354,1273,4.6,Alemania,QRO-CEL
3105,2026-05-21,2026-05-28,2026,5,4,7,1,1,146.1,2699.81,18.48,León,Tier1,35-SEN,Sensores,262.68,3794,321,3473,11.82,México,QRO-CEL
3106,2025-10-03,2025-10-08,2025,10,5,5,1,2,40.3,623.83,15.48,Celaya,Planta,38-SUS,Suspensión,1970.13,3514,114,3400,30.82,Alemania,QRO-MQZ
3107,2021-09-14,2021-09-20,2021,9,2,6,1,3,239.6,3879.48,16.19,El Marqués,Planta,70-ARN,Arneses,1874.06,2106,688,1418,3.06,USA,QRO-SJR
3108,2021-08-25,2021-09-01,2021,8,3,7,1,4,98.7,971.86,9.85,Querétaro,Taller,27-SUS,Suspensión,4748.31,2962,518,2444,5.72,Japón,QRO-SLP
3109,2026-05-03,2026-05-30,2026,5,0,27,1,19,224.8,3041.72,13.53,Querétaro,Planta,91-ARN,Arneses,3259.69,1994,705,1289,2.83,China,QRO-SJR
3110,2026-05-02,2026-05-31,2026,5,6,29,1,20,330.3,3197.47,9.68,Celaya,Distribuidor,76-FRE,Frenos,3738.99,1682,676,1006,2.49,USA,QRO-SJR
3111,2023-05-06,2023-05-13,2023,5,6,7,1,4,247.1,2080.25,8.42,Querétaro,Planta,90-SEN,Sensores,2337.67,4635,431,4204,10.75,USA,QRO-SJR
3112,2026-04-16,2026-04-23,2026,4,4,7,1,4,42.1,598.96,14.23,Querétaro,Distribuidor,4-ARN,Arneses,1994.2,3537,743,2794,4.76,Japón,QRO-CEL
3113,2022-02-24,2022-02-28,2022,2,4,4,1,1,148.5,2684.08,18.07,San Juan del Río,Planta,96-ARN,Arneses,1067.24,3998,883,3115,4.53,USA,QRO-MQZ
3114,2024-08-02,2024-08-04,2024,8,5,2,0,0,322.3,3619.54,11.23,Corregidora,Distribuidor,58-SUS,Suspensión,1458.38,4972,879,4093,5.66,USA,QRO-SLP
3115,2025-08-05,2025-08-07,2025,8,2,2,0,0,328.2,3829.9,11.67,León,Tier1,31-ELE,Electrónica,4149.51,2548,128,2420,19.91,USA,QRO-SJR
3116,2026-05-05,2026-05-25,2026,5,2,20,1,17,39.7,423.22,10.66,Celaya,Tier1,2-ELE,Electrónica,1189.72,3706,870,2836,4.26,Japón,QRO-SJR
3117,2023-07-31,2023-08-07,2023,7,1,7,1,4,274,2809.57,10.25,El Marqués,Tier1,30-SUS,Suspensión,506.69,2378,235,2143,10.12,Japón,QRO-SLP
3118,2026-05-02,2026-05-28,2026,5,6,26,1,20,251,4340.28,17.29,León,Tier1,63-FRE,Frenos,2548.55,2094,709,1385,2.95,Alemania,QRO-SLP
3119,2026-05-01,2026-05-30,2026,5,5,29,1,21,346,2786.21,8.05,Celaya,Distribuidor,5-FRE,Frenos,3547.92,1323,978,345,1.35,China,QRO-SJR
3120,2026-05-19,2026-05-28,2026,5,2,9,1,3,303.4,3204.35,10.56,Celaya,Distribuidor,71-SUS,Suspensión,1916.47,1253,659,594,1.9,China,QRO-CEL
3121,2025-12-07,2025-12-08,2025,12,0,1,0,0,127.3,1200.07,9.43,León,Taller,76-SUS,Suspensión,1064.99,2521,492,2029,5.12,China,QRO-CEL
3122,2026-05-16,2026-05-28,2026,5,6,12,1,6,323.8,5663.7,17.49,Celaya,Planta,71-ELE,Electrónica,3176.69,1574,322,1252,4.89,USA,QRO-MQZ
3123,2026-05-18,2026-05-26,2026,5,1,8,1,4,78.3,1285.97,16.42,Celaya,Distribuidor,52-ARN,Arneses,4854.61,3039,358,2681,8.49,USA,QRO-MQZ
3124,2026-05-18,2026-05-31,2026,5,1,13,1,4,59.3,571.88,9.64,El Marqués,Planta,43-ARN,Arneses,913.85,1716,755,961,2.27,Japón,QRO-SJR
3125,2026-05-16,2026-05-27,2026,5,6,11,1,6,95.4,1458.7,15.29,León,Tier1,92-SEN,Sensores,4469.2,3130,154,2976,20.32,Alemania,QRO-SJR
3126,2021-05-17,2021-05-18,2021,5,1,1,0,0,85.7,847.76,9.89,El Marqués,Tier1,74-ARN,Arneses,1238.29,2950,908,2042,3.25,Alemania,QRO-SJR
3127,2023-01-21,2023-01-29,2023,1,6,8,1,5,287.6,3549.83,12.34,San Luis Potosí,Tier1,67-FRE,Frenos,2570.48,1579,719,860,2.2,China,QRO-SLP
3128,2021-06-26,2021-06-30,2021,6,6,4,1,1,202.8,2968.09,14.64,Querétaro,Planta,13-FRE,Frenos,1618.96,1055,651,404,1.62,Japón,QRO-SJR
3129,2025-11-08,2025-11-10,2025,11,6,2,0,0,201.8,1935.95,9.59,León,Tier1,65-SEN,Sensores,3356.68,3642,308,3334,11.82,USA,QRO-MQZ
3130,2026-02-21,2026-02-26,2026,2,6,5,1,2,85.6,1707.86,19.95,San Juan del Río,Planta,100-ARN,Arneses,1116.73,659,716,-57,0.92,Alemania,QRO-MQZ
3131,2022-11-19,2022-11-22,2022,11,6,3,0,0,223.2,3176.75,14.23,Querétaro,Planta,1-FRE,Frenos,233.71,1282,783,499,1.64,China,QRO-CEL
3132,2021-03-23,2021-03-25,2021,3,2,2,0,0,219.3,4159.91,18.97,San Juan del Río,Tier1,50-FRE,Frenos,3207.27,2881,413,2468,6.98,México,QRO-CEL
3133,2021-05-25,2021-05-29,2021,5,2,4,1,1,144.5,1641.5,11.36,Querétaro,Tier1,56-ELE,Electrónica,4660.32,2448,510,1938,4.8,Japón,QRO-CEL
3134,2024-05-18,2024-05-25,2024,5,6,7,1,4,334.2,4831.04,14.46,Celaya,Distribuidor,32-SUS,Suspensión,4111.1,4658,655,4003,7.11,Alemania,QRO-SLP
3135,2022-07-01,2022-07-07,2022,7,5,6,1,3,270.3,3015.62,11.16,Celaya,Distribuidor,96-FRE,Frenos,3819.86,1364,751,613,1.82,México,QRO-SLP
3136,2023-01-23,2023-01-29,2023,1,1,6,1,3,194.3,2163.08,11.13,Corregidora,Distribuidor,1-ARN,Arneses,3422.68,3382,224,3158,15.1,USA,QRO-SJR
3137,2026-05-24,2026-06-07,2026,5,0,14,0,0,93.9,1062.1,11.31,Querétaro,Distribuidor,92-SUS,Suspensión,3033.85,4447,428,4019,10.39,China,QRO-CEL
3138,2024-08-06,2024-08-09,2024,8,2,3,0,0,127.6,2110.01,16.54,Querétaro,Tier1,76-SUS,Suspensión,1064.99,2521,492,2029,5.12,Japón,QRO-SLP
3139,2024-08-26,2024-09-01,2024,8,1,6,1,3,237.9,2534.96,10.66,Corregidora,Planta,81-SUS,Suspensión,2394.84,4181,399,3782,10.48,USA,QRO-MQZ
3140,2024-06-21,2024-06-25,2024,6,5,4,1,1,215,2296.07,10.68,El Marqués,Taller,42-ARN,Arneses,4312.83,3536,833,2703,4.24,Japón,QRO-CEL
3141,2025-01-01,2025-01-04,2025,1,3,3,0,0,200.2,3315.36,16.56,El Marqués,Tier1,51-ARN,Arneses,2205.11,3816,443,3373,8.61,Alemania,QRO-MQZ
3142,2024-08-02,2024-08-10,2024,8,5,8,1,5,113.3,1005.16,8.87,León,Taller,47-ELE,Electrónica,129.58,3309,950,2359,3.48,China,QRO-CEL
3143,2022-01-05,2022-01-08,2022,1,3,3,0,0,190,1545.52,8.13,León,Taller,89-SEN,Sensores,4357.78,2341,878,1463,2.67,China,QRO-MQZ
3144,2021-01-05,2021-01-06,2021,1,2,1,0,0,70,1096.46,15.66,León,Planta,81-ELE,Electrónica,140.61,1480,170,1310,8.71,México,QRO-CEL
3145,2024-02-10,2024-02-15,2024,2,6,5,1,2,100.2,1599.12,15.96,Celaya,Distribuidor,6-SUS,Suspensión,2576.41,2042,642,1400,3.18,Japón,QRO-CEL
3146,2026-05-11,2026-05-29,2026,5,1,18,1,11,227.2,2777.91,12.23,Corregidora,Distribuidor,6-SUS,Suspensión,2576.41,2042,642,1400,3.18,Japón,QRO-SJR
3147,2026-05-19,2026-05-26,2026,5,2,7,1,3,87.6,1099.57,12.55,León,Taller,92-ARN,Arneses,287.69,1288,902,386,1.43,Alemania,QRO-SLP
3148,2025-08-12,2025-08-15,2025,8,2,3,0,0,165.3,1924.85,11.64,El Marqués,Tier1,63-ARN,Arneses,1644.88,31,820,-789,0.04,USA,QRO-MQZ
3149,2024-06-06,2024-06-07,2024,6,4,1,0,0,70.8,830.33,11.73,El Marqués,Taller,69-SEN,Sensores,2210.85,4509,513,3996,8.79,México,QRO-MQZ
3150,2026-05-14,2026-05-26,2026,5,4,12,1,8,245.8,3231.04,13.14,Querétaro,Distribuidor,48-ELE,Electrónica,2929.89,2314,767,1547,3.02,México,QRO-MQZ
3151,2026-05-07,2026-05-28,2026,5,4,21,1,15,122.6,1882.74,15.36,Querétaro,Planta,23-SUS,Suspensión,3508.58,2134,799,1335,2.67,Alemania,QRO-MQZ
3152,2021-09-25,2021-10-03,2021,9,6,8,1,5,45.8,686.91,15,León,Planta,79-ARN,Arneses,2822.38,3202,339,2863,9.45,Alemania,QRO-SLP
3153,2026-05-16,2026-05-29,2026,5,6,13,1,6,149.5,2427.52,16.24,Querétaro,Tier1,63-ELE,Electrónica,3510.2,1454,755,699,1.93,China,QRO-CEL
3154,2024-04-30,2024-05-04,2024,4,2,4,1,1,195,3611.78,18.52,Celaya,Planta,36-FRE,Frenos,2503.31,2427,781,1646,3.11,China,QRO-CEL
3155,2024-07-26,2024-07-31,2024,7,5,5,1,2,55.7,620.14,11.13,Celaya,Tier1,40-FRE,Frenos,351,1572,317,1255,4.96,Alemania,QRO-CEL
3156,2026-05-05,2026-05-25,2026,5,2,20,1,17,110.2,1006.43,9.13,Querétaro,Planta,47-ARN,Arneses,1524.78,2381,707,1674,3.37,Japón,QRO-SJR
3157,2024-11-24,2024-11-27,2024,11,0,3,0,0,135,2260.5,16.74,León,Taller,43-SUS,Suspensión,2851.8,2949,285,2664,10.35,Japón,QRO-SLP
3158,2022-03-21,2022-03-29,2022,3,1,8,1,5,18.3,154.39,8.44,El Marqués,Tier1,26-SUS,Suspensión,4121.98,3676,530,3146,6.94,Alemania,QRO-SJR
3159,2026-05-04,2026-05-28,2026,5,1,24,1,18,235.1,3889.52,16.54,San Juan del Río,Tier1,83-ELE,Electrónica,2047.97,1307,286,1021,4.57,USA,QRO-MQZ
3160,2022-12-28,2022-12-29,2022,12,3,1,0,0,262.3,2489.15,9.49,León,Tier1,60-SUS,Suspensión,2653.99,2128,369,1759,5.77,México,QRO-CEL
3161,2026-05-09,2026-05-29,2026,5,6,20,1,13,205.7,4086.49,19.87,San Juan del Río,Tier1,84-ARN,Arneses,1914.15,2582,463,2119,5.58,México,QRO-SJR
3162,2026-05-06,2026-05-31,2026,5,3,25,1,16,139.9,2491.41,17.81,San Juan del Río,Taller,88-SEN,Sensores,674.64,467,107,360,4.36,USA,QRO-MQZ
3163,2024-09-11,2024-09-16,2024,9,3,5,1,2,174.4,3181.51,18.24,León,Taller,20-SEN,Sensores,595.92,674,866,-192,0.78,Japón,QRO-MQZ
3164,2026-05-02,2026-05-29,2026,5,6,27,1,20,52.1,901.43,17.3,Querétaro,Planta,58-ARN,Arneses,2254.49,3722,381,3341,9.77,Japón,QRO-MQZ
3165,2026-05-13,2026-05-30,2026,5,3,17,1,9,129,1344.68,10.42,San Juan del Río,Tier1,90-SUS,Suspensión,679.84,1842,357,1485,5.16,Japón,QRO-MQZ
3166,2026-05-25,2026-05-31,2026,5,1,6,0,0,317.1,4007.25,12.64,Corregidora,Tier1,74-FRE,Frenos,4844.7,4945,375,4570,13.19,Alemania,QRO-CEL
3167,2026-05-11,2026-06-01,2026,5,1,21,1,11,106,1830.88,17.27,Celaya,Planta,57-SUS,Suspensión,4521.23,466,706,-240,0.66,México,QRO-SJR
3168,2022-04-15,2022-04-18,2022,4,5,3,0,0,234,4115.63,17.59,Corregidora,Distribuidor,23-ELE,Electrónica,1997.95,1627,354,1273,4.6,Alemania,QRO-CEL
3169,2026-05-04,2026-05-29,2026,5,1,25,1,18,201.2,2476.97,12.31,Querétaro,Planta,62-SUS,Suspensión,2758.99,4916,257,4659,19.13,Japón,QRO-SLP
3170,2026-05-25,2026-06-01,2026,5,1,7,0,0,139.4,2726.65,19.56,Celaya,Planta,26-ELE,Electrónica,922.82,3095,331,2764,9.35,Alemania,QRO-SJR
3171,2025-04-09,2025-04-15,2025,4,3,6,1,3,131.8,2231.13,16.93,San Luis Potosí,Tier1,63-FRE,Frenos,2548.55,2094,709,1385,2.95,México,QRO-SLP
3172,2022-03-30,2022-04-01,2022,3,3,2,0,0,265.7,3093.78,11.64,San Luis Potosí,Distribuidor,23-SEN,Sensores,1056.26,3445,649,2796,5.31,Alemania,QRO-SLP
3173,2022-05-23,2022-05-29,2022,5,1,6,1,3,77.5,1372.78,17.71,Querétaro,Planta,71-SUS,Suspensión,1916.47,1253,659,594,1.9,México,QRO-MQZ
3174,2022-11-15,2022-11-23,2022,11,2,8,1,5,128.3,1631.29,12.71,Celaya,Planta,3-SUS,Suspensión,3159.17,1739,584,1155,2.98,México,QRO-SJR
3175,2025-11-27,2025-12-05,2025,11,4,8,1,5,27.1,534.47,19.72,Querétaro,Tier1,15-ARN,Arneses,2004.45,403,614,-211,0.66,China,QRO-MQZ
3176,2024-04-08,2024-04-12,2024,4,1,4,1,1,165.7,2605.32,15.72,Corregidora,Tier1,18-ARN,Arneses,3932.93,125,138,-13,0.91,Japón,QRO-SJR
3177,2025-05-14,2025-05-17,2025,5,3,3,0,0,306.1,4786.54,15.64,El Marqués,Taller,96-FRE,Frenos,3819.86,1364,751,613,1.82,China,QRO-MQZ
3178,2026-05-23,2026-05-30,2026,5,6,7,0,0,279.6,5531.52,19.78,San Juan del Río,Planta,26-ELE,Electrónica,922.82,3095,331,2764,9.35,Alemania,QRO-CEL
3179,2022-08-03,2022-08-06,2022,8,3,3,0,0,255.8,2514.25,9.83,Querétaro,Taller,80-SUS,Suspensión,3018.8,2364,799,1565,2.96,México,QRO-MQZ
3180,2026-05-03,2026-05-28,2026,5,0,25,1,19,240.8,2938.15,12.2,Corregidora,Tier1,87-FRE,Frenos,4868.31,520,545,-25,0.95,USA,QRO-SJR
3181,2024-05-09,2024-05-16,2024,5,4,7,1,4,126.5,1678.31,13.27,Celaya,Distribuidor,89-ELE,Electrónica,2876,159,938,-779,0.17,Alemania,QRO-SJR
3182,2021-10-20,2021-10-23,2021,10,3,3,0,0,58.3,1134.83,19.47,Celaya,Planta,86-ELE,Electrónica,4667.98,3468,649,2819,5.34,Alemania,QRO-SJR
3183,2026-05-12,2026-05-30,2026,5,2,18,1,10,61.3,710.69,11.59,Celaya,Distribuidor,16-ARN,Arneses,1385.97,4731,948,3783,4.99,Alemania,QRO-CEL
3184,2023-10-20,2023-10-23,2023,10,5,3,0,0,286.6,2579.55,9,León,Tier1,5-SEN,Sensores,3287.36,1717,744,973,2.31,México,QRO-SJR
3185,2024-11-25,2024-11-26,2024,11,1,1,0,0,45,558.12,12.4,León,Planta,16-FRE,Frenos,4639.47,4174,516,3658,8.09,USA,QRO-CEL
3186,2025-06-09,2025-06-11,2025,6,1,2,0,0,121.3,1972.76,16.26,Querétaro,Tier1,50-SUS,Suspensión,1449.41,272,798,-526,0.34,México,QRO-CEL
3187,2026-05-21,2026-06-01,2026,5,4,11,1,1,12,167.03,13.92,San Luis Potosí,Tier1,3-ELE,Electrónica,4739.2,4636,173,4463,26.8,Japón,QRO-MQZ
3188,2025-06-09,2025-06-15,2025,6,1,6,1,3,150.4,2086,13.87,Querétaro,Tier1,60-SUS,Suspensión,2653.99,2128,369,1759,5.77,Japón,QRO-CEL
3189,2023-03-20,2023-03-24,2023,3,1,4,1,1,271.8,5347.78,19.68,Celaya,Distribuidor,53-ELE,Electrónica,2503.62,2992,933,2059,3.21,USA,QRO-SLP
3190,2022-10-23,2022-10-26,2022,10,0,3,0,0,281.8,2548.33,9.04,San Luis Potosí,Tier1,3-ARN,Arneses,4070.75,2695,779,1916,3.46,México,QRO-CEL
3191,2021-02-18,2021-02-23,2021,2,4,5,1,2,274.2,4482.01,16.35,León,Tier1,22-SEN,Sensores,4518.66,3974,785,3189,5.06,Japón,QRO-MQZ
3192,2025-03-20,2025-03-26,2025,3,4,6,1,3,116.2,1789.43,15.4,San Juan del Río,Planta,91-FRE,Frenos,4291.8,4493,112,4381,40.12,China,QRO-SLP
3193,2025-03-04,2025-03-10,2025,3,2,6,1,3,140.2,2103.82,15.01,San Luis Potosí,Tier1,85-ELE,Electrónica,2849.32,3481,180,3301,19.34,Alemania,QRO-SJR
3194,2026-03-10,2026-03-12,2026,3,2,2,0,0,41.5,549.86,13.25,Querétaro,Planta,87-FRE,Frenos,4868.31,520,545,-25,0.95,Alemania,QRO-CEL
3195,2021-06-22,2021-06-29,2021,6,2,7,1,4,277.7,2747.42,9.89,El Marqués,Distribuidor,77-FRE,Frenos,1286.73,3721,625,3096,5.95,USA,QRO-MQZ
3196,2023-07-23,2023-07-27,2023,7,0,4,1,1,129.7,2050.79,15.81,Celaya,Distribuidor,9-FRE,Frenos,366.33,1374,473,901,2.9,Japón,QRO-SLP
3197,2026-05-19,2026-05-29,2026,5,2,10,1,3,185.9,3350.85,18.03,León,Taller,52-FRE,Frenos,1237.74,4520,880,3640,5.14,Japón,QRO-CEL
3198,2026-05-09,2026-05-25,2026,5,6,16,1,13,218.8,3379.23,15.44,San Juan del Río,Tier1,84-SUS,Suspensión,3111.43,4098,547,3551,7.49,Japón,QRO-SJR
3199,2026-02-27,2026-03-04,2026,2,5,5,1,2,248.7,4807.79,19.33,Celaya,Distribuidor,94-SUS,Suspensión,345.62,2291,202,2089,11.34,Alemania,QRO-CEL
3200,2025-12-22,2025-12-29,2025,12,1,7,1,4,95.3,1174.15,12.32,San Juan del Río,Tier1,90-ARN,Arneses,2855.44,3929,856,3073,4.59,Alemania,QRO-MQZ
3201,2025-05-19,2025-05-21,2025,5,1,2,0,0,160.8,2995.03,18.63,San Luis Potosí,Tier1,17-SUS,Suspensión,2687.14,2633,740,1893,3.56,China,QRO-SJR
3202,2025-06-05,2025-06-12,2025,6,4,7,1,4,192.9,2794.07,14.48,Corregidora,Tier1,70-ELE,Electrónica,1470.68,4676,492,4184,9.5,México,QRO-SJR
3203,2025-10-31,2025-11-03,2025,10,5,3,0,0,147.2,2304.06,15.65,San Juan del Río,Taller,88-FRE,Frenos,4043.96,2439,113,2326,21.58,USA,QRO-MQZ
3204,2023-10-05,2023-10-11,2023,10,4,6,1,3,160.4,1377.07,8.59,Corregidora,Tier1,33-ARN,Arneses,4073.72,1315,307,1008,4.28,Alemania,QRO-MQZ
3205,2024-08-06,2024-08-07,2024,8,2,1,0,0,123.3,1891.51,15.34,Corregidora,Distribuidor,35-FRE,Frenos,2222.63,4456,817,3639,5.45,Japón,QRO-CEL
3206,2026-05-21,2026-06-03,2026,5,4,13,1,1,169.9,3292.73,19.38,Celaya,Tier1,87-FRE,Frenos,4868.31,520,545,-25,0.95,China,QRO-SJR
3207,2024-05-10,2024-05-16,2024,5,5,6,1,3,23.8,316.16,13.28,San Juan del Río,Tier1,54-SUS,Suspensión,456.95,529,846,-317,0.63,Japón,QRO-SJR
3208,2026-05-03,2026-05-28,2026,5,0,25,1,19,301.7,2644.51,8.77,San Luis Potosí,Tier1,8-ARN,Arneses,3605.24,2185,615,1570,3.55,México,QRO-CEL
3209,2023-05-02,2023-05-08,2023,5,2,6,1,3,202.5,2757.9,13.62,Celaya,Distribuidor,96-FRE,Frenos,3819.86,1364,751,613,1.82,Alemania,QRO-MQZ
3210,2026-05-15,2026-05-26,2026,5,5,11,1,7,184.4,3016.23,16.36,Celaya,Tier1,8-FRE,Frenos,1993.18,2763,635,2128,4.35,USA,QRO-SLP
3211,2021-02-06,2021-02-10,2021,2,6,4,1,1,289.3,3881.77,13.42,San Juan del Río,Planta,89-ELE,Electrónica,2876,159,938,-779,0.17,México,QRO-MQZ
3212,2026-02-03,2026-02-04,2026,2,2,1,0,0,198.8,3116.36,15.68,Querétaro,Tier1,3-ELE,Electrónica,4739.2,4636,173,4463,26.8,Alemania,QRO-CEL
3213,2023-11-10,2023-11-13,2023,11,5,3,0,0,267.2,2694.86,10.09,Celaya,Distribuidor,46-FRE,Frenos,3166.98,4682,146,4536,32.07,Alemania,QRO-SLP
3214,2026-05-19,2026-05-29,2026,5,2,10,1,3,48.8,491.26,10.07,San Luis Potosí,Planta,42-FRE,Frenos,4554.59,2399,529,1870,4.53,Japón,QRO-SLP
3215,2025-07-12,2025-07-20,2025,7,6,8,1,5,196.3,3724.54,18.97,Celaya,Tier1,71-ARN,Arneses,4201.41,2624,106,2518,24.75,China,QRO-SLP
3216,2026-05-12,2026-05-27,2026,5,2,15,1,10,91.8,1458.62,15.89,San Luis Potosí,Distribuidor,95-ARN,Arneses,3304.01,4822,472,4350,10.22,China,QRO-MQZ
3217,2023-04-30,2023-05-06,2023,4,0,6,1,3,327.1,3050.03,9.32,San Luis Potosí,Planta,35-FRE,Frenos,2222.63,4456,817,3639,5.45,China,QRO-SJR
3218,2024-07-20,2024-07-22,2024,7,6,2,0,0,144.4,1452,10.06,Celaya,Distribuidor,74-ARN,Arneses,1238.29,2950,908,2042,3.25,Japón,QRO-CEL
3219,2026-05-25,2026-06-01,2026,5,1,7,0,0,250.5,4226.23,16.87,El Marqués,Distribuidor,41-ELE,Electrónica,4687.71,920,702,218,1.31,Alemania,QRO-MQZ
3220,2025-04-11,2025-04-17,2025,4,5,6,1,3,78,732.68,9.39,Querétaro,Tier1,80-SUS,Suspensión,3018.8,2364,799,1565,2.96,USA,QRO-MQZ
3221,2021-11-26,2021-11-30,2021,11,5,4,1,1,317.9,6149.85,19.35,Querétaro,Tier1,87-SEN,Sensores,1243.01,2731,878,1853,3.11,Japón,QRO-SLP
3222,2026-05-06,2026-05-26,2026,5,3,20,1,16,71.8,751.81,10.47,Querétaro,Planta,38-SEN,Sensores,3074.64,1377,629,748,2.19,Alemania,QRO-MQZ
3223,2026-05-19,2026-05-30,2026,5,2,11,1,3,13.6,234.24,17.22,León,Planta,88-ELE,Electrónica,952.75,1483,288,1195,5.15,México,QRO-MQZ
3224,2026-05-04,2026-05-31,2026,5,1,27,1,18,153.9,1741.91,11.32,El Marqués,Taller,72-FRE,Frenos,2982.1,4614,609,4005,7.58,Japón,QRO-SJR
3225,2026-05-22,2026-06-02,2026,5,5,11,0,0,25.6,205.3,8.02,El Marqués,Tier1,30-ELE,Electrónica,3031.07,2212,562,1650,3.94,China,QRO-CEL
3226,2021-10-10,2021-10-12,2021,10,0,2,0,0,136.4,2517.33,18.46,San Juan del Río,Tier1,63-ELE,Electrónica,3510.2,1454,755,699,1.93,China,QRO-CEL
3227,2026-05-02,2026-05-30,2026,5,6,28,1,20,191.8,2424.67,12.64,Celaya,Tier1,49-SEN,Sensores,1664.17,3963,807,3156,4.91,Japón,QRO-CEL
3228,2022-09-16,2022-09-21,2022,9,5,5,1,2,213.3,3257.87,15.27,San Luis Potosí,Tier1,70-FRE,Frenos,3370.05,2773,737,2036,3.76,China,QRO-MQZ
3229,2026-05-24,2026-06-06,2026,5,0,13,0,0,241.6,2904.6,12.02,Celaya,Distribuidor,73-FRE,Frenos,1090.63,4235,792,3443,5.35,Japón,QRO-CEL
3230,2023-04-19,2023-04-27,2023,4,3,8,1,5,201.9,2317.48,11.48,Corregidora,Distribuidor,62-FRE,Frenos,4762.92,2484,760,1724,3.27,China,QRO-CEL
3231,2026-05-01,2026-05-26,2026,5,5,25,1,21,303.7,3744.6,12.33,San Luis Potosí,Distribuidor,68-SUS,Suspensión,4427.01,2107,162,1945,13.01,México,QRO-CEL
3232,2026-05-11,2026-05-29,2026,5,1,18,1,11,31.6,298.43,9.44,Querétaro,Tier1,85-ARN,Arneses,182.43,4967,727,4240,6.83,Japón,QRO-SLP
3233,2023-05-22,2023-05-29,2023,5,1,7,1,4,282.5,2671.79,9.46,Celaya,Distribuidor,88-SEN,Sensores,674.64,467,107,360,4.36,Alemania,QRO-SLP
3234,2026-05-13,2026-05-31,2026,5,3,18,1,9,327.6,2880.7,8.79,Querétaro,Tier1,16-ARN,Arneses,1385.97,4731,948,3783,4.99,Japón,QRO-CEL
3235,2026-04-23,2026-04-28,2026,4,4,5,1,2,209.9,4025.35,19.18,San Luis Potosí,Tier1,96-SUS,Suspensión,3516.22,1894,371,1523,5.11,Japón,QRO-SJR
3236,2021-07-27,2021-07-29,2021,7,2,2,0,0,222,1808.64,8.15,Querétaro,Distribuidor,30-SUS,Suspensión,506.69,2378,235,2143,10.12,Alemania,QRO-SLP
3237,2022-05-04,2022-05-05,2022,5,3,1,0,0,345.2,6816.65,19.75,León,Planta,70-ARN,Arneses,1874.06,2106,688,1418,3.06,Japón,QRO-MQZ
3238,2023-05-03,2023-05-04,2023,5,3,1,0,0,151.2,1714.77,11.34,San Juan del Río,Tier1,27-SEN,Sensores,2154.77,2124,891,1233,2.38,Alemania,QRO-MQZ
3239,2022-09-09,2022-09-12,2022,9,5,3,0,0,248.2,4062.92,16.37,El Marqués,Taller,10-FRE,Frenos,553.07,572,283,289,2.02,Japón,QRO-SLP
3240,2026-05-01,2026-05-27,2026,5,5,26,1,21,21.9,371.85,16.98,Querétaro,Tier1,6-FRE,Frenos,4765.97,4975,994,3981,5.01,USA,QRO-CEL
3241,2026-05-21,2026-06-02,2026,5,4,12,1,1,41.7,736.45,17.66,Corregidora,Distribuidor,50-FRE,Frenos,3207.27,2881,413,2468,6.98,USA,QRO-SJR
3242,2022-02-12,2022-02-15,2022,2,6,3,0,0,320.7,4708.66,14.68,Corregidora,Planta,75-SEN,Sensores,2324.33,2246,115,2131,19.53,USA,QRO-SLP
3243,2026-05-23,2026-05-30,2026,5,6,7,0,0,32.7,652.68,19.96,Corregidora,Planta,52-ELE,Electrónica,4788.22,421,203,218,2.07,Japón,QRO-SLP
3244,2022-06-14,2022-06-21,2022,6,2,7,1,4,26.1,401.55,15.39,El Marqués,Tier1,73-ARN,Arneses,3687.85,3796,460,3336,8.25,China,QRO-SLP
3245,2023-01-16,2023-01-23,2023,1,1,7,1,4,163.5,2940.32,17.98,Querétaro,Tier1,46-ELE,Electrónica,2511.37,3579,173,3406,20.69,Japón,QRO-CEL
3246,2026-05-24,2026-06-05,2026,5,0,12,0,0,178.2,2469.9,13.86,Celaya,Distribuidor,43-ARN,Arneses,913.85,1716,755,961,2.27,China,QRO-SJR
3247,2021-03-30,2021-04-03,2021,3,2,4,1,1,250,3147.15,12.59,San Juan del Río,Taller,16-SUS,Suspensión,2880.89,356,123,233,2.89,China,QRO-SLP
3248,2024-09-19,2024-09-27,2024,9,4,8,1,5,213.6,1923.68,9.01,San Luis Potosí,Tier1,44-FRE,Frenos,3124.9,1604,281,1323,5.71,Japón,QRO-SLP
3249,2023-07-24,2023-07-28,2023,7,1,4,1,1,251.8,4089.81,16.24,San Luis Potosí,Tier1,33-SUS,Suspensión,3309.06,3967,660,3307,6.01,China,QRO-MQZ
3250,2021-10-04,2021-10-06,2021,10,1,2,0,0,233.7,4286.27,18.34,San Juan del Río,Planta,38-FRE,Frenos,2176.42,4632,529,4103,8.76,México,QRO-SJR
3251,2026-05-15,2026-06-01,2026,5,5,17,1,7,27.8,224.72,8.08,San Juan del Río,Planta,54-FRE,Frenos,2428.99,2196,677,1519,3.24,Japón,QRO-MQZ
3252,2026-05-14,2026-05-25,2026,5,4,11,1,8,106.6,1180.42,11.07,San Luis Potosí,Tier1,56-ELE,Electrónica,4660.32,2448,510,1938,4.8,Alemania,QRO-SLP
3253,2023-12-19,2023-12-25,2023,12,2,6,1,3,117.3,2105.71,17.95,San Luis Potosí,Tier1,43-SUS,Suspensión,2851.8,2949,285,2664,10.35,Alemania,QRO-SJR
3254,2026-05-20,2026-05-25,2026,5,3,5,1,2,228.5,2810.62,12.3,San Luis Potosí,Taller,96-SEN,Sensores,4971.73,4377,915,3462,4.78,México,QRO-MQZ
3255,2022-12-07,2022-12-15,2022,12,3,8,1,5,127.3,2160.11,16.97,Celaya,Distribuidor,75-ELE,Electrónica,216.11,4758,831,3927,5.73,USA,QRO-SJR
3256,2021-06-17,2021-06-20,2021,6,4,3,0,0,129.3,2471.72,19.12,Corregidora,Planta,20-ARN,Arneses,1779.81,1862,979,883,1.9,Japón,QRO-SLP
3257,2026-02-01,2026-02-02,2026,2,0,1,0,0,114.8,1380.66,12.03,San Juan del Río,Tier1,42-FRE,Frenos,4554.59,2399,529,1870,4.53,USA,QRO-CEL
3258,2024-04-07,2024-04-11,2024,4,0,4,1,1,339.6,4878.79,14.37,El Marqués,Taller,39-ELE,Electrónica,2379.6,1533,174,1359,8.81,Japón,QRO-MQZ
3259,2026-05-02,2026-05-29,2026,5,6,27,1,20,31.6,603.56,19.1,Querétaro,Planta,94-ELE,Electrónica,673.59,2723,409,2314,6.66,México,QRO-CEL
3260,2023-03-28,2023-04-01,2023,3,2,4,1,1,341.1,4614.85,13.53,Celaya,Taller,89-SEN,Sensores,4357.78,2341,878,1463,2.67,USA,QRO-SJR
3261,2026-05-16,2026-06-01,2026,5,6,16,1,6,132.3,1192.24,9.01,San Juan del Río,Planta,87-ELE,Electrónica,370.62,1029,479,550,2.15,USA,QRO-MQZ
3262,2026-04-09,2026-04-11,2026,4,4,2,0,0,143.7,2686.36,18.69,León,Tier1,35-FRE,Frenos,2222.63,4456,817,3639,5.45,México,QRO-CEL
3263,2022-04-30,2022-05-04,2022,4,6,4,1,1,36.9,485.1,13.15,Corregidora,Distribuidor,30-ARN,Arneses,1865.58,2831,105,2726,26.96,China,QRO-MQZ
3264,2026-05-10,2026-05-31,2026,5,0,21,1,12,348.7,3353.75,9.62,Celaya,Distribuidor,3-FRE,Frenos,3775.29,2212,377,1835,5.87,USA,QRO-SJR
3265,2026-05-12,2026-05-31,2026,5,2,19,1,10,125.2,1946.13,15.54,Corregidora,Tier1,86-FRE,Frenos,4599.2,3868,867,3001,4.46,Japón,QRO-CEL
3266,2026-05-09,2026-05-31,2026,5,6,22,1,13,69.7,776.09,11.13,El Marqués,Distribuidor,88-ARN,Arneses,4573.3,1325,367,958,3.61,China,QRO-SLP
3267,2021-02-15,2021-02-20,2021,2,1,5,1,2,64.5,870.1,13.49,Celaya,Distribuidor,86-ELE,Electrónica,4667.98,3468,649,2819,5.34,USA,QRO-MQZ
3268,2021-06-22,2021-06-29,2021,6,2,7,1,4,227.7,2585.25,11.35,Querétaro,Distribuidor,61-FRE,Frenos,2992.6,2417,256,2161,9.44,China,QRO-CEL
3269,2023-03-19,2023-03-20,2023,3,0,1,0,0,327.9,4236.2,12.92,San Luis Potosí,Taller,28-SUS,Suspensión,2679.89,2559,178,2381,14.38,Alemania,QRO-CEL
3270,2023-03-06,2023-03-14,2023,3,1,8,1,5,165.8,2972.04,17.93,Querétaro,Planta,93-FRE,Frenos,3588.35,4289,128,4161,33.51,Japón,QRO-MQZ
3271,2021-02-09,2021-02-12,2021,2,2,3,0,0,341.3,6036.09,17.69,San Luis Potosí,Tier1,68-SEN,Sensores,3619.25,1156,733,423,1.58,México,QRO-SJR
3272,2026-05-11,2026-05-29,2026,5,1,18,1,11,31,432.71,13.96,San Luis Potosí,Tier1,89-FRE,Frenos,3217.84,688,519,169,1.33,México,QRO-SLP
3273,2022-08-12,2022-08-16,2022,8,5,4,1,1,284.8,2841.09,9.98,Querétaro,Tier1,73-SEN,Sensores,1840.37,2686,730,1956,3.68,Alemania,QRO-MQZ
3274,2022-03-05,2022-03-12,2022,3,6,7,1,4,341.1,5791.14,16.98,León,Tier1,6-SUS,Suspensión,2576.41,2042,642,1400,3.18,China,QRO-SLP
3275,2026-05-08,2026-05-31,2026,5,5,23,1,14,77,1496.02,19.43,San Juan del Río,Planta,99-SUS,Suspensión,1768.31,3450,251,3199,13.75,USA,QRO-SJR
3276,2023-02-12,2023-02-17,2023,2,0,5,1,2,300.3,4165.51,13.87,El Marqués,Tier1,98-SEN,Sensores,2084.79,1561,258,1303,6.05,México,QRO-CEL
3277,2023-10-18,2023-10-23,2023,10,3,5,1,2,183.8,1569.1,8.54,Celaya,Planta,42-SEN,Sensores,534.52,117,157,-40,0.75,México,QRO-SLP
3278,2026-05-02,2026-05-30,2026,5,6,28,1,20,311.9,4627.94,14.84,Celaya,Tier1,51-ELE,Electrónica,807.84,2612,676,1936,3.86,Alemania,QRO-MQZ
3279,2023-07-10,2023-07-14,2023,7,1,4,1,1,93.6,986.1,10.54,San Juan del Río,Tier1,41-SEN,Sensores,4243.67,4515,377,4138,11.98,China,QRO-MQZ
3280,2026-05-24,2026-06-03,2026,5,0,10,0,0,35.4,571.17,16.13,Celaya,Distribuidor,86-SEN,Sensores,2869.97,158,622,-464,0.25,Alemania,QRO-CEL
3281,2023-08-28,2023-09-05,2023,8,1,8,1,5,24.9,403.47,16.2,San Luis Potosí,Tier1,22-ARN,Arneses,4301.5,1604,436,1168,3.68,USA,QRO-SLP
3282,2023-09-17,2023-09-21,2023,9,0,4,1,1,249.3,2697.77,10.82,León,Planta,68-SEN,Sensores,3619.25,1156,733,423,1.58,Japón,QRO-SLP
3283,2025-08-12,2025-08-19,2025,8,2,7,1,4,63.1,612.71,9.71,Celaya,Tier1,49-ARN,Arneses,412.82,3527,162,3365,21.77,Japón,QRO-CEL
3284,2026-05-13,2026-05-30,2026,5,3,17,1,9,27.1,524.63,19.36,El Marqués,Taller,10-SEN,Sensores,4186.41,1042,960,82,1.09,China,QRO-MQZ
3285,2023-12-21,2023-12-25,2023,12,4,4,1,1,258.9,3809.3,14.71,San Luis Potosí,Tier1,40-SUS,Suspensión,1400.65,52,574,-522,0.09,México,QRO-MQZ
3286,2021-06-01,2021-06-07,2021,6,2,6,1,3,78.1,1525.03,19.53,San Luis Potosí,Tier1,82-SUS,Suspensión,998.09,2299,178,2121,12.92,USA,QRO-MQZ
3287,2021-04-28,2021-04-29,2021,4,3,1,0,0,23.6,304.98,12.92,León,Tier1,77-ARN,Arneses,4833.11,3865,647,3218,5.97,Japón,QRO-SJR
3288,2026-05-05,2026-05-30,2026,5,2,25,1,17,200.8,3971.19,19.78,Corregidora,Distribuidor,22-FRE,Frenos,473.66,3099,887,2212,3.49,Alemania,QRO-CEL
3289,2026-05-20,2026-05-27,2026,5,3,7,1,2,276.1,3851.82,13.95,Corregidora,Tier1,44-ARN,Arneses,4310.1,1228,335,893,3.67,Japón,QRO-CEL
3290,2022-02-15,2022-02-21,2022,2,2,6,1,3,278.4,4481.78,16.1,El Marqués,Distribuidor,59-FRE,Frenos,254.95,2883,557,2326,5.18,USA,QRO-MQZ
3291,2026-05-19,2026-05-25,2026,5,2,6,1,3,66.4,685.19,10.32,Querétaro,Planta,72-SEN,Sensores,2907.83,4310,751,3559,5.74,Japón,QRO-SLP
3292,2021-03-06,2021-03-08,2021,3,6,2,0,0,101.1,927.65,9.18,León,Tier1,76-SEN,Sensores,3690.33,3173,898,2275,3.53,USA,QRO-CEL
3293,2026-05-13,2026-05-31,2026,5,3,18,1,9,96.6,985.41,10.2,Corregidora,Planta,17-FRE,Frenos,4203.61,2829,138,2691,20.5,China,QRO-SJR
3294,2023-10-01,2023-10-06,2023,10,0,5,1,2,279,3336.21,11.96,Celaya,Tier1,8-FRE,Frenos,1993.18,2763,635,2128,4.35,Japón,QRO-CEL
3295,2025-10-04,2025-10-07,2025,10,6,3,0,0,62.7,692.13,11.04,San Juan del Río,Tier1,48-ELE,Electrónica,2929.89,2314,767,1547,3.02,China,QRO-CEL
3296,2026-03-02,2026-03-10,2026,3,1,8,1,5,195.7,1777.38,9.08,Celaya,Planta,91-FRE,Frenos,4291.8,4493,112,4381,40.12,USA,QRO-SJR
3297,2026-05-08,2026-05-25,2026,5,5,17,1,14,111.9,978.09,8.74,Corregidora,Planta,87-ELE,Electrónica,370.62,1029,479,550,2.15,Japón,QRO-SLP
3298,2023-01-05,2023-01-12,2023,1,4,7,1,4,260.1,3108.88,11.95,San Juan del Río,Taller,100-ARN,Arneses,1116.73,659,716,-57,0.92,México,QRO-MQZ
3299,2024-11-18,2024-11-25,2024,11,1,7,1,4,320.2,3438.95,10.74,Corregidora,Tier1,63-SEN,Sensores,610.95,201,678,-477,0.3,México,QRO-SJR
3300,2025-01-20,2025-01-24,2025,1,1,4,1,1,91.1,843.88,9.26,León,Planta,76-ARN,Arneses,690.12,2510,973,1537,2.58,Japón,QRO-SJR
3301,2023-04-07,2023-04-12,2023,4,5,5,1,2,172.1,2307.82,13.41,San Juan del Río,Tier1,23-ELE,Electrónica,1997.95,1627,354,1273,4.6,USA,QRO-SLP
3302,2021-10-27,2021-11-02,2021,10,3,6,1,3,239.4,4104.96,17.15,El Marqués,Taller,49-ELE,Electrónica,3034.43,2749,539,2210,5.1,Japón,QRO-SLP
3303,2026-05-12,2026-05-31,2026,5,2,19,1,10,86.5,1575.42,18.21,San Luis Potosí,Tier1,33-FRE,Frenos,4635.35,4897,202,4695,24.24,Japón,QRO-MQZ
3304,2025-10-03,2025-10-11,2025,10,5,8,1,5,204.2,2425.38,11.88,El Marqués,Taller,45-SUS,Suspensión,2909.13,3021,431,2590,7.01,China,QRO-SJR
3305,2022-06-09,2022-06-16,2022,6,4,7,1,4,100.1,1077.32,10.76,León,Tier1,71-SEN,Sensores,263.19,144,177,-33,0.81,USA,QRO-CEL
3306,2026-05-09,2026-06-01,2026,5,6,23,1,13,56.8,595.53,10.48,León,Tier1,19-SUS,Suspensión,4085.71,2770,814,1956,3.4,USA,QRO-SLP
3307,2023-09-24,2023-09-29,2023,9,0,5,1,2,142.8,1782.4,12.48,El Marqués,Tier1,83-ARN,Arneses,4089.81,3819,304,3515,12.56,México,QRO-SLP
3308,2026-05-24,2026-05-30,2026,5,0,6,0,0,180.1,1766.02,9.81,León,Tier1,57-FRE,Frenos,1434.88,3059,113,2946,27.07,China,QRO-MQZ
3309,2025-07-26,2025-07-29,2025,7,6,3,0,0,20.6,310.79,15.09,Corregidora,Tier1,33-SEN,Sensores,4299.55,4446,746,3700,5.96,Japón,QRO-MQZ
3310,2023-10-28,2023-10-29,2023,10,6,1,0,0,342.2,5540.96,16.19,León,Tier1,7-SEN,Sensores,2046.46,1410,596,814,2.37,Alemania,QRO-CEL
3311,2026-05-19,2026-05-31,2026,5,2,12,1,3,303.9,4882.11,16.06,El Marqués,Taller,51-ARN,Arneses,2205.11,3816,443,3373,8.61,China,QRO-MQZ
3312,2025-02-21,2025-02-26,2025,2,5,5,1,2,115.9,1984.63,17.12,Celaya,Planta,68-FRE,Frenos,3853.4,2725,382,2343,7.13,USA,QRO-SJR
3313,2023-02-24,2023-02-27,2023,2,5,3,0,0,202.7,2684.19,13.24,Corregidora,Tier1,76-SEN,Sensores,3690.33,3173,898,2275,3.53,Japón,QRO-CEL
3314,2025-06-06,2025-06-12,2025,6,5,6,1,3,100.3,1835.32,18.3,León,Planta,47-SEN,Sensores,2369.53,4045,567,3478,7.13,Alemania,QRO-SLP
3315,2026-05-17,2026-05-26,2026,5,0,9,1,5,127.9,2415.11,18.88,Corregidora,Planta,2-ELE,Electrónica,1189.72,3706,870,2836,4.26,México,QRO-SLP
3316,2026-05-20,2026-05-27,2026,5,3,7,1,2,230.9,1891,8.19,San Juan del Río,Planta,9-SUS,Suspensión,3312.62,269,343,-74,0.78,Alemania,QRO-SLP
3317,2025-12-31,2026-01-08,2025,12,3,8,1,5,138.5,1244,8.98,Celaya,Distribuidor,1-ARN,Arneses,3422.68,3382,224,3158,15.1,China,QRO-SJR
3318,2024-06-14,2024-06-21,2024,6,5,7,1,4,172.2,2533.62,14.71,Corregidora,Tier1,74-SUS,Suspensión,4557.16,415,619,-204,0.67,China,QRO-SJR
3319,2026-05-02,2026-05-26,2026,5,6,24,1,20,189.4,2919.32,15.41,Celaya,Distribuidor,61-FRE,Frenos,2992.6,2417,256,2161,9.44,Japón,QRO-SLP
3320,2024-12-23,2024-12-28,2024,12,1,5,1,2,177,3458.08,19.54,Celaya,Tier1,96-ELE,Electrónica,4610.48,3616,228,3388,15.86,México,QRO-MQZ
3321,2022-05-07,2022-05-15,2022,5,6,8,1,5,349,3069.35,8.79,Querétaro,Tier1,57-ARN,Arneses,607.05,602,337,265,1.79,México,QRO-SLP
3322,2021-11-12,2021-11-15,2021,11,5,3,0,0,41.4,471.74,11.39,San Juan del Río,Tier1,2-ELE,Electrónica,1189.72,3706,870,2836,4.26,México,QRO-MQZ
3323,2022-11-20,2022-11-25,2022,11,0,5,1,2,314.1,2593.67,8.26,León,Tier1,85-SUS,Suspensión,2247.84,2925,536,2389,5.46,Alemania,QRO-SJR
3324,2026-05-21,2026-06-02,2026,5,4,12,1,1,170.7,1446.21,8.47,San Luis Potosí,Tier1,4-FRE,Frenos,2773.92,2500,334,2166,7.49,Japón,QRO-CEL
3325,2023-11-12,2023-11-17,2023,11,0,5,1,2,234.7,2085.21,8.88,Corregidora,Tier1,25-ARN,Arneses,3915.2,4208,808,3400,5.21,China,QRO-MQZ
3326,2023-12-05,2023-12-13,2023,12,2,8,1,5,282.8,4611.02,16.3,Querétaro,Distribuidor,50-ARN,Arneses,2901.33,2029,792,1237,2.56,USA,QRO-SLP
3327,2024-01-18,2024-01-24,2024,1,4,6,1,3,100.5,1125.6,11.2,El Marqués,Tier1,85-SUS,Suspensión,2247.84,2925,536,2389,5.46,China,QRO-MQZ
3328,2022-02-10,2022-02-14,2022,2,4,4,1,1,208.7,3977.39,19.06,Corregidora,Taller,98-ARN,Arneses,3240.05,314,373,-59,0.84,Japón,QRO-SJR
3329,2025-05-19,2025-05-20,2025,5,1,1,0,0,103.9,1641.87,15.8,El Marqués,Tier1,40-ARN,Arneses,288.05,1674,857,817,1.95,USA,QRO-MQZ
3330,2026-05-10,2026-05-27,2026,5,0,17,1,12,277.8,4349.35,15.66,León,Taller,12-ELE,Electrónica,2050.98,4806,509,4297,9.44,Alemania,QRO-SJR
3331,2026-05-06,2026-05-31,2026,5,3,25,1,16,45.7,613.45,13.42,San Luis Potosí,Planta,59-ARN,Arneses,757.6,2440,393,2047,6.21,Alemania,QRO-MQZ
3332,2022-09-09,2022-09-14,2022,9,5,5,1,2,194.4,2852.66,14.67,Querétaro,Tier1,83-ELE,Electrónica,2047.97,1307,286,1021,4.57,USA,QRO-CEL
3333,2025-01-21,2025-01-27,2025,1,2,6,1,3,28,554.85,19.82,Querétaro,Tier1,14-SEN,Sensores,1286.42,722,555,167,1.3,China,QRO-SLP
3334,2023-08-25,2023-09-01,2023,8,5,7,1,4,122.2,1771.62,14.5,San Juan del Río,Planta,35-SEN,Sensores,262.68,3794,321,3473,11.82,Japón,QRO-SJR
3335,2025-11-19,2025-11-21,2025,11,3,2,0,0,212.2,2148.88,10.13,Querétaro,Taller,67-SEN,Sensores,1150.29,310,108,202,2.87,China,QRO-CEL
3336,2024-05-03,2024-05-08,2024,5,5,5,1,2,107.1,1251.32,11.68,Querétaro,Tier1,71-ELE,Electrónica,3176.69,1574,322,1252,4.89,Alemania,QRO-MQZ
3337,2025-02-12,2025-02-20,2025,2,3,8,1,5,224.5,1958.22,8.72,Querétaro,Distribuidor,82-ELE,Electrónica,4169.44,3032,267,2765,11.36,México,QRO-MQZ
3338,2024-01-03,2024-01-11,2024,1,3,8,1,5,323.3,3370.65,10.43,Celaya,Distribuidor,34-ELE,Electrónica,4829.03,4110,965,3145,4.26,Alemania,QRO-SLP
3339,2023-09-02,2023-09-05,2023,9,6,3,0,0,247.3,3955.47,15.99,El Marqués,Taller,78-FRE,Frenos,641.45,617,398,219,1.55,Alemania,QRO-SJR
3340,2026-05-11,2026-05-28,2026,5,1,17,1,11,219.3,4338.71,19.78,Corregidora,Distribuidor,64-SEN,Sensores,4961.2,4001,258,3743,15.51,México,QRO-MQZ
3341,2026-05-07,2026-05-25,2026,5,4,18,1,15,330.9,3848.58,11.63,San Juan del Río,Planta,61-ELE,Electrónica,1772.26,1011,456,555,2.22,China,QRO-SJR
3342,2023-10-10,2023-10-14,2023,10,2,4,1,1,157.8,1435.18,9.09,Corregidora,Distribuidor,68-ELE,Electrónica,428.16,3609,688,2921,5.25,USA,QRO-SJR
3343,2026-05-11,2026-05-30,2026,5,1,19,1,11,161.9,2394.94,14.79,Corregidora,Taller,47-ELE,Electrónica,129.58,3309,950,2359,3.48,Japón,QRO-MQZ
3344,2025-04-25,2025-05-02,2025,4,5,7,1,4,299.2,4273.69,14.28,Corregidora,Distribuidor,41-SEN,Sensores,4243.67,4515,377,4138,11.98,Japón,QRO-CEL
3345,2025-11-25,2025-12-02,2025,11,2,7,1,4,322.2,4591.1,14.25,Corregidora,Distribuidor,25-ELE,Electrónica,1552.43,1189,817,372,1.46,Japón,QRO-CEL
3346,2022-12-26,2022-12-28,2022,12,1,2,0,0,251.2,2450.41,9.75,El Marqués,Tier1,19-SEN,Sensores,1116.53,4535,959,3576,4.73,USA,QRO-SJR
3347,2021-02-10,2021-02-11,2021,2,3,1,0,0,341.3,5696.26,16.69,León,Taller,77-ARN,Arneses,4833.11,3865,647,3218,5.97,México,QRO-CEL
3348,2021-04-27,2021-04-29,2021,4,2,2,0,0,165.3,2056.08,12.44,Querétaro,Planta,80-SUS,Suspensión,3018.8,2364,799,1565,2.96,Alemania,QRO-CEL
3349,2026-05-04,2026-05-29,2026,5,1,25,1,18,189.3,3334.5,17.61,Querétaro,Distribuidor,1-ELE,Electrónica,4919.31,1189,945,244,1.26,México,QRO-CEL
3350,2025-06-18,2025-06-26,2025,6,3,8,1,5,76.2,837.29,10.99,León,Taller,30-ELE,Electrónica,3031.07,2212,562,1650,3.94,Japón,QRO-SJR
3351,2024-10-17,2024-10-24,2024,10,4,7,1,4,113.9,1316.38,11.56,San Luis Potosí,Tier1,13-FRE,Frenos,1618.96,1055,651,404,1.62,Alemania,QRO-SJR
3352,2026-05-06,2026-05-31,2026,5,3,25,1,16,265.8,3188.17,11.99,San Juan del Río,Tier1,68-ARN,Arneses,4667.59,2569,343,2226,7.49,USA,QRO-CEL
3353,2026-05-05,2026-05-28,2026,5,2,23,1,17,154.1,2367.82,15.37,Corregidora,Tier1,13-SUS,Suspensión,186.07,4142,666,3476,6.22,China,QRO-CEL
3354,2026-05-13,2026-05-29,2026,5,3,16,1,9,99.3,1487.31,14.98,El Marqués,Taller,31-SEN,Sensores,2188.74,120,548,-428,0.22,Alemania,QRO-SLP
3355,2021-06-19,2021-06-26,2021,6,6,7,1,4,28.2,301.68,10.7,León,Taller,44-ARN,Arneses,4310.1,1228,335,893,3.67,USA,QRO-SJR
3356,2022-11-29,2022-12-02,2022,11,2,3,0,0,37.4,365.46,9.77,León,Taller,58-ARN,Arneses,2254.49,3722,381,3341,9.77,USA,QRO-SJR
3357,2023-09-10,2023-09-18,2023,9,0,8,1,5,256.5,4368.39,17.03,Celaya,Tier1,4-ARN,Arneses,1994.2,3537,743,2794,4.76,China,QRO-CEL
3358,2021-12-11,2021-12-15,2021,12,6,4,1,1,186,3063.91,16.47,León,Tier1,35-ARN,Arneses,3574.66,2983,906,2077,3.29,USA,QRO-SLP
3359,2025-05-12,2025-05-18,2025,5,1,6,1,3,77.8,747.62,9.61,El Marqués,Tier1,70-ELE,Electrónica,1470.68,4676,492,4184,9.5,USA,QRO-CEL
3360,2022-01-19,2022-01-27,2022,1,3,8,1,5,215,1766.32,8.22,Querétaro,Planta,74-ELE,Electrónica,4728.06,3772,558,3214,6.76,México,QRO-CEL
3361,2022-06-27,2022-07-04,2022,6,1,7,1,4,156.1,1440.48,9.23,Corregidora,Tier1,36-ARN,Arneses,142.04,4438,157,4281,28.27,Alemania,QRO-SJR
3362,2026-05-20,2026-05-30,2026,5,3,10,1,2,187.8,3574.53,19.03,Corregidora,Distribuidor,6-FRE,Frenos,4765.97,4975,994,3981,5.01,China,QRO-SJR
3363,2023-10-15,2023-10-20,2023,10,0,5,1,2,70.5,703.57,9.98,Querétaro,Planta,4-ELE,Electrónica,1583.34,802,919,-117,0.87,USA,QRO-CEL
3364,2022-12-25,2022-12-28,2022,12,0,3,0,0,294.5,4913.09,16.68,León,Planta,30-SUS,Suspensión,506.69,2378,235,2143,10.12,USA,QRO-MQZ
3365,2022-05-04,2022-05-09,2022,5,3,5,1,2,218.9,2634.6,12.04,San Juan del Río,Tier1,50-FRE,Frenos,3207.27,2881,413,2468,6.98,Alemania,QRO-MQZ
3366,2022-05-12,2022-05-19,2022,5,4,7,1,4,145.6,1458.6,10.02,Corregidora,Tier1,24-FRE,Frenos,3167.6,1248,407,841,3.07,Alemania,QRO-SJR
3367,2026-05-11,2026-05-28,2026,5,1,17,1,11,305,5778.46,18.95,San Luis Potosí,Planta,30-ELE,Electrónica,3031.07,2212,562,1650,3.94,USA,QRO-SJR
3368,2025-08-10,2025-08-15,2025,8,0,5,1,2,340.5,2989.4,8.78,San Luis Potosí,Tier1,70-FRE,Frenos,3370.05,2773,737,2036,3.76,México,QRO-SJR
3369,2026-05-20,2026-05-27,2026,5,3,7,1,2,174.4,3381.1,19.39,El Marqués,Taller,83-FRE,Frenos,4864.67,2926,560,2366,5.22,México,QRO-MQZ
3370,2024-05-21,2024-05-24,2024,5,2,3,0,0,335.1,4379.81,13.07,Corregidora,Distribuidor,26-SUS,Suspensión,4121.98,3676,530,3146,6.94,China,QRO-SLP
3371,2024-07-25,2024-08-02,2024,7,4,8,1,5,187.7,2941.37,15.67,León,Tier1,33-ELE,Electrónica,3571.92,3016,937,2079,3.22,México,QRO-CEL
3372,2025-02-22,2025-02-25,2025,2,6,3,0,0,145.4,1404.76,9.66,San Juan del Río,Tier1,87-ARN,Arneses,4993.62,4977,367,4610,13.56,USA,QRO-MQZ
3373,2026-05-15,2026-05-31,2026,5,5,16,1,7,163.6,2139.79,13.08,Querétaro,Taller,16-SEN,Sensores,498.65,4923,754,4169,6.53,México,QRO-SLP
3374,2021-03-31,2021-04-04,2021,3,3,4,1,1,236.3,4410.81,18.67,San Luis Potosí,Distribuidor,60-ELE,Electrónica,1065.78,4715,596,4119,7.91,Alemania,QRO-SLP
3375,2023-09-10,2023-09-17,2023,9,0,7,1,4,218.3,4012.73,18.38,Corregidora,Planta,15-ARN,Arneses,2004.45,403,614,-211,0.66,Japón,QRO-SLP
3376,2021-05-07,2021-05-11,2021,5,5,4,1,1,321.5,4158.82,12.94,León,Tier1,43-ARN,Arneses,913.85,1716,755,961,2.27,China,QRO-CEL
3377,2025-04-03,2025-04-07,2025,4,4,4,1,1,79.4,1231.45,15.51,Celaya,Planta,34-ELE,Electrónica,4829.03,4110,965,3145,4.26,USA,QRO-SJR
3378,2023-02-16,2023-02-18,2023,2,4,2,0,0,308.6,2944.28,9.54,San Juan del Río,Tier1,28-FRE,Frenos,2880.95,4135,830,3305,4.98,México,QRO-CEL
3379,2024-04-14,2024-04-20,2024,4,0,6,1,3,130.5,1989.58,15.25,El Marqués,Taller,54-ARN,Arneses,3425.08,4574,874,3700,5.23,Alemania,QRO-SJR
3380,2024-11-10,2024-11-18,2024,11,0,8,1,5,229.3,2450.36,10.69,El Marqués,Distribuidor,66-SUS,Suspensión,3813.62,870,354,516,2.46,Japón,QRO-SJR
3381,2024-10-01,2024-10-03,2024,10,2,2,0,0,99.1,1977.8,19.96,Querétaro,Tier1,48-ELE,Electrónica,2929.89,2314,767,1547,3.02,Alemania,QRO-CEL
3382,2026-05-10,2026-05-29,2026,5,0,19,1,12,166,2696.78,16.25,Querétaro,Planta,44-ELE,Electrónica,1705.75,4295,341,3954,12.6,Japón,QRO-SJR
3383,2026-05-02,2026-05-26,2026,5,6,24,1,20,318.9,4381.4,13.74,San Luis Potosí,Tier1,11-ELE,Electrónica,2731.07,2870,828,2042,3.47,Alemania,QRO-SJR
3384,2026-05-03,2026-05-30,2026,5,0,27,1,19,252.7,3869.38,15.31,San Juan del Río,Planta,9-ARN,Arneses,1971.31,2328,930,1398,2.5,México,QRO-SLP
3385,2024-10-27,2024-10-29,2024,10,0,2,0,0,141.2,1374.82,9.74,León,Taller,25-SEN,Sensores,4979.92,3606,752,2854,4.8,México,QRO-CEL
3386,2022-07-20,2022-07-21,2022,7,3,1,0,0,138.2,2286.28,16.54,Celaya,Tier1,68-FRE,Frenos,3853.4,2725,382,2343,7.13,Alemania,QRO-SLP
3387,2023-06-24,2023-06-28,2023,6,6,4,1,1,296.3,4539.53,15.32,Corregidora,Planta,87-SEN,Sensores,1243.01,2731,878,1853,3.11,México,QRO-CEL
3388,2022-02-04,2022-02-06,2022,2,5,2,0,0,261.1,4492.43,17.21,El Marqués,Taller,50-ELE,Electrónica,3253.74,3790,410,3380,9.24,México,QRO-SJR
3389,2026-05-12,2026-06-01,2026,5,2,20,1,10,60,986.85,16.45,San Luis Potosí,Tier1,89-ARN,Arneses,2647.36,4434,738,3696,6.01,Alemania,QRO-MQZ
3390,2024-09-02,2024-09-05,2024,9,1,3,0,0,169.6,1577.09,9.3,El Marqués,Taller,29-ELE,Electrónica,1560,2476,616,1860,4.02,China,QRO-SLP
3391,2026-05-06,2026-05-27,2026,5,3,21,1,16,188.5,1650.88,8.76,León,Tier1,73-SEN,Sensores,1840.37,2686,730,1956,3.68,Alemania,QRO-MQZ
3392,2026-05-18,2026-05-31,2026,5,1,13,1,4,28.3,489.2,17.29,León,Tier1,65-SUS,Suspensión,3449.87,4345,595,3750,7.3,China,QRO-SJR
3393,2022-11-17,2022-11-24,2022,11,4,7,1,4,104.2,1388.96,13.33,San Luis Potosí,Tier1,59-FRE,Frenos,254.95,2883,557,2326,5.18,México,QRO-CEL
3394,2022-12-17,2022-12-24,2022,12,6,7,1,4,19.6,325.54,16.61,El Marqués,Tier1,39-SEN,Sensores,905.02,4748,901,3847,5.27,México,QRO-SLP
3395,2023-04-10,2023-04-12,2023,4,1,2,0,0,175.3,1496.62,8.54,León,Taller,85-SEN,Sensores,1521.2,2920,544,2376,5.37,México,QRO-SJR
3396,2021-11-22,2021-11-24,2021,11,1,2,0,0,311.9,5586.32,17.91,San Luis Potosí,Tier1,50-SUS,Suspensión,1449.41,272,798,-526,0.34,Japón,QRO-SLP
3397,2024-09-25,2024-09-29,2024,9,3,4,1,1,21.3,358.82,16.85,Querétaro,Distribuidor,84-ARN,Arneses,1914.15,2582,463,2119,5.58,USA,QRO-CEL
3398,2021-10-05,2021-10-06,2021,10,2,1,0,0,323.4,3384.4,10.47,San Juan del Río,Planta,76-FRE,Frenos,3738.99,1682,676,1006,2.49,China,QRO-SJR
3399,2025-03-22,2025-03-23,2025,3,6,1,0,0,180.8,1750.79,9.68,Celaya,Distribuidor,86-ARN,Arneses,2813.21,4833,175,4658,27.62,USA,QRO-SJR
3400,2023-10-01,2023-10-05,2023,10,0,4,1,1,156.2,2001.78,12.82,Celaya,Tier1,6-ELE,Electrónica,1689.54,135,497,-362,0.27,Alemania,QRO-MQZ
3401,2026-05-17,2026-05-25,2026,5,0,8,1,5,340.2,6733.41,19.79,Corregidora,Distribuidor,29-FRE,Frenos,3167.34,4361,305,4056,14.3,Alemania,QRO-MQZ
3402,2025-01-07,2025-01-08,2025,1,2,1,0,0,267.1,4291.7,16.07,Corregidora,Distribuidor,45-SEN,Sensores,754.06,1135,113,1022,10.04,Alemania,QRO-MQZ
3403,2026-05-08,2026-05-27,2026,5,5,19,1,14,106,1750.53,16.51,San Luis Potosí,Tier1,95-FRE,Frenos,4724.44,71,925,-854,0.08,Japón,QRO-CEL
3404,2021-01-02,2021-01-09,2021,1,6,7,1,4,326.4,2620.37,8.03,Corregidora,Distribuidor,55-FRE,Frenos,3030.18,3583,896,2687,4,China,QRO-CEL
3405,2023-05-18,2023-05-24,2023,5,4,6,1,3,162.1,1635.37,10.09,El Marqués,Tier1,52-ARN,Arneses,4854.61,3039,358,2681,8.49,China,QRO-MQZ
3406,2022-11-03,2022-11-08,2022,11,4,5,1,2,218.9,3429.84,15.67,San Juan del Río,Tier1,51-SUS,Suspensión,1327.15,4912,621,4291,7.91,Japón,QRO-SLP
3407,2026-05-16,2026-05-25,2026,5,6,9,1,6,336.7,6553.19,19.46,San Juan del Río,Taller,77-ARN,Arneses,4833.11,3865,647,3218,5.97,China,QRO-CEL
3408,2026-05-22,2026-05-28,2026,5,5,6,0,0,255.3,2928.56,11.47,León,Tier1,49-SUS,Suspensión,2456.79,4682,791,3891,5.92,Alemania,QRO-MQZ
3409,2026-05-08,2026-06-01,2026,5,5,24,1,14,326.9,4952.73,15.15,San Luis Potosí,Tier1,50-SUS,Suspensión,1449.41,272,798,-526,0.34,México,QRO-SLP
3410,2022-04-18,2022-04-21,2022,4,1,3,0,0,191.4,2944.43,15.38,Corregidora,Distribuidor,51-SUS,Suspensión,1327.15,4912,621,4291,7.91,México,QRO-SJR
3411,2025-02-07,2025-02-11,2025,2,5,4,1,1,66.7,550.86,8.26,Querétaro,Tier1,67-ARN,Arneses,250.33,2392,600,1792,3.99,China,QRO-CEL
3412,2026-02-25,2026-02-27,2026,2,3,2,0,0,147.4,1814.8,12.31,Querétaro,Planta,22-ELE,Electrónica,4549.91,3883,821,3062,4.73,Alemania,QRO-CEL
3413,2026-05-18,2026-05-27,2026,5,1,9,1,4,24.9,278.97,11.2,San Luis Potosí,Planta,66-ARN,Arneses,3511.95,1519,764,755,1.99,USA,QRO-SJR
3414,2026-05-09,2026-05-28,2026,5,6,19,1,13,229.3,4466.49,19.48,El Marqués,Tier1,28-SEN,Sensores,1818.54,4432,701,3731,6.32,México,QRO-SJR
3415,2021-02-05,2021-02-11,2021,2,5,6,1,3,172.2,1945.05,11.3,San Luis Potosí,Planta,1-ELE,Electrónica,4919.31,1189,945,244,1.26,USA,QRO-MQZ
3416,2026-05-25,2026-06-02,2026,5,1,8,0,0,321.8,3548.92,11.03,San Juan del Río,Taller,56-SEN,Sensores,1253.34,3707,620,3087,5.98,China,QRO-CEL
3417,2026-02-19,2026-02-21,2026,2,4,2,0,0,315.4,5183.67,16.44,San Juan del Río,Planta,16-ELE,Electrónica,316.27,2849,664,2185,4.29,Alemania,QRO-SJR
3418,2022-10-01,2022-10-09,2022,10,6,8,1,5,248,4430.95,17.87,León,Taller,60-SEN,Sensores,4618.25,4938,354,4584,13.95,USA,QRO-CEL
3419,2021-02-06,2021-02-12,2021,2,6,6,1,3,21.5,342.66,15.94,Celaya,Planta,33-FRE,Frenos,4635.35,4897,202,4695,24.24,USA,QRO-SLP
3420,2022-04-20,2022-04-28,2022,4,3,8,1,5,220.2,2401.4,10.91,Corregidora,Planta,51-FRE,Frenos,1270.56,3380,623,2757,5.43,Japón,QRO-SLP
3421,2024-03-05,2024-03-09,2024,3,2,4,1,1,38.4,564.24,14.69,Querétaro,Tier1,72-SUS,Suspensión,234.19,3605,243,3362,14.84,China,QRO-SJR
3422,2023-04-23,2023-04-25,2023,4,0,2,0,0,334.7,4360.22,13.03,San Luis Potosí,Tier1,95-FRE,Frenos,4724.44,71,925,-854,0.08,USA,QRO-SLP
3423,2023-06-03,2023-06-06,2023,6,6,3,0,0,167.8,1906.51,11.36,Querétaro,Distribuidor,91-ELE,Electrónica,4015.73,261,463,-202,0.56,Japón,QRO-SJR
3424,2022-04-30,2022-05-01,2022,4,6,1,0,0,86,1625.44,18.9,Corregidora,Distribuidor,78-ELE,Electrónica,2160.49,2923,533,2390,5.48,China,QRO-SLP
3425,2026-05-10,2026-05-28,2026,5,0,18,1,12,212.2,3730.46,17.58,León,Tier1,98-ARN,Arneses,3240.05,314,373,-59,0.84,Japón,QRO-MQZ
3426,2025-01-16,2025-01-23,2025,1,4,7,1,4,136.1,2047.88,15.05,Celaya,Tier1,35-SEN,Sensores,262.68,3794,321,3473,11.82,México,QRO-SJR
3427,2023-10-24,2023-10-25,2023,10,2,1,0,0,89.9,1501.23,16.7,Querétaro,Tier1,93-ELE,Electrónica,3454.32,4964,773,4191,6.42,México,QRO-SLP
3428,2022-02-07,2022-02-09,2022,2,1,2,0,0,207.9,2677.22,12.88,Celaya,Planta,75-SUS,Suspensión,269.17,1657,967,690,1.71,México,QRO-SJR
3429,2023-03-14,2023-03-22,2023,3,2,8,1,5,308.1,2949.26,9.57,Celaya,Planta,34-ELE,Electrónica,4829.03,4110,965,3145,4.26,Alemania,QRO-SJR
3430,2022-07-09,2022-07-16,2022,7,6,7,1,4,115.7,2118.97,18.31,San Juan del Río,Tier1,83-ARN,Arneses,4089.81,3819,304,3515,12.56,USA,QRO-SLP
3431,2026-05-03,2026-05-31,2026,5,0,28,1,19,241,3692.51,15.32,San Juan del Río,Planta,65-SEN,Sensores,3356.68,3642,308,3334,11.82,USA,QRO-SLP
3432,2021-03-10,2021-03-14,2021,3,3,4,1,1,180.6,2283.05,12.64,Corregidora,Planta,87-FRE,Frenos,4868.31,520,545,-25,0.95,Alemania,QRO-SJR
3433,2021-08-27,2021-09-03,2021,8,5,7,1,4,335.8,6271.7,18.68,Celaya,Tier1,40-FRE,Frenos,351,1572,317,1255,4.96,México,QRO-CEL
3434,2026-05-18,2026-05-25,2026,5,1,7,1,4,241.2,3970.53,16.46,Querétaro,Taller,83-SEN,Sensores,3044.98,1762,882,880,2,USA,QRO-MQZ
3435,2026-05-14,2026-05-30,2026,5,4,16,1,8,167,3019.04,18.08,Querétaro,Planta,5-ELE,Electrónica,92.23,1679,445,1234,3.77,México,QRO-SLP
3436,2026-05-06,2026-05-27,2026,5,3,21,1,16,255.4,2815.92,11.03,Corregidora,Distribuidor,10-ELE,Electrónica,3951.78,1728,872,856,1.98,Japón,QRO-SLP
3437,2026-05-04,2026-05-27,2026,5,1,23,1,18,20.9,388.28,18.58,San Juan del Río,Taller,18-FRE,Frenos,2478.97,2322,407,1915,5.71,México,QRO-MQZ
3438,2026-05-15,2026-05-27,2026,5,5,12,1,7,191.5,1905.23,9.95,El Marqués,Tier1,57-FRE,Frenos,1434.88,3059,113,2946,27.07,USA,QRO-CEL
3439,2026-05-20,2026-05-31,2026,5,3,11,1,2,44.3,478.19,10.79,Corregidora,Distribuidor,84-SEN,Sensores,3879.48,1645,209,1436,7.87,Japón,QRO-SJR
3440,2025-11-03,2025-11-06,2025,11,1,3,0,0,111.7,2223.4,19.91,El Marqués,Tier1,19-FRE,Frenos,2228.63,130,180,-50,0.72,Japón,QRO-MQZ
3441,2023-05-20,2023-05-27,2023,5,6,7,1,4,76.6,1100.45,14.37,Corregidora,Planta,77-SUS,Suspensión,2408.66,2567,263,2304,9.76,Alemania,QRO-MQZ
3442,2026-05-03,2026-05-27,2026,5,0,24,1,19,234,3837.22,16.4,San Juan del Río,Tier1,55-SEN,Sensores,431.65,4262,586,3676,7.27,USA,QRO-CEL
3443,2025-02-09,2025-02-13,2025,2,0,4,1,1,35.6,544.64,15.3,Querétaro,Tier1,54-SEN,Sensores,2229.64,971,924,47,1.05,Japón,QRO-SJR
3444,2022-06-28,2022-07-06,2022,6,2,8,1,5,190.8,2967.64,15.55,León,Planta,92-FRE,Frenos,3332.83,2180,940,1240,2.32,USA,QRO-MQZ
3445,2026-05-09,2026-05-25,2026,5,6,16,1,13,130.9,1986.35,15.17,Celaya,Tier1,69-ELE,Electrónica,1827.32,416,556,-140,0.75,Japón,QRO-MQZ
3446,2021-07-09,2021-07-17,2021,7,5,8,1,5,295.1,3628.22,12.29,León,Planta,2-SUS,Suspensión,2244.37,1376,919,457,1.5,Alemania,QRO-MQZ
3447,2022-03-30,2022-04-05,2022,3,3,6,1,3,337.3,3841.67,11.39,Querétaro,Tier1,100-ARN,Arneses,1116.73,659,716,-57,0.92,China,QRO-CEL
3448,2026-05-12,2026-05-26,2026,5,2,14,1,10,273.6,3306.54,12.09,San Juan del Río,Planta,26-SUS,Suspensión,4121.98,3676,530,3146,6.94,USA,QRO-SJR
3449,2024-01-05,2024-01-09,2024,1,5,4,1,1,104.6,1913.6,18.29,Querétaro,Planta,72-FRE,Frenos,2982.1,4614,609,4005,7.58,Alemania,QRO-MQZ
3450,2026-05-06,2026-06-01,2026,5,3,26,1,16,214.9,4148.56,19.3,San Juan del Río,Planta,92-SEN,Sensores,4469.2,3130,154,2976,20.32,Japón,QRO-SLP
3451,2024-02-01,2024-02-03,2024,2,4,2,0,0,29.2,345.06,11.82,Corregidora,Planta,34-ELE,Electrónica,4829.03,4110,965,3145,4.26,USA,QRO-CEL
3452,2021-07-14,2021-07-19,2021,7,3,5,1,2,327.6,5262.04,16.06,León,Tier1,45-SUS,Suspensión,2909.13,3021,431,2590,7.01,USA,QRO-MQZ
3453,2021-05-12,2021-05-19,2021,5,3,7,1,4,128.5,2538.89,19.76,San Luis Potosí,Tier1,25-ELE,Electrónica,1552.43,1189,817,372,1.46,USA,QRO-SLP
3454,2021-11-05,2021-11-09,2021,11,5,4,1,1,31.1,417.12,13.41,Celaya,Planta,83-ARN,Arneses,4089.81,3819,304,3515,12.56,Alemania,QRO-CEL
3455,2022-02-25,2022-03-02,2022,2,5,5,1,2,123.2,1397.92,11.35,Celaya,Distribuidor,88-FRE,Frenos,4043.96,2439,113,2326,21.58,México,QRO-CEL
3456,2026-05-01,2026-05-31,2026,5,5,30,1,21,131.2,2111.58,16.09,Celaya,Tier1,43-ELE,Electrónica,2094.4,1745,174,1571,10.03,Alemania,QRO-SJR
3457,2023-04-16,2023-04-19,2023,4,0,3,0,0,167.3,1780.86,10.64,Querétaro,Planta,95-SEN,Sensores,3843.72,3856,664,3192,5.81,México,QRO-CEL
3458,2024-08-17,2024-08-20,2024,8,6,3,0,0,238.4,2972.72,12.47,Corregidora,Planta,34-SUS,Suspensión,3433.34,3403,155,3248,21.95,China,QRO-CEL
3459,2025-12-12,2025-12-15,2025,12,5,3,0,0,200.8,3955.26,19.7,El Marqués,Taller,8-SEN,Sensores,4374.33,2187,777,1410,2.81,Alemania,QRO-CEL
3460,2026-05-16,2026-05-30,2026,5,6,14,1,6,235.3,3663.89,15.57,Querétaro,Distribuidor,88-SUS,Suspensión,1941.02,3880,832,3048,4.66,Japón,QRO-MQZ
3461,2023-01-15,2023-01-19,2023,1,0,4,1,1,25.7,219.14,8.53,Celaya,Tier1,14-ELE,Electrónica,1218.61,173,107,66,1.62,Japón,QRO-CEL
3462,2024-11-16,2024-11-23,2024,11,6,7,1,4,303.7,4861.92,16.01,El Marqués,Taller,53-SEN,Sensores,2001.95,4699,843,3856,5.57,China,QRO-CEL
3463,2022-07-26,2022-07-31,2022,7,2,5,1,2,73.7,1462.79,19.85,San Juan del Río,Planta,28-SUS,Suspensión,2679.89,2559,178,2381,14.38,Alemania,QRO-SJR
3464,2024-03-30,2024-04-03,2024,3,6,4,1,1,200.7,1821.36,9.08,Querétaro,Planta,85-SEN,Sensores,1521.2,2920,544,2376,5.37,Alemania,QRO-MQZ
3465,2026-04-23,2026-04-30,2026,4,4,7,1,4,122.8,2033.89,16.56,San Juan del Río,Planta,32-ELE,Electrónica,2499.14,1034,842,192,1.23,USA,QRO-SJR
3466,2025-02-03,2025-02-05,2025,2,1,2,0,0,50.7,669.2,13.2,Querétaro,Planta,38-FRE,Frenos,2176.42,4632,529,4103,8.76,China,QRO-SLP
3467,2025-03-02,2025-03-10,2025,3,0,8,1,5,256.4,4576.39,17.85,Querétaro,Distribuidor,78-ELE,Electrónica,2160.49,2923,533,2390,5.48,Japón,QRO-SLP
3468,2021-11-01,2021-11-04,2021,11,1,3,0,0,201.9,3381.57,16.75,San Juan del Río,Taller,93-ELE,Electrónica,3454.32,4964,773,4191,6.42,China,QRO-SJR
3469,2025-08-23,2025-08-28,2025,8,6,5,1,2,237.9,4564.48,19.19,San Juan del Río,Planta,94-SEN,Sensores,3460.4,1180,938,242,1.26,Japón,QRO-CEL
3470,2026-05-14,2026-05-30,2026,5,4,16,1,8,169.2,2540.76,15.02,León,Planta,57-FRE,Frenos,1434.88,3059,113,2946,27.07,USA,QRO-SLP
3471,2023-04-04,2023-04-07,2023,4,2,3,0,0,216.5,2271.84,10.49,Corregidora,Planta,57-FRE,Frenos,1434.88,3059,113,2946,27.07,Alemania,QRO-SLP
3472,2023-10-26,2023-11-01,2023,10,4,6,1,3,187.8,1682.02,8.96,León,Planta,29-ARN,Arneses,4197.3,2125,821,1304,2.59,México,QRO-CEL
3473,2026-05-01,2026-05-25,2026,5,5,24,1,21,267.7,4542.79,16.97,San Luis Potosí,Tier1,66-ARN,Arneses,3511.95,1519,764,755,1.99,Japón,QRO-SJR
3474,2026-05-08,2026-05-31,2026,5,5,23,1,14,111.2,1832.52,16.48,León,Taller,50-SUS,Suspensión,1449.41,272,798,-526,0.34,México,QRO-SLP
3475,2025-02-17,2025-02-23,2025,2,1,6,1,3,165,2563.65,15.54,San Juan del Río,Planta,71-SUS,Suspensión,1916.47,1253,659,594,1.9,China,QRO-MQZ
3476,2022-03-01,2022-03-08,2022,3,2,7,1,4,189.5,1583.72,8.36,San Luis Potosí,Tier1,53-ELE,Electrónica,2503.62,2992,933,2059,3.21,Japón,QRO-MQZ
3477,2023-06-07,2023-06-13,2023,6,3,6,1,3,150.5,1382.93,9.19,San Juan del Río,Taller,4-SUS,Suspensión,4325.44,2289,793,1496,2.89,Alemania,QRO-SLP
3478,2021-01-17,2021-01-18,2021,1,0,1,0,0,191.9,2586.33,13.48,Corregidora,Tier1,2-ARN,Arneses,3272.1,4817,709,4108,6.79,México,QRO-MQZ
3479,2025-07-05,2025-07-06,2025,7,6,1,0,0,53.2,733.31,13.78,Corregidora,Tier1,79-ELE,Electrónica,359.85,133,141,-8,0.94,Japón,QRO-SJR
3480,2022-12-23,2022-12-25,2022,12,5,2,0,0,107.8,1010.46,9.37,El Marqués,Taller,30-ELE,Electrónica,3031.07,2212,562,1650,3.94,USA,QRO-SLP
3481,2022-01-01,2022-01-05,2022,1,6,4,1,1,10.4,83.73,8.05,San Juan del Río,Tier1,88-ELE,Electrónica,952.75,1483,288,1195,5.15,China,QRO-MQZ
3482,2023-10-11,2023-10-12,2023,10,3,1,0,0,221.1,3369.78,15.24,Querétaro,Distribuidor,33-SEN,Sensores,4299.55,4446,746,3700,5.96,USA,QRO-CEL
3483,2025-05-30,2025-06-04,2025,5,5,5,1,2,40.5,346.07,8.54,San Juan del Río,Tier1,8-ELE,Electrónica,1771.55,3926,741,3185,5.3,Japón,QRO-SLP
3484,2021-11-30,2021-12-08,2021,11,2,8,1,5,176.3,2024.66,11.48,Celaya,Tier1,11-FRE,Frenos,495.05,2683,151,2532,17.77,China,QRO-CEL
3485,2021-04-15,2021-04-21,2021,4,4,6,1,3,336.3,5651.86,16.81,San Luis Potosí,Tier1,10-SUS,Suspensión,3974.3,2474,590,1884,4.19,Alemania,QRO-SLP
3486,2026-05-13,2026-05-25,2026,5,3,12,1,9,114,1419.25,12.45,Celaya,Distribuidor,94-ELE,Electrónica,673.59,2723,409,2314,6.66,USA,QRO-CEL
3487,2023-01-24,2023-01-31,2023,1,2,7,1,4,208.7,3693.42,17.7,San Luis Potosí,Planta,45-ELE,Electrónica,4169.66,3629,173,3456,20.98,Alemania,QRO-SJR
3488,2022-04-09,2022-04-14,2022,4,6,5,1,2,298.1,3198.24,10.73,León,Taller,42-SEN,Sensores,534.52,117,157,-40,0.75,Alemania,QRO-CEL
3489,2025-04-09,2025-04-12,2025,4,3,3,0,0,72.1,878.56,12.19,El Marqués,Distribuidor,75-ELE,Electrónica,216.11,4758,831,3927,5.73,USA,QRO-SJR
3490,2026-05-09,2026-05-26,2026,5,6,17,1,13,225.6,3662.53,16.23,Corregidora,Distribuidor,72-FRE,Frenos,2982.1,4614,609,4005,7.58,USA,QRO-SLP
3491,2023-12-11,2023-12-17,2023,12,1,6,1,3,333,2793.77,8.39,Querétaro,Tier1,45-ARN,Arneses,944.57,3020,180,2840,16.78,USA,QRO-CEL
3492,2022-11-20,2022-11-22,2022,11,0,2,0,0,82,1445.02,17.62,San Luis Potosí,Planta,67-FRE,Frenos,2570.48,1579,719,860,2.2,México,QRO-SLP
3493,2026-05-17,2026-05-29,2026,5,0,12,1,5,137.3,1739.57,12.67,San Juan del Río,Planta,20-ELE,Electrónica,4578.72,3498,121,3377,28.91,Japón,QRO-SLP
3494,2026-05-19,2026-06-01,2026,5,2,13,1,3,246.2,3212,13.05,San Luis Potosí,Tier1,23-SUS,Suspensión,3508.58,2134,799,1335,2.67,USA,QRO-MQZ
3495,2026-05-25,2026-05-31,2026,5,1,6,1,3,201.7,1643.26,8.15,San Juan del Río,Tier1,67-ARN,Arneses,250.33,2392,600,1792,3.99,China,QRO-SJR
3496,2025-06-05,2025-06-08,2025,6,4,3,0,0,268.8,4618.35,17.18,El Marqués,Tier1,86-ARN,Arneses,2813.21,4833,175,4658,27.62,USA,QRO-CEL
3497,2021-12-08,2021-12-14,2021,12,3,6,1,3,147.4,1398.18,9.49,San Luis Potosí,Distribuidor,25-FRE,Frenos,2232.98,3690,225,3465,16.4,México,QRO-CEL
3498,2024-12-03,2024-12-05,2024,12,2,2,0,0,38.2,427,11.18,San Juan del Río,Taller,13-SEN,Sensores,1929.65,2670,406,2264,6.58,Alemania,QRO-MQZ
3499,2024-09-07,2024-09-12,2024,9,6,5,1,2,73.2,1125.95,15.38,San Luis Potosí,Planta,25-ARN,Arneses,3915.2,4208,808,3400,5.21,Japón,QRO-SJR
3500,2022-07-07,2022-07-08,2022,7,4,1,0,0,22.5,376.71,16.74,Corregidora,Tier1,39-ARN,Arneses,1573.02,936,723,213,1.29,USA,QRO-SLP
3501,2026-05-17,2026-05-30,2026,5,0,13,1,5,81.5,1004.71,12.33,San Juan del Río,Tier1,16-SEN,Sensores,498.65,4923,754,4169,6.53,China,QRO-SJR
3502,2026-05-04,2026-05-26,2026,5,1,22,1,18,262.7,5173.84,19.69,Celaya,Distribuidor,93-SUS,Suspensión,251.29,694,704,-10,0.99,China,QRO-SJR
3503,2024-01-19,2024-01-24,2024,1,5,5,1,2,179,1921.76,10.74,San Juan del Río,Tier1,7-SUS,Suspensión,3185.28,4440,570,3870,7.79,China,QRO-CEL
3504,2024-02-20,2024-02-22,2024,2,2,2,0,0,258.8,4174.33,16.13,León,Tier1,9-ARN,Arneses,1971.31,2328,930,1398,2.5,Alemania,QRO-SLP
3505,2026-05-12,2026-05-29,2026,5,2,17,1,10,131.2,1721.81,13.12,San Juan del Río,Taller,84-ELE,Electrónica,4956.47,3359,709,2650,4.74,México,QRO-CEL
3506,2024-01-24,2024-01-30,2024,1,3,6,1,3,257.2,3548.97,13.8,San Juan del Río,Tier1,77-ELE,Electrónica,761.01,3401,523,2878,6.5,Alemania,QRO-CEL
3507,2023-04-05,2023-04-10,2023,4,3,5,1,2,344.2,4616.04,13.41,Celaya,Taller,10-SEN,Sensores,4186.41,1042,960,82,1.09,Japón,QRO-MQZ
3508,2022-05-28,2022-05-29,2022,5,6,1,0,0,21.2,320.68,15.13,Corregidora,Tier1,92-FRE,Frenos,3332.83,2180,940,1240,2.32,Alemania,QRO-MQZ
3509,2026-05-14,2026-06-01,2026,5,4,18,1,8,166.2,2586.75,15.56,León,Planta,33-ARN,Arneses,4073.72,1315,307,1008,4.28,Alemania,QRO-CEL
3510,2023-03-17,2023-03-18,2023,3,5,1,0,0,82.4,1608.33,19.52,Corregidora,Distribuidor,35-SEN,Sensores,262.68,3794,321,3473,11.82,Alemania,QRO-SLP
3511,2022-09-27,2022-09-29,2022,9,2,2,0,0,105.1,1833.85,17.45,San Juan del Río,Planta,46-SUS,Suspensión,1653.36,4322,935,3387,4.62,China,QRO-CEL
3512,2024-04-14,2024-04-15,2024,4,0,1,0,0,60.5,609.05,10.07,León,Planta,100-ELE,Electrónica,3513.62,1971,804,1167,2.45,Alemania,QRO-SLP
3513,2026-05-23,2026-05-30,2026,5,6,7,0,0,284.7,3205.69,11.26,Corregidora,Tier1,57-ELE,Electrónica,4825.73,3798,194,3604,19.58,USA,QRO-CEL
3514,2025-07-11,2025-07-14,2025,7,5,3,0,0,341.2,6721.66,19.7,San Luis Potosí,Planta,97-SEN,Sensores,396.7,1142,502,640,2.27,Alemania,QRO-MQZ
3515,2022-09-05,2022-09-07,2022,9,1,2,0,0,186.8,3353.91,17.95,Querétaro,Tier1,29-ELE,Electrónica,1560,2476,616,1860,4.02,USA,QRO-CEL
3516,2024-12-01,2024-12-06,2024,12,0,5,1,2,176.6,1860.43,10.53,León,Tier1,26-ELE,Electrónica,922.82,3095,331,2764,9.35,USA,QRO-CEL
3517,2026-05-10,2026-05-25,2026,5,0,15,1,12,160.2,1410.82,8.81,San Luis Potosí,Taller,93-SEN,Sensores,4236.96,1229,379,850,3.24,China,QRO-MQZ
3518,2022-12-22,2022-12-30,2022,12,4,8,1,5,72.8,746.59,10.26,Querétaro,Planta,27-SEN,Sensores,2154.77,2124,891,1233,2.38,Alemania,QRO-SLP
3519,2021-02-13,2021-02-15,2021,2,6,2,0,0,137.4,1466.98,10.68,León,Planta,81-FRE,Frenos,857.33,1893,403,1490,4.7,USA,QRO-MQZ
3520,2024-11-25,2024-11-29,2024,11,1,4,1,1,60.7,493.23,8.13,San Luis Potosí,Taller,32-ELE,Electrónica,2499.14,1034,842,192,1.23,China,QRO-SLP
3521,2025-04-05,2025-04-06,2025,4,6,1,0,0,279.1,3645.38,13.06,Corregidora,Distribuidor,27-SEN,Sensores,2154.77,2124,891,1233,2.38,China,QRO-SJR
3522,2025-03-10,2025-03-12,2025,3,1,2,0,0,251.6,4088.22,16.25,San Juan del Río,Tier1,93-SEN,Sensores,4236.96,1229,379,850,3.24,México,QRO-SLP
3523,2026-05-16,2026-05-30,2026,5,6,14,1,6,177.7,1725.49,9.71,Corregidora,Planta,26-ELE,Electrónica,922.82,3095,331,2764,9.35,USA,QRO-SLP
3524,2021-10-03,2021-10-11,2021,10,0,8,1,5,257.2,2954.56,11.49,Corregidora,Tier1,69-FRE,Frenos,186.87,4709,419,4290,11.24,China,QRO-SLP
3525,2026-05-16,2026-05-24,2026,5,6,8,1,5,260.4,3227.33,12.39,León,Taller,10-FRE,Frenos,553.07,572,283,289,2.02,Japón,QRO-SJR
3526,2024-06-26,2024-07-04,2024,6,3,8,1,5,306.3,4570.85,14.92,San Luis Potosí,Tier1,44-ARN,Arneses,4310.1,1228,335,893,3.67,USA,QRO-MQZ
3527,2021-10-18,2021-10-26,2021,10,1,8,1,5,39.8,415.05,10.43,El Marqués,Taller,41-SEN,Sensores,4243.67,4515,377,4138,11.98,USA,QRO-MQZ
3528,2024-11-26,2024-12-02,2024,11,2,6,1,3,17.5,273.29,15.62,León,Taller,41-SEN,Sensores,4243.67,4515,377,4138,11.98,Japón,QRO-SJR
3529,2024-07-20,2024-07-22,2024,7,6,2,0,0,126.3,1390.77,11.01,Celaya,Distribuidor,23-ELE,Electrónica,1997.95,1627,354,1273,4.6,México,QRO-SLP
3530,2026-05-21,2026-05-27,2026,5,4,6,1,1,310.1,4599.01,14.83,San Luis Potosí,Tier1,34-ELE,Electrónica,4829.03,4110,965,3145,4.26,México,QRO-CEL
3531,2026-05-18,2026-05-31,2026,5,1,13,1,4,189.5,2149.36,11.34,San Juan del Río,Planta,61-SEN,Sensores,110.24,3207,891,2316,3.6,Alemania,QRO-CEL
3532,2022-12-18,2022-12-20,2022,12,0,2,0,0,226.7,4015.52,17.71,San Juan del Río,Planta,40-SEN,Sensores,1730.14,4560,975,3585,4.68,Alemania,QRO-SJR
3533,2026-05-19,2026-06-01,2026,5,2,13,1,3,229.5,3561.76,15.52,León,Tier1,79-SEN,Sensores,3466.99,835,695,140,1.2,USA,QRO-MQZ
3534,2025-02-27,2025-03-02,2025,2,4,3,0,0,152.3,2282.16,14.98,Celaya,Tier1,41-SEN,Sensores,4243.67,4515,377,4138,11.98,Alemania,QRO-SLP
3535,2026-05-23,2026-06-05,2026,5,6,13,0,0,181.4,2374.87,13.09,León,Tier1,4-FRE,Frenos,2773.92,2500,334,2166,7.49,México,QRO-MQZ
3536,2024-03-27,2024-03-29,2024,3,3,2,0,0,81.7,1549.85,18.97,Querétaro,Planta,37-ELE,Electrónica,3241.13,791,710,81,1.11,México,QRO-SJR
3537,2026-05-19,2026-05-29,2026,5,2,10,1,3,219.7,2507.79,11.41,León,Planta,66-FRE,Frenos,1624.56,4540,510,4030,8.9,Japón,QRO-CEL
3538,2024-04-09,2024-04-15,2024,4,2,6,1,3,265.7,3296.04,12.41,San Juan del Río,Taller,75-ARN,Arneses,783.6,3454,262,3192,13.18,Alemania,QRO-SLP
3539,2024-05-08,2024-05-16,2024,5,3,8,1,5,340.7,4952.27,14.54,San Juan del Río,Taller,58-ARN,Arneses,2254.49,3722,381,3341,9.77,USA,QRO-SJR
3540,2026-05-11,2026-06-01,2026,5,1,21,1,11,181.4,3403.97,18.76,El Marqués,Distribuidor,81-SEN,Sensores,3476.55,1073,855,218,1.25,USA,QRO-MQZ
3541,2025-06-16,2025-06-20,2025,6,1,4,1,1,269.8,2325.07,8.62,Corregidora,Tier1,18-SUS,Suspensión,340.23,926,375,551,2.47,México,QRO-SLP
3542,2023-08-27,2023-08-30,2023,8,0,3,0,0,68.9,616.41,8.95,León,Taller,19-SUS,Suspensión,4085.71,2770,814,1956,3.4,Alemania,QRO-SLP
3543,2022-08-11,2022-08-19,2022,8,4,8,1,5,250.5,3860.79,15.41,Corregidora,Distribuidor,87-ELE,Electrónica,370.62,1029,479,550,2.15,Japón,QRO-SJR
3544,2023-07-15,2023-07-21,2023,7,6,6,1,3,249.1,3375.7,13.55,Celaya,Tier1,40-ELE,Electrónica,3251.02,3372,892,2480,3.78,Alemania,QRO-SLP
3545,2024-02-16,2024-02-21,2024,2,5,5,1,2,221.1,2330.58,10.54,Corregidora,Tier1,94-SEN,Sensores,3460.4,1180,938,242,1.26,USA,QRO-MQZ
3546,2021-12-20,2021-12-24,2021,12,1,4,1,1,306.4,6104.52,19.92,Celaya,Planta,41-SEN,Sensores,4243.67,4515,377,4138,11.98,China,QRO-SLP
3547,2024-03-12,2024-03-18,2024,3,2,6,1,3,146.7,1261.7,8.6,Celaya,Tier1,6-SUS,Suspensión,2576.41,2042,642,1400,3.18,México,QRO-SLP
3548,2024-11-07,2024-11-15,2024,11,4,8,1,5,30.6,466.32,15.24,El Marqués,Tier1,35-FRE,Frenos,2222.63,4456,817,3639,5.45,Alemania,QRO-SJR
3549,2024-07-12,2024-07-16,2024,7,5,4,1,1,169.7,1760.18,10.37,San Luis Potosí,Tier1,34-SEN,Sensores,1520,3930,432,3498,9.1,Alemania,QRO-CEL
3550,2026-05-03,2026-05-25,2026,5,0,22,1,19,333.1,5599.88,16.81,Corregidora,Distribuidor,9-FRE,Frenos,366.33,1374,473,901,2.9,México,QRO-CEL
3551,2021-12-15,2021-12-19,2021,12,3,4,1,1,199.1,3289.58,16.52,Querétaro,Planta,27-ELE,Electrónica,1768.11,2885,368,2517,7.84,Japón,QRO-SLP
3552,2026-03-23,2026-03-27,2026,3,1,4,1,1,32.6,411.75,12.63,Celaya,Distribuidor,13-ELE,Electrónica,1731.24,4181,159,4022,26.3,Japón,QRO-MQZ
3553,2021-11-22,2021-11-24,2021,11,1,2,0,0,23.9,444.24,18.59,Celaya,Tier1,41-ARN,Arneses,2258.51,2697,698,1999,3.86,Alemania,QRO-SLP
3554,2026-05-16,2026-05-31,2026,5,6,15,1,6,69.5,804.12,11.57,León,Tier1,51-ARN,Arneses,2205.11,3816,443,3373,8.61,China,QRO-SLP
3555,2023-06-24,2023-06-26,2023,6,6,2,0,0,78.6,846.79,10.77,Celaya,Tier1,38-SEN,Sensores,3074.64,1377,629,748,2.19,México,QRO-SLP
3556,2026-05-18,2026-05-27,2026,5,1,9,1,4,51.4,479.02,9.32,Querétaro,Tier1,93-ARN,Arneses,4982.78,4849,464,4385,10.45,Japón,QRO-SLP
3557,2025-01-18,2025-01-20,2025,1,6,2,0,0,192,3320.39,17.29,León,Tier1,5-SUS,Suspensión,1510.97,1853,254,1599,7.3,México,QRO-CEL
3558,2025-06-06,2025-06-10,2025,6,5,4,1,1,279,4234.36,15.18,Querétaro,Distribuidor,39-SEN,Sensores,905.02,4748,901,3847,5.27,USA,QRO-CEL
3559,2024-03-17,2024-03-23,2024,3,0,6,1,3,204,3137.5,15.38,León,Tier1,29-SUS,Suspensión,2268.03,800,134,666,5.97,México,QRO-SJR
3560,2025-05-11,2025-05-15,2025,5,0,4,1,1,165.7,1497.36,9.04,El Marqués,Distribuidor,62-ARN,Arneses,3503.43,704,326,378,2.16,Japón,QRO-SLP
3561,2026-05-11,2026-05-29,2026,5,1,18,1,11,114.7,1736.37,15.14,Querétaro,Tier1,1-ELE,Electrónica,4919.31,1189,945,244,1.26,Alemania,QRO-MQZ
3562,2026-05-05,2026-05-31,2026,5,2,26,1,17,20.6,194.26,9.43,Corregidora,Planta,1-FRE,Frenos,233.71,1282,783,499,1.64,Alemania,QRO-SLP
3563,2022-03-20,2022-03-24,2022,3,0,4,1,1,216.5,3363.83,15.54,San Juan del Río,Taller,89-ARN,Arneses,2647.36,4434,738,3696,6.01,Japón,QRO-SLP
3564,2024-04-29,2024-05-04,2024,4,1,5,1,2,119.5,2084.07,17.44,El Marqués,Taller,4-ARN,Arneses,1994.2,3537,743,2794,4.76,USA,QRO-MQZ
3565,2025-06-04,2025-06-10,2025,6,3,6,1,3,56.2,960.7,17.09,El Marqués,Taller,33-ARN,Arneses,4073.72,1315,307,1008,4.28,China,QRO-SLP
3566,2026-05-20,2026-05-28,2026,5,3,8,1,2,280.8,3730.01,13.28,Querétaro,Distribuidor,48-SUS,Suspensión,3762.52,1609,412,1197,3.91,Alemania,QRO-CEL
3567,2022-11-11,2022-11-14,2022,11,5,3,0,0,348.9,6172.14,17.69,León,Tier1,86-SUS,Suspensión,1070.24,3068,901,2167,3.41,USA,QRO-SLP
3568,2026-05-04,2026-05-25,2026,5,1,21,1,18,239.8,3048.8,12.71,Corregidora,Distribuidor,58-ELE,Electrónica,2903.09,691,258,433,2.68,China,QRO-SJR
3569,2022-09-20,2022-09-21,2022,9,2,1,0,0,208.7,3435.99,16.46,Celaya,Planta,27-ARN,Arneses,1335.52,4511,497,4014,9.08,China,QRO-CEL
3570,2021-11-08,2021-11-13,2021,11,1,5,1,2,305.5,2512.48,8.22,Querétaro,Tier1,18-ELE,Electrónica,3808.96,3955,122,3833,32.42,Alemania,QRO-SJR
3571,2026-05-23,2026-06-05,2026,5,6,13,0,0,290.2,5178.68,17.85,San Juan del Río,Tier1,34-FRE,Frenos,1708.23,2340,807,1533,2.9,México,QRO-CEL
3572,2026-05-22,2026-06-01,2026,5,5,10,0,0,188.3,2112.76,11.22,Querétaro,Taller,46-ELE,Electrónica,2511.37,3579,173,3406,20.69,Japón,QRO-SJR
3573,2021-12-09,2021-12-12,2021,12,4,3,0,0,176.8,2358.05,13.34,Querétaro,Tier1,51-SUS,Suspensión,1327.15,4912,621,4291,7.91,China,QRO-SLP
3574,2021-02-24,2021-03-01,2021,2,3,5,1,2,119.7,1281.47,10.71,San Luis Potosí,Planta,78-FRE,Frenos,641.45,617,398,219,1.55,Japón,QRO-MQZ
3575,2024-11-08,2024-11-10,2024,11,5,2,0,0,191.6,1695.71,8.85,Corregidora,Distribuidor,92-SEN,Sensores,4469.2,3130,154,2976,20.32,USA,QRO-SLP
3576,2022-08-03,2022-08-08,2022,8,3,5,1,2,69.2,825.4,11.93,Celaya,Taller,1-ELE,Electrónica,4919.31,1189,945,244,1.26,China,QRO-CEL
3577,2026-05-22,2026-05-29,2026,5,5,7,0,0,335.4,4858.59,14.49,San Luis Potosí,Tier1,28-FRE,Frenos,2880.95,4135,830,3305,4.98,Japón,QRO-MQZ
3578,2024-09-13,2024-09-15,2024,9,5,2,0,0,166.7,3131.35,18.78,San Juan del Río,Tier1,42-FRE,Frenos,4554.59,2399,529,1870,4.53,Japón,QRO-SLP
3579,2026-05-13,2026-05-28,2026,5,3,15,1,9,252.9,4241.91,16.77,Celaya,Planta,24-ARN,Arneses,4525.05,711,612,99,1.16,México,QRO-CEL
3580,2024-01-09,2024-01-15,2024,1,2,6,1,3,312.7,4483.3,14.34,San Luis Potosí,Tier1,35-FRE,Frenos,2222.63,4456,817,3639,5.45,USA,QRO-SLP
3581,2021-08-06,2021-08-11,2021,8,5,5,1,2,268.8,4161.38,15.48,Corregidora,Distribuidor,61-ELE,Electrónica,1772.26,1011,456,555,2.22,USA,QRO-MQZ
3582,2024-07-22,2024-07-28,2024,7,1,6,1,3,308.5,3995.64,12.95,San Juan del Río,Taller,44-ELE,Electrónica,1705.75,4295,341,3954,12.6,Japón,QRO-SLP
3583,2022-09-08,2022-09-13,2022,9,4,5,1,2,220.2,4189.04,19.02,León,Tier1,15-SEN,Sensores,4743.16,142,448,-306,0.32,Alemania,QRO-CEL
3584,2024-10-03,2024-10-04,2024,10,4,1,0,0,269,5198.32,19.32,Celaya,Tier1,92-ELE,Electrónica,4401.79,4271,769,3502,5.55,México,QRO-MQZ
3585,2026-05-03,2026-05-31,2026,5,0,28,1,19,213.4,3185.64,14.93,San Juan del Río,Planta,63-ELE,Electrónica,3510.2,1454,755,699,1.93,Alemania,QRO-SLP
3586,2026-05-17,2026-05-31,2026,5,0,14,1,5,128,2189.97,17.11,San Juan del Río,Planta,14-SUS,Suspensión,1917.93,1250,616,634,2.03,USA,QRO-SJR
3587,2026-05-17,2026-05-28,2026,5,0,11,1,5,203.1,2024.41,9.97,Querétaro,Tier1,68-ARN,Arneses,4667.59,2569,343,2226,7.49,Alemania,QRO-SJR
3588,2022-02-16,2022-02-22,2022,2,3,6,1,3,261.9,4864.65,18.57,San Luis Potosí,Tier1,94-SEN,Sensores,3460.4,1180,938,242,1.26,México,QRO-MQZ
3589,2026-05-13,2026-06-01,2026,5,3,19,1,9,330.5,4661.48,14.1,León,Taller,65-ARN,Arneses,844,2641,720,1921,3.67,México,QRO-SLP
3590,2026-05-04,2026-05-29,2026,5,1,25,1,18,302.4,5083.72,16.81,El Marqués,Tier1,73-SEN,Sensores,1840.37,2686,730,1956,3.68,China,QRO-SLP
3591,2024-08-07,2024-08-15,2024,8,3,8,1,5,55.4,454.42,8.2,Querétaro,Tier1,38-SEN,Sensores,3074.64,1377,629,748,2.19,México,QRO-SLP
3592,2022-02-05,2022-02-09,2022,2,6,4,1,1,264,3691.36,13.98,León,Planta,13-SUS,Suspensión,186.07,4142,666,3476,6.22,México,QRO-SJR
3593,2024-02-14,2024-02-21,2024,2,3,7,1,4,328.5,2910.42,8.86,San Juan del Río,Tier1,75-FRE,Frenos,2586.79,1278,749,529,1.71,Japón,QRO-SJR
3594,2024-06-12,2024-06-13,2024,6,3,1,0,0,216,2442.45,11.31,Querétaro,Distribuidor,30-SEN,Sensores,3410.75,196,590,-394,0.33,USA,QRO-MQZ
3595,2026-05-13,2026-05-28,2026,5,3,15,1,9,183.5,2083.65,11.36,San Juan del Río,Planta,18-SEN,Sensores,2642.38,2763,311,2452,8.88,Japón,QRO-MQZ
3596,2021-04-08,2021-04-12,2021,4,4,4,1,1,103.7,1701.86,16.41,San Juan del Río,Planta,58-ELE,Electrónica,2903.09,691,258,433,2.68,USA,QRO-SJR
3597,2026-02-20,2026-02-21,2026,2,5,1,0,0,49.7,615.57,12.39,San Luis Potosí,Distribuidor,31-SEN,Sensores,2188.74,120,548,-428,0.22,China,QRO-SLP
3598,2024-07-13,2024-07-20,2024,7,6,7,1,4,317.9,4619.44,14.53,Querétaro,Tier1,87-ARN,Arneses,4993.62,4977,367,4610,13.56,China,QRO-CEL
3599,2023-04-18,2023-04-22,2023,4,2,4,1,1,274.7,2411.29,8.78,San Juan del Río,Taller,2-ELE,Electrónica,1189.72,3706,870,2836,4.26,Alemania,QRO-SLP
3600,2023-03-23,2023-03-31,2023,3,4,8,1,5,65.8,608.2,9.24,Celaya,Distribuidor,32-SEN,Sensores,1196.78,3120,728,2392,4.29,México,QRO-SLP
3601,2026-05-13,2026-05-29,2026,5,3,16,1,9,139.2,1193.16,8.57,Querétaro,Tier1,98-ARN,Arneses,3240.05,314,373,-59,0.84,USA,QRO-CEL
3602,2024-12-01,2024-12-02,2024,12,0,1,0,0,56.8,1094.96,19.28,Corregidora,Tier1,68-FRE,Frenos,3853.4,2725,382,2343,7.13,USA,QRO-SJR
3603,2026-05-25,2026-06-06,2026,5,1,12,0,0,131.5,1336.24,10.16,El Marqués,Tier1,45-SUS,Suspensión,2909.13,3021,431,2590,7.01,USA,QRO-SJR
3604,2024-01-06,2024-01-08,2024,1,6,2,0,0,203,2575.64,12.69,San Juan del Río,Planta,82-SUS,Suspensión,998.09,2299,178,2121,12.92,China,QRO-CEL
3605,2024-05-25,2024-06-02,2024,5,6,8,1,5,312,2877.02,9.22,Celaya,Distribuidor,40-ELE,Electrónica,3251.02,3372,892,2480,3.78,USA,QRO-SLP
3606,2026-05-12,2026-05-31,2026,5,2,19,1,10,317.8,4947.39,15.57,León,Tier1,92-SEN,Sensores,4469.2,3130,154,2976,20.32,Japón,QRO-SLP
3607,2023-12-09,2023-12-14,2023,12,6,5,1,2,28,278.51,9.95,León,Planta,76-ARN,Arneses,690.12,2510,973,1537,2.58,China,QRO-MQZ
3608,2021-05-17,2021-05-24,2021,5,1,7,1,4,255.5,2868.03,11.23,León,Tier1,75-ELE,Electrónica,216.11,4758,831,3927,5.73,México,QRO-SJR
3609,2021-07-17,2021-07-25,2021,7,6,8,1,5,170.6,2247.45,13.17,León,Planta,12-FRE,Frenos,2256.16,1344,843,501,1.59,Alemania,QRO-MQZ
3610,2026-05-15,2026-05-25,2026,5,5,10,1,7,279.5,2587.53,9.26,San Juan del Río,Planta,23-SUS,Suspensión,3508.58,2134,799,1335,2.67,Alemania,QRO-CEL
3611,2026-05-02,2026-05-28,2026,5,6,26,1,20,21.6,418.86,19.39,Querétaro,Distribuidor,10-SUS,Suspensión,3974.3,2474,590,1884,4.19,México,QRO-MQZ
3612,2025-01-14,2025-01-20,2025,1,2,6,1,3,50.1,980.21,19.57,León,Planta,88-SEN,Sensores,674.64,467,107,360,4.36,Japón,QRO-SJR
3613,2021-12-30,2022-01-03,2021,12,4,4,1,1,216.6,2838.54,13.1,San Juan del Río,Taller,40-ELE,Electrónica,3251.02,3372,892,2480,3.78,Alemania,QRO-SJR
3614,2024-06-29,2024-07-07,2024,6,6,8,1,5,189.3,2238.86,11.83,Celaya,Distribuidor,14-ARN,Arneses,4946.12,2364,110,2254,21.49,Japón,QRO-CEL
3615,2021-06-15,2021-06-16,2021,6,2,1,0,0,136.3,1998.28,14.66,Celaya,Distribuidor,89-ELE,Electrónica,2876,159,938,-779,0.17,Alemania,QRO-SLP
3616,2021-07-04,2021-07-07,2021,7,0,3,0,0,329.4,6016.93,18.27,León,Planta,79-ELE,Electrónica,359.85,133,141,-8,0.94,Alemania,QRO-MQZ
3617,2026-05-09,2026-06-01,2026,5,6,23,1,13,104.7,1975.11,18.86,San Juan del Río,Tier1,65-SEN,Sensores,3356.68,3642,308,3334,11.82,Japón,QRO-CEL
3618,2022-12-23,2022-12-30,2022,12,5,7,1,4,283.1,3305.34,11.68,San Luis Potosí,Distribuidor,43-SUS,Suspensión,2851.8,2949,285,2664,10.35,USA,QRO-CEL
3619,2024-04-19,2024-04-27,2024,4,5,8,1,5,309,3737.42,12.1,Corregidora,Tier1,39-SEN,Sensores,905.02,4748,901,3847,5.27,Japón,QRO-CEL
3620,2021-01-01,2021-01-08,2021,1,5,7,1,4,322.6,5484,17,León,Tier1,91-ELE,Electrónica,4015.73,261,463,-202,0.56,USA,QRO-SJR
3621,2026-05-11,2026-05-30,2026,5,1,19,1,11,305.7,3409.32,11.15,Querétaro,Tier1,28-SEN,Sensores,1818.54,4432,701,3731,6.32,Japón,QRO-SJR
3622,2025-02-09,2025-02-16,2025,2,0,7,1,4,222.4,4253.22,19.12,Querétaro,Planta,71-ELE,Electrónica,3176.69,1574,322,1252,4.89,China,QRO-CEL
3623,2026-02-11,2026-02-12,2026,2,3,1,0,0,185.2,3640.17,19.66,Querétaro,Planta,75-ELE,Electrónica,216.11,4758,831,3927,5.73,USA,QRO-CEL
3624,2026-05-20,2026-05-27,2026,5,3,7,1,2,167.6,3151.4,18.8,Querétaro,Tier1,97-ELE,Electrónica,2011.22,862,727,135,1.19,Japón,QRO-SLP
3625,2024-03-01,2024-03-03,2024,3,5,2,0,0,339.8,4384.55,12.9,Querétaro,Distribuidor,61-FRE,Frenos,2992.6,2417,256,2161,9.44,México,QRO-SLP
3626,2024-01-12,2024-01-14,2024,1,5,2,0,0,154,2078.01,13.49,León,Tier1,88-SUS,Suspensión,1941.02,3880,832,3048,4.66,México,QRO-MQZ
3627,2024-11-12,2024-11-16,2024,11,2,4,1,1,25.4,276.67,10.89,Corregidora,Tier1,28-ELE,Electrónica,4684.29,2156,661,1495,3.26,Japón,QRO-MQZ
3628,2024-10-20,2024-10-27,2024,10,0,7,1,4,82.8,1170.71,14.14,San Juan del Río,Tier1,23-ARN,Arneses,856.04,2511,134,2377,18.74,Alemania,QRO-CEL
3629,2026-05-22,2026-05-28,2026,5,5,6,0,0,185.1,2790.08,15.07,Corregidora,Tier1,79-ELE,Electrónica,359.85,133,141,-8,0.94,China,QRO-SJR
3630,2024-09-06,2024-09-10,2024,9,5,4,1,1,93.9,1181.46,12.58,León,Planta,85-FRE,Frenos,2849.37,4143,705,3438,5.88,Japón,QRO-SJR
3631,2023-03-17,2023-03-20,2023,3,5,3,0,0,167.4,2315.7,13.83,San Luis Potosí,Tier1,56-ELE,Electrónica,4660.32,2448,510,1938,4.8,Alemania,QRO-SJR
3632,2021-12-28,2021-12-30,2021,12,2,2,0,0,279.5,3570.91,12.78,San Luis Potosí,Distribuidor,6-ELE,Electrónica,1689.54,135,497,-362,0.27,Alemania,QRO-SJR
3633,2022-08-08,2022-08-11,2022,8,1,3,0,0,18.7,367.48,19.65,Querétaro,Tier1,80-FRE,Frenos,1456.89,1654,528,1126,3.13,México,QRO-MQZ
3634,2026-05-19,2026-05-29,2026,5,2,10,1,3,134.7,1785.46,13.26,Querétaro,Distribuidor,34-SEN,Sensores,1520,3930,432,3498,9.1,Japón,QRO-MQZ
3635,2026-05-21,2026-05-27,2026,5,4,6,1,1,115.2,1733.01,15.04,San Luis Potosí,Planta,57-SUS,Suspensión,4521.23,466,706,-240,0.66,Alemania,QRO-SJR
3636,2022-12-20,2022-12-26,2022,12,2,6,1,3,113.1,2056.91,18.19,San Luis Potosí,Tier1,34-ARN,Arneses,4771.65,2699,606,2093,4.45,Alemania,QRO-SLP
3637,2023-12-09,2023-12-10,2023,12,6,1,0,0,200.1,3875.05,19.37,León,Planta,55-ELE,Electrónica,4107.15,2573,998,1575,2.58,Japón,QRO-CEL
3638,2024-09-04,2024-09-09,2024,9,3,5,1,2,99.1,1161.32,11.72,San Luis Potosí,Tier1,72-FRE,Frenos,2982.1,4614,609,4005,7.58,China,QRO-MQZ
3639,2026-01-12,2026-01-15,2026,1,1,3,0,0,37.7,554.46,14.71,Querétaro,Planta,57-SEN,Sensores,1514.51,438,789,-351,0.56,Japón,QRO-CEL
3640,2021-08-04,2021-08-09,2021,8,3,5,1,2,192.1,3387.27,17.63,Corregidora,Distribuidor,17-SEN,Sensores,2051.63,4952,131,4821,37.8,Japón,QRO-SJR
3641,2022-08-07,2022-08-09,2022,8,0,2,0,0,315.9,5840.34,18.49,León,Tier1,43-FRE,Frenos,2378.13,401,657,-256,0.61,USA,QRO-SJR
3642,2025-05-14,2025-05-16,2025,5,3,2,0,0,121.8,1102.82,9.05,Querétaro,Tier1,81-SUS,Suspensión,2394.84,4181,399,3782,10.48,México,QRO-CEL
3643,2021-07-26,2021-07-29,2021,7,1,3,0,0,148.6,1207.2,8.12,San Luis Potosí,Planta,96-SUS,Suspensión,3516.22,1894,371,1523,5.11,USA,QRO-SLP
3644,2026-05-24,2026-06-04,2026,5,0,11,0,0,13.2,235.82,17.87,Querétaro,Distribuidor,65-SEN,Sensores,3356.68,3642,308,3334,11.82,China,QRO-SLP
3645,2023-12-31,2024-01-07,2023,12,0,7,1,4,253.4,2789.85,11.01,León,Tier1,81-ELE,Electrónica,140.61,1480,170,1310,8.71,Alemania,QRO-SJR
3646,2026-05-02,2026-05-30,2026,5,6,28,1,20,188.9,2563.17,13.57,Corregidora,Tier1,98-FRE,Frenos,1762.7,3662,966,2696,3.79,China,QRO-SLP
3647,2024-07-25,2024-07-29,2024,7,4,4,1,1,268.2,2714.43,10.12,Corregidora,Tier1,8-FRE,Frenos,1993.18,2763,635,2128,4.35,Japón,QRO-CEL
3648,2026-04-21,2026-04-28,2026,4,2,7,1,4,295.8,4764.62,16.11,Celaya,Distribuidor,91-SUS,Suspensión,3680.26,3837,791,3046,4.85,China,QRO-MQZ
3649,2025-04-06,2025-04-12,2025,4,0,6,1,3,140.9,2115.99,15.02,Celaya,Planta,6-ELE,Electrónica,1689.54,135,497,-362,0.27,Japón,QRO-CEL
3650,2024-02-04,2024-02-11,2024,2,0,7,1,4,153.9,2013.51,13.08,León,Tier1,96-ELE,Electrónica,4610.48,3616,228,3388,15.86,México,QRO-CEL
3651,2026-05-05,2026-06-01,2026,5,2,27,1,17,141,1912.66,13.56,León,Taller,88-SUS,Suspensión,1941.02,3880,832,3048,4.66,México,QRO-SLP
3652,2023-07-17,2023-07-20,2023,7,1,3,0,0,222.2,3231.67,14.54,Querétaro,Tier1,66-ARN,Arneses,3511.95,1519,764,755,1.99,México,QRO-CEL
3653,2022-05-16,2022-05-24,2022,5,1,8,1,5,281.4,2657.75,9.44,Celaya,Planta,98-ELE,Electrónica,2480.68,142,273,-131,0.52,Alemania,QRO-MQZ
3654,2026-05-19,2026-05-26,2026,5,2,7,1,3,136.8,1880.67,13.75,Celaya,Tier1,54-FRE,Frenos,2428.99,2196,677,1519,3.24,China,QRO-CEL
3655,2026-04-01,2026-04-07,2026,4,3,6,1,3,244.9,4719.33,19.27,San Juan del Río,Planta,49-ARN,Arneses,412.82,3527,162,3365,21.77,México,QRO-SJR
3656,2026-05-22,2026-05-28,2026,5,5,6,0,0,52.8,479.2,9.08,Corregidora,Planta,64-FRE,Frenos,3469.29,4865,898,3967,5.42,Japón,QRO-SLP
3657,2026-05-07,2026-05-31,2026,5,4,24,1,15,177.8,1970.22,11.08,Querétaro,Tier1,69-FRE,Frenos,186.87,4709,419,4290,11.24,Alemania,QRO-MQZ
3658,2022-11-27,2022-12-02,2022,11,0,5,1,2,31.7,407.11,12.84,Querétaro,Tier1,92-SEN,Sensores,4469.2,3130,154,2976,20.32,Japón,QRO-SLP
3659,2025-03-03,2025-03-10,2025,3,1,7,1,4,274.6,5088.48,18.53,Querétaro,Distribuidor,71-SUS,Suspensión,1916.47,1253,659,594,1.9,China,QRO-SLP
3660,2024-04-02,2024-04-10,2024,4,2,8,1,5,211.9,2223.28,10.49,Corregidora,Planta,93-SEN,Sensores,4236.96,1229,379,850,3.24,Japón,QRO-SLP
3661,2026-05-12,2026-05-25,2026,5,2,13,1,10,93.2,1212.74,13.01,San Luis Potosí,Planta,16-FRE,Frenos,4639.47,4174,516,3658,8.09,Japón,QRO-SLP
3662,2026-05-06,2026-05-30,2026,5,3,24,1,16,182.4,1957.97,10.73,León,Tier1,40-ARN,Arneses,288.05,1674,857,817,1.95,Alemania,QRO-MQZ
3663,2022-12-23,2022-12-31,2022,12,5,8,1,5,34.2,319.2,9.33,San Luis Potosí,Tier1,70-ARN,Arneses,1874.06,2106,688,1418,3.06,Alemania,QRO-MQZ
3664,2021-02-22,2021-02-28,2021,2,1,6,1,3,67.4,993.99,14.75,San Juan del Río,Planta,41-SUS,Suspensión,754.34,4179,350,3829,11.94,USA,QRO-SJR
3665,2026-05-15,2026-05-25,2026,5,5,10,1,7,290,5785.69,19.95,Celaya,Planta,37-SEN,Sensores,3969.15,3602,841,2761,4.28,USA,QRO-CEL
3666,2025-12-27,2026-01-04,2025,12,6,8,1,5,246.4,2384.94,9.68,Celaya,Planta,81-FRE,Frenos,857.33,1893,403,1490,4.7,China,QRO-SJR
3667,2021-02-12,2021-02-13,2021,2,5,1,0,0,35.7,703.05,19.69,San Juan del Río,Planta,43-SEN,Sensores,2429.63,4819,141,4678,34.18,USA,QRO-CEL
3668,2025-06-14,2025-06-18,2025,6,6,4,1,1,55.5,1072.12,19.32,Querétaro,Distribuidor,37-ARN,Arneses,1422.73,3772,947,2825,3.98,México,QRO-MQZ
3669,2023-01-24,2023-01-31,2023,1,2,7,1,4,344.9,3300.45,9.57,San Luis Potosí,Tier1,76-FRE,Frenos,3738.99,1682,676,1006,2.49,China,QRO-MQZ
3670,2024-12-10,2024-12-12,2024,12,2,2,0,0,147.7,2766.99,18.73,Querétaro,Distribuidor,81-SUS,Suspensión,2394.84,4181,399,3782,10.48,Alemania,QRO-MQZ
3671,2025-10-17,2025-10-19,2025,10,5,2,0,0,300,3462.61,11.54,León,Tier1,92-SEN,Sensores,4469.2,3130,154,2976,20.32,Japón,QRO-MQZ
3672,2026-05-08,2026-06-01,2026,5,5,24,1,14,256.6,3098.45,12.08,El Marqués,Taller,32-SEN,Sensores,1196.78,3120,728,2392,4.29,USA,QRO-SLP
3673,2022-07-08,2022-07-16,2022,7,5,8,1,5,295.3,5058.1,17.13,El Marqués,Tier1,82-SUS,Suspensión,998.09,2299,178,2121,12.92,China,QRO-SLP
3674,2021-11-22,2021-11-26,2021,11,1,4,1,1,333.6,4017.1,12.04,Corregidora,Distribuidor,83-SEN,Sensores,3044.98,1762,882,880,2,China,QRO-CEL
3675,2026-05-22,2026-05-31,2026,5,5,9,0,0,169.1,1453.67,8.6,Corregidora,Planta,68-SEN,Sensores,3619.25,1156,733,423,1.58,México,QRO-SLP
3676,2026-05-20,2026-05-29,2026,5,3,9,1,2,15.8,173.69,10.99,San Luis Potosí,Planta,22-ARN,Arneses,4301.5,1604,436,1168,3.68,México,QRO-CEL
3677,2022-05-07,2022-05-11,2022,5,6,4,1,1,12,226.76,18.9,San Juan del Río,Planta,56-SEN,Sensores,1253.34,3707,620,3087,5.98,China,QRO-SLP
3678,2021-12-03,2021-12-10,2021,12,5,7,1,4,209.1,3831,18.32,San Luis Potosí,Tier1,8-FRE,Frenos,1993.18,2763,635,2128,4.35,China,QRO-SJR
3679,2024-04-20,2024-04-21,2024,4,6,1,0,0,88.7,932.37,10.51,Celaya,Distribuidor,56-FRE,Frenos,1990.85,504,987,-483,0.51,Alemania,QRO-SJR
3680,2024-06-30,2024-07-05,2024,6,0,5,1,2,158.7,1296.9,8.17,León,Tier1,44-SUS,Suspensión,504.34,1272,969,303,1.31,USA,QRO-SLP
3681,2026-04-02,2026-04-04,2026,4,4,2,0,0,59,1006.36,17.06,San Juan del Río,Planta,2-FRE,Frenos,2261.86,2629,314,2315,8.37,Alemania,QRO-SJR
3682,2026-05-20,2026-05-29,2026,5,3,9,1,2,125.7,2296.96,18.27,León,Planta,80-SEN,Sensores,4961.03,2089,880,1209,2.37,Alemania,QRO-SLP
3683,2024-07-08,2024-07-15,2024,7,1,7,1,4,27.5,524.48,19.07,San Juan del Río,Taller,69-ELE,Electrónica,1827.32,416,556,-140,0.75,México,QRO-CEL
3684,2025-04-28,2025-05-04,2025,4,1,6,1,3,54.8,492.64,8.99,San Luis Potosí,Taller,81-ARN,Arneses,4391.37,366,872,-506,0.42,México,QRO-SJR
3685,2026-05-06,2026-06-01,2026,5,3,26,1,16,57.7,530.54,9.19,El Marqués,Tier1,54-ARN,Arneses,3425.08,4574,874,3700,5.23,USA,QRO-CEL
3686,2026-05-13,2026-05-25,2026,5,3,12,1,9,207.5,3007.31,14.49,Querétaro,Planta,55-ARN,Arneses,3941.75,4751,961,3790,4.94,México,QRO-SJR
3687,2026-05-17,2026-05-26,2026,5,0,9,1,5,106,1795.05,16.93,Corregidora,Distribuidor,12-ELE,Electrónica,2050.98,4806,509,4297,9.44,México,QRO-SJR
3688,2026-05-07,2026-05-27,2026,5,4,20,1,15,183.8,1545.27,8.41,León,Planta,59-ARN,Arneses,757.6,2440,393,2047,6.21,Alemania,QRO-CEL
3689,2021-02-15,2021-02-22,2021,2,1,7,1,4,151.1,1633.19,10.81,El Marqués,Tier1,86-ELE,Electrónica,4667.98,3468,649,2819,5.34,México,QRO-SLP
3690,2025-06-06,2025-06-10,2025,6,5,4,1,1,252.8,2810.97,11.12,San Luis Potosí,Tier1,47-FRE,Frenos,1952.37,1312,523,789,2.51,Alemania,QRO-SLP
3691,2026-05-06,2026-05-29,2026,5,3,23,1,16,150.8,1334.33,8.85,Querétaro,Distribuidor,89-SEN,Sensores,4357.78,2341,878,1463,2.67,China,QRO-SJR
3692,2025-03-22,2025-03-30,2025,3,6,8,1,5,178.2,2582.17,14.49,San Luis Potosí,Planta,96-SUS,Suspensión,3516.22,1894,371,1523,5.11,USA,QRO-CEL
3693,2022-06-06,2022-06-08,2022,6,1,2,0,0,62.9,761.39,12.1,San Luis Potosí,Tier1,73-ELE,Electrónica,2426.23,644,258,386,2.5,China,QRO-CEL
3694,2023-03-10,2023-03-18,2023,3,5,8,1,5,261.1,3363.63,12.88,León,Planta,39-FRE,Frenos,1372.38,2726,706,2020,3.86,Alemania,QRO-SJR
3695,2026-05-17,2026-05-30,2026,5,0,13,1,5,281.4,5498.93,19.54,Querétaro,Tier1,47-SUS,Suspensión,1103.8,4418,319,4099,13.85,Japón,QRO-SJR
3696,2023-10-03,2023-10-04,2023,10,2,1,0,0,94.1,1153.34,12.26,San Luis Potosí,Tier1,56-ELE,Electrónica,4660.32,2448,510,1938,4.8,Alemania,QRO-SJR
3697,2024-05-01,2024-05-05,2024,5,3,4,1,1,235.5,2100.18,8.92,San Luis Potosí,Tier1,6-SEN,Sensores,1099.61,3877,502,3375,7.72,Japón,QRO-MQZ
3698,2026-05-16,2026-05-25,2026,5,6,9,1,6,45.3,471.16,10.4,San Luis Potosí,Tier1,41-ARN,Arneses,2258.51,2697,698,1999,3.86,Japón,QRO-MQZ
3699,2021-05-10,2021-05-14,2021,5,1,4,1,1,300.1,2760.86,9.2,Querétaro,Tier1,89-ELE,Electrónica,2876,159,938,-779,0.17,Alemania,QRO-MQZ
3700,2023-02-08,2023-02-10,2023,2,3,2,0,0,49.1,522.72,10.65,El Marqués,Tier1,50-ELE,Electrónica,3253.74,3790,410,3380,9.24,Japón,QRO-SLP
3701,2024-07-09,2024-07-14,2024,7,2,5,1,2,190.8,2474.47,12.97,Corregidora,Distribuidor,95-FRE,Frenos,4724.44,71,925,-854,0.08,Alemania,QRO-CEL
3702,2026-05-05,2026-05-25,2026,5,2,20,1,17,208,1707.44,8.21,Querétaro,Distribuidor,80-SUS,Suspensión,3018.8,2364,799,1565,2.96,China,QRO-SJR
3703,2021-07-17,2021-07-22,2021,7,6,5,1,2,322.7,2808.27,8.7,Corregidora,Tier1,15-ARN,Arneses,2004.45,403,614,-211,0.66,Alemania,QRO-SLP
3704,2023-12-06,2023-12-10,2023,12,3,4,1,1,295.1,2969.3,10.06,Querétaro,Distribuidor,24-ELE,Electrónica,4055.81,2955,652,2303,4.53,Alemania,QRO-MQZ
3705,2022-01-19,2022-01-21,2022,1,3,2,0,0,11.8,215.82,18.29,Querétaro,Planta,63-SEN,Sensores,610.95,201,678,-477,0.3,México,QRO-SJR
3706,2022-01-18,2022-01-22,2022,1,2,4,1,1,123,2379.67,19.35,León,Tier1,57-SUS,Suspensión,4521.23,466,706,-240,0.66,México,QRO-SLP
3707,2022-06-09,2022-06-15,2022,6,4,6,1,3,321.5,5088.06,15.83,San Luis Potosí,Taller,62-SEN,Sensores,61.64,976,325,651,3,USA,QRO-CEL
3708,2021-02-06,2021-02-11,2021,2,6,5,1,2,125,2007.2,16.06,Querétaro,Distribuidor,70-FRE,Frenos,3370.05,2773,737,2036,3.76,China,QRO-SJR
3709,2024-04-14,2024-04-22,2024,4,0,8,1,5,118.7,1917.4,16.15,Celaya,Distribuidor,80-ELE,Electrónica,3933.63,4561,222,4339,20.55,China,QRO-SLP
3710,2024-07-28,2024-08-04,2024,7,0,7,1,4,165.3,2302.71,13.93,Corregidora,Distribuidor,61-SEN,Sensores,110.24,3207,891,2316,3.6,China,QRO-SLP
3711,2026-05-10,2026-05-29,2026,5,0,19,1,12,264,5167.79,19.57,León,Tier1,10-SUS,Suspensión,3974.3,2474,590,1884,4.19,Japón,QRO-SJR
3712,2021-10-25,2021-10-26,2021,10,1,1,0,0,105.2,939.69,8.93,Querétaro,Planta,40-SEN,Sensores,1730.14,4560,975,3585,4.68,Japón,QRO-MQZ
3713,2026-05-02,2026-05-30,2026,5,6,28,1,20,222.7,1899.51,8.53,San Luis Potosí,Planta,94-SEN,Sensores,3460.4,1180,938,242,1.26,Japón,QRO-MQZ
3714,2026-05-24,2026-05-27,2026,5,0,3,0,0,305,2827.75,9.27,El Marqués,Taller,76-ARN,Arneses,690.12,2510,973,1537,2.58,China,QRO-SJR
3715,2026-02-22,2026-03-01,2026,2,0,7,1,4,48.4,410.94,8.49,Corregidora,Planta,27-SEN,Sensores,2154.77,2124,891,1233,2.38,México,QRO-SJR
3716,2023-08-11,2023-08-18,2023,8,5,7,1,4,25.8,387.74,15.03,León,Planta,89-SUS,Suspensión,3420.66,3727,958,2769,3.89,Japón,QRO-CEL
3717,2026-05-01,2026-05-30,2026,5,5,29,1,21,311.5,4894.99,15.71,El Marqués,Taller,19-SUS,Suspensión,4085.71,2770,814,1956,3.4,México,QRO-CEL
3718,2025-06-18,2025-06-23,2025,6,3,5,1,2,303,3243.06,10.7,Celaya,Tier1,68-SUS,Suspensión,4427.01,2107,162,1945,13.01,China,QRO-MQZ
3719,2025-06-08,2025-06-13,2025,6,0,5,1,2,248.9,3997.1,16.06,León,Tier1,63-ELE,Electrónica,3510.2,1454,755,699,1.93,China,QRO-SLP
3720,2026-05-01,2026-05-31,2026,5,5,30,1,21,219.1,2076.65,9.48,León,Planta,2-SUS,Suspensión,2244.37,1376,919,457,1.5,China,QRO-CEL
3721,2021-04-13,2021-04-18,2021,4,2,5,1,2,218,3344.66,15.34,San Luis Potosí,Tier1,98-FRE,Frenos,1762.7,3662,966,2696,3.79,Japón,QRO-MQZ
3722,2024-10-28,2024-11-05,2024,10,1,8,1,5,40.1,547.75,13.66,El Marqués,Taller,51-ELE,Electrónica,807.84,2612,676,1936,3.86,China,QRO-CEL
3723,2022-03-31,2022-04-05,2022,3,4,5,1,2,41.8,760.86,18.2,Querétaro,Taller,83-SEN,Sensores,3044.98,1762,882,880,2,Japón,QRO-SLP
3724,2026-05-19,2026-05-29,2026,5,2,10,1,3,206.1,2989,14.5,Corregidora,Planta,45-SUS,Suspensión,2909.13,3021,431,2590,7.01,USA,QRO-MQZ
3725,2026-05-09,2026-05-29,2026,5,6,20,1,13,63.1,506.83,8.03,San Luis Potosí,Tier1,41-ELE,Electrónica,4687.71,920,702,218,1.31,China,QRO-MQZ
3726,2024-01-14,2024-01-16,2024,1,0,2,0,0,223.4,2526.06,11.31,Querétaro,Tier1,37-ELE,Electrónica,3241.13,791,710,81,1.11,China,QRO-SLP
3727,2024-02-08,2024-02-14,2024,2,4,6,1,3,260.9,3300.13,12.65,Querétaro,Tier1,53-ELE,Electrónica,2503.62,2992,933,2059,3.21,México,QRO-CEL
3728,2023-01-03,2023-01-05,2023,1,2,2,0,0,84.6,1145.4,13.54,San Juan del Río,Planta,2-ELE,Electrónica,1189.72,3706,870,2836,4.26,México,QRO-CEL
3729,2022-01-14,2022-01-17,2022,1,5,3,0,0,246.5,4594.71,18.64,Corregidora,Planta,60-SEN,Sensores,4618.25,4938,354,4584,13.95,Alemania,QRO-MQZ
3730,2024-06-27,2024-07-05,2024,6,4,8,1,5,216.8,3468.65,16,Corregidora,Tier1,100-FRE,Frenos,1719.07,4842,314,4528,15.42,México,QRO-SLP
3731,2023-01-26,2023-02-01,2023,1,4,6,1,3,178.6,3404.66,19.06,Querétaro,Taller,78-FRE,Frenos,641.45,617,398,219,1.55,Japón,QRO-SJR
3732,2025-03-08,2025-03-12,2025,3,6,4,1,1,210.7,2058.23,9.77,Corregidora,Planta,85-ARN,Arneses,182.43,4967,727,4240,6.83,Japón,QRO-SJR
3733,2025-06-02,2025-06-06,2025,6,1,4,1,1,293.7,5215.3,17.76,Querétaro,Planta,61-SUS,Suspensión,1710.59,631,965,-334,0.65,USA,QRO-SLP
3734,2025-04-10,2025-04-17,2025,4,4,7,1,4,67.9,928.4,13.67,Celaya,Taller,94-ELE,Electrónica,673.59,2723,409,2314,6.66,Alemania,QRO-SLP
3735,2026-05-22,2026-05-28,2026,5,5,6,0,0,20.7,357.9,17.29,San Juan del Río,Planta,100-SUS,Suspensión,4542.37,1415,190,1225,7.45,USA,QRO-CEL
3736,2022-08-27,2022-09-01,2022,8,6,5,1,2,329.9,4822.68,14.62,Querétaro,Tier1,3-SEN,Sensores,523.6,1191,770,421,1.55,Alemania,QRO-CEL
3737,2022-11-15,2022-11-20,2022,11,2,5,1,2,155.7,1652.17,10.61,Corregidora,Distribuidor,44-ELE,Electrónica,1705.75,4295,341,3954,12.6,Japón,QRO-SLP
3738,2026-05-03,2026-05-26,2026,5,0,23,1,19,69.7,633.01,9.08,Querétaro,Planta,74-SUS,Suspensión,4557.16,415,619,-204,0.67,USA,QRO-MQZ
3739,2022-05-07,2022-05-08,2022,5,6,1,0,0,132.4,1768.8,13.36,Querétaro,Planta,5-SUS,Suspensión,1510.97,1853,254,1599,7.3,Japón,QRO-SJR
3740,2021-03-10,2021-03-16,2021,3,3,6,1,3,146,1874.26,12.84,Corregidora,Tier1,17-ARN,Arneses,1311.09,4802,363,4439,13.23,USA,QRO-SLP
3741,2023-12-29,2023-12-31,2023,12,5,2,0,0,250.3,3713.37,14.84,San Luis Potosí,Tier1,17-SUS,Suspensión,2687.14,2633,740,1893,3.56,Japón,QRO-MQZ
3742,2023-09-15,2023-09-21,2023,9,5,6,1,3,190.6,3442.14,18.06,León,Planta,46-SUS,Suspensión,1653.36,4322,935,3387,4.62,China,QRO-CEL
3743,2024-10-18,2024-10-26,2024,10,5,8,1,5,53.8,638.11,11.86,Corregidora,Planta,6-ELE,Electrónica,1689.54,135,497,-362,0.27,USA,QRO-SJR
3744,2024-10-04,2024-10-07,2024,10,5,3,0,0,291.3,5818.55,19.97,El Marqués,Planta,77-ARN,Arneses,4833.11,3865,647,3218,5.97,China,QRO-CEL
3745,2021-02-05,2021-02-09,2021,2,5,4,1,1,318.5,3247.62,10.2,San Luis Potosí,Tier1,90-SUS,Suspensión,679.84,1842,357,1485,5.16,Japón,QRO-MQZ
3746,2023-02-24,2023-02-25,2023,2,5,1,0,0,216.6,2087.63,9.64,Querétaro,Tier1,27-SUS,Suspensión,4748.31,2962,518,2444,5.72,México,QRO-CEL
3747,2025-06-14,2025-06-22,2025,6,6,8,1,5,334.2,3920.98,11.73,San Luis Potosí,Tier1,89-SUS,Suspensión,3420.66,3727,958,2769,3.89,Japón,QRO-SJR
3748,2023-06-23,2023-06-26,2023,6,5,3,0,0,154.9,2887.94,18.64,El Marqués,Distribuidor,93-SUS,Suspensión,251.29,694,704,-10,0.99,USA,QRO-SJR
3749,2026-05-21,2026-05-26,2026,5,4,5,1,1,267.1,5203.8,19.48,Corregidora,Distribuidor,89-ELE,Electrónica,2876,159,938,-779,0.17,Japón,QRO-MQZ
3750,2025-11-03,2025-11-08,2025,11,1,5,1,2,106.9,1943.68,18.18,Corregidora,Planta,89-SUS,Suspensión,3420.66,3727,958,2769,3.89,Alemania,QRO-MQZ
3751,2026-05-12,2026-05-30,2026,5,2,18,1,10,269.9,3214.79,11.91,Querétaro,Planta,17-SUS,Suspensión,2687.14,2633,740,1893,3.56,USA,QRO-SLP
3752,2023-07-26,2023-07-30,2023,7,3,4,1,1,337.3,2890.78,8.57,San Juan del Río,Taller,32-SUS,Suspensión,4111.1,4658,655,4003,7.11,México,QRO-SJR
3753,2021-05-24,2021-05-27,2021,5,1,3,0,0,106.1,1398.45,13.18,Corregidora,Tier1,67-SUS,Suspensión,2907.17,4550,308,4242,14.77,China,QRO-MQZ
3754,2025-07-10,2025-07-13,2025,7,4,3,0,0,331.3,6165.7,18.61,Celaya,Taller,9-SEN,Sensores,3506.81,652,938,-286,0.7,Japón,QRO-CEL
3755,2026-03-08,2026-03-14,2026,3,0,6,1,3,275.1,2765.03,10.05,Querétaro,Planta,19-ELE,Electrónica,3029.39,2447,372,2075,6.58,Japón,QRO-CEL
3756,2023-04-16,2023-04-20,2023,4,0,4,1,1,96.7,1839.86,19.03,San Juan del Río,Planta,77-SUS,Suspensión,2408.66,2567,263,2304,9.76,China,QRO-SJR
3757,2023-05-07,2023-05-15,2023,5,0,8,1,5,46.3,836.41,18.07,León,Planta,90-SUS,Suspensión,679.84,1842,357,1485,5.16,China,QRO-SLP
3758,2023-01-20,2023-01-27,2023,1,5,7,1,4,314.6,4470.36,14.21,San Luis Potosí,Tier1,64-SEN,Sensores,4961.2,4001,258,3743,15.51,México,QRO-MQZ
3759,2025-07-10,2025-07-14,2025,7,4,4,1,1,299.2,3298.13,11.02,El Marqués,Tier1,82-ARN,Arneses,1708.12,766,973,-207,0.79,Japón,QRO-SLP
3760,2024-12-15,2024-12-17,2024,12,0,2,0,0,93.7,1015.76,10.84,San Juan del Río,Taller,75-ELE,Electrónica,216.11,4758,831,3927,5.73,China,QRO-CEL
3761,2025-12-01,2025-12-03,2025,12,1,2,0,0,146.2,2044.66,13.99,Corregidora,Distribuidor,33-ARN,Arneses,4073.72,1315,307,1008,4.28,México,QRO-MQZ
3762,2024-01-20,2024-01-24,2024,1,6,4,1,1,345.2,6451.4,18.69,San Juan del Río,Tier1,66-ARN,Arneses,3511.95,1519,764,755,1.99,China,QRO-MQZ
3763,2025-12-13,2025-12-18,2025,12,6,5,1,2,179.1,3426.39,19.13,Corregidora,Distribuidor,73-FRE,Frenos,1090.63,4235,792,3443,5.35,USA,QRO-MQZ
3764,2023-11-22,2023-11-26,2023,11,3,4,1,1,173.9,2566.32,14.76,Corregidora,Planta,12-ELE,Electrónica,2050.98,4806,509,4297,9.44,Alemania,QRO-SJR
3765,2024-12-04,2024-12-08,2024,12,3,4,1,1,94.7,1777.29,18.77,San Luis Potosí,Tier1,87-ELE,Electrónica,370.62,1029,479,550,2.15,México,QRO-SLP
3766,2025-02-26,2025-03-03,2025,2,3,5,1,2,46.6,834.02,17.9,San Juan del Río,Tier1,62-SEN,Sensores,61.64,976,325,651,3,USA,QRO-SJR
3767,2026-01-08,2026-01-13,2026,1,4,5,1,2,131.7,1534.11,11.65,Celaya,Tier1,69-FRE,Frenos,186.87,4709,419,4290,11.24,Japón,QRO-MQZ
3768,2023-02-19,2023-02-26,2023,2,0,7,1,4,21.8,385.86,17.7,San Juan del Río,Planta,85-FRE,Frenos,2849.37,4143,705,3438,5.88,USA,QRO-CEL
3769,2023-10-17,2023-10-20,2023,10,2,3,0,0,69.9,818.44,11.71,Querétaro,Tier1,46-FRE,Frenos,3166.98,4682,146,4536,32.07,China,QRO-SJR
3770,2026-05-12,2026-05-28,2026,5,2,16,1,10,137.9,2557.06,18.54,San Juan del Río,Tier1,59-FRE,Frenos,254.95,2883,557,2326,5.18,USA,QRO-MQZ
3771,2024-02-20,2024-02-26,2024,2,2,6,1,3,230.4,1972.56,8.56,San Juan del Río,Taller,92-SUS,Suspensión,3033.85,4447,428,4019,10.39,USA,QRO-SLP
3772,2026-05-13,2026-05-26,2026,5,3,13,1,9,287.2,5659.85,19.71,León,Tier1,27-SUS,Suspensión,4748.31,2962,518,2444,5.72,México,QRO-MQZ
3773,2026-03-25,2026-04-02,2026,3,3,8,1,5,324.6,5963.45,18.37,San Luis Potosí,Tier1,53-ARN,Arneses,3524.83,988,317,671,3.12,USA,QRO-CEL
3774,2022-05-01,2022-05-05,2022,5,0,4,1,1,240.3,3959.4,16.48,San Juan del Río,Tier1,41-ELE,Electrónica,4687.71,920,702,218,1.31,México,QRO-CEL
3775,2026-05-22,2026-06-05,2026,5,5,14,0,0,100.5,1931.38,19.22,San Juan del Río,Planta,47-SEN,Sensores,2369.53,4045,567,3478,7.13,China,QRO-CEL
3776,2025-05-28,2025-05-30,2025,5,3,2,0,0,115.9,1196.77,10.33,Celaya,Planta,36-FRE,Frenos,2503.31,2427,781,1646,3.11,USA,QRO-SJR
3777,2022-11-03,2022-11-07,2022,11,4,4,1,1,290.5,4902.38,16.88,Celaya,Taller,38-FRE,Frenos,2176.42,4632,529,4103,8.76,USA,QRO-SJR
3778,2022-03-02,2022-03-04,2022,3,3,2,0,0,22.8,318.22,13.96,El Marqués,Taller,88-FRE,Frenos,4043.96,2439,113,2326,21.58,México,QRO-SJR
3779,2026-05-23,2026-06-05,2026,5,6,13,0,0,290,5183.47,17.87,León,Tier1,76-SEN,Sensores,3690.33,3173,898,2275,3.53,USA,QRO-CEL
3780,2026-05-05,2026-06-01,2026,5,2,27,1,17,89.8,1582.18,17.62,El Marqués,Tier1,42-SEN,Sensores,534.52,117,157,-40,0.75,China,QRO-CEL
3781,2026-05-20,2026-05-31,2026,5,3,11,1,2,118.9,1334.64,11.22,León,Planta,69-ELE,Electrónica,1827.32,416,556,-140,0.75,México,QRO-CEL
3782,2023-01-11,2023-01-15,2023,1,3,4,1,1,169.7,2243.12,13.22,León,Tier1,72-FRE,Frenos,2982.1,4614,609,4005,7.58,China,QRO-SJR
3783,2022-10-10,2022-10-13,2022,10,1,3,0,0,225.4,3744.5,16.61,Corregidora,Planta,45-ELE,Electrónica,4169.66,3629,173,3456,20.98,China,QRO-CEL
3784,2022-11-09,2022-11-12,2022,11,3,3,0,0,145.1,2393.59,16.5,Corregidora,Distribuidor,3-FRE,Frenos,3775.29,2212,377,1835,5.87,China,QRO-SLP
3785,2026-05-12,2026-05-13,2026,5,2,1,0,0,323.5,5906.03,18.26,Celaya,Tier1,55-ELE,Electrónica,4107.15,2573,998,1575,2.58,China,QRO-MQZ
3786,2024-09-28,2024-09-30,2024,9,6,2,0,0,345.7,3914.33,11.32,El Marqués,Taller,60-SUS,Suspensión,2653.99,2128,369,1759,5.77,México,QRO-CEL
3787,2021-05-10,2021-05-11,2021,5,1,1,0,0,30.9,461.54,14.94,San Juan del Río,Taller,27-ELE,Electrónica,1768.11,2885,368,2517,7.84,Japón,QRO-CEL
3788,2026-05-11,2026-05-31,2026,5,1,20,1,11,15,219,14.6,San Luis Potosí,Tier1,82-ARN,Arneses,1708.12,766,973,-207,0.79,Japón,QRO-CEL
3789,2022-06-24,2022-06-30,2022,6,5,6,1,3,44.5,791.42,17.78,Corregidora,Tier1,25-ARN,Arneses,3915.2,4208,808,3400,5.21,México,QRO-SLP
3790,2025-09-19,2025-09-21,2025,9,5,2,0,0,166.4,1874.05,11.26,El Marqués,Tier1,54-FRE,Frenos,2428.99,2196,677,1519,3.24,USA,QRO-SLP
3791,2025-02-23,2025-02-25,2025,2,0,2,0,0,27.7,347.53,12.55,San Juan del Río,Planta,23-SEN,Sensores,1056.26,3445,649,2796,5.31,USA,QRO-SLP
3792,2026-05-06,2026-05-29,2026,5,3,23,1,16,300.8,4094.19,13.61,Querétaro,Tier1,46-SEN,Sensores,4891.28,2915,405,2510,7.2,Japón,QRO-SLP
3793,2026-05-05,2026-05-30,2026,5,2,25,1,17,253.2,2866.64,11.32,San Luis Potosí,Planta,4-SUS,Suspensión,4325.44,2289,793,1496,2.89,USA,QRO-CEL
3794,2023-09-04,2023-09-11,2023,9,1,7,1,4,138.7,1529.65,11.03,Celaya,Planta,42-SEN,Sensores,534.52,117,157,-40,0.75,México,QRO-CEL
3795,2025-08-02,2025-08-03,2025,8,6,1,0,0,209,3153.95,15.09,San Juan del Río,Taller,47-ARN,Arneses,1524.78,2381,707,1674,3.37,Alemania,QRO-SLP
3796,2024-01-05,2024-01-07,2024,1,5,2,0,0,196.3,2793.97,14.23,San Juan del Río,Taller,64-SUS,Suspensión,4312.74,583,450,133,1.3,Japón,QRO-CEL
3797,2021-07-19,2021-07-26,2021,7,1,7,1,4,142.1,2103.63,14.8,Corregidora,Distribuidor,37-SUS,Suspensión,1200.77,1755,358,1397,4.9,Alemania,QRO-SJR
3798,2026-05-15,2026-06-01,2026,5,5,17,1,7,231.9,3741.26,16.13,San Juan del Río,Tier1,32-ARN,Arneses,1534.06,183,367,-184,0.5,China,QRO-MQZ
3799,2024-01-05,2024-01-09,2024,1,5,4,1,1,173.6,2116.34,12.19,León,Tier1,18-SEN,Sensores,2642.38,2763,311,2452,8.88,USA,QRO-CEL
3800,2024-12-31,2025-01-08,2024,12,2,8,1,5,85.1,781.46,9.18,El Marqués,Taller,34-ARN,Arneses,4771.65,2699,606,2093,4.45,China,QRO-SLP
3801,2026-05-24,2026-06-04,2026,5,0,11,0,0,328.4,4742.07,14.44,San Juan del Río,Planta,65-ELE,Electrónica,4175.41,3316,875,2441,3.79,México,QRO-SJR
3802,2022-03-21,2022-03-29,2022,3,1,8,1,5,319.7,6201.14,19.4,San Luis Potosí,Tier1,25-SEN,Sensores,4979.92,3606,752,2854,4.8,China,QRO-SLP
3803,2024-10-17,2024-10-21,2024,10,4,4,1,1,335.3,2789.37,8.32,Celaya,Distribuidor,14-ELE,Electrónica,1218.61,173,107,66,1.62,México,QRO-SLP
3804,2023-08-16,2023-08-17,2023,8,3,1,0,0,64.4,1126.69,17.5,Querétaro,Distribuidor,60-ARN,Arneses,4406.3,1,551,-550,0,México,QRO-CEL
3805,2024-12-09,2024-12-15,2024,12,1,6,1,3,95,1689.77,17.79,San Juan del Río,Planta,8-FRE,Frenos,1993.18,2763,635,2128,4.35,USA,QRO-SLP
3806,2025-12-28,2026-01-02,2025,12,0,5,1,2,14.3,134.16,9.38,El Marqués,Taller,69-SUS,Suspensión,2311.07,1018,914,104,1.11,China,QRO-MQZ
3807,2022-10-28,2022-11-03,2022,10,5,6,1,3,75.4,730.12,9.68,San Luis Potosí,Distribuidor,84-ARN,Arneses,1914.15,2582,463,2119,5.58,Japón,QRO-SLP
3808,2026-05-16,2026-05-31,2026,5,6,15,1,6,84.4,952.01,11.28,León,Tier1,76-SEN,Sensores,3690.33,3173,898,2275,3.53,México,QRO-SLP
3809,2021-01-25,2021-01-28,2021,1,1,3,0,0,47.7,900.59,18.88,Celaya,Taller,2-SUS,Suspensión,2244.37,1376,919,457,1.5,México,QRO-SLP
3810,2023-01-05,2023-01-07,2023,1,4,2,0,0,213.2,3486.59,16.35,Corregidora,Distribuidor,49-FRE,Frenos,163.61,2823,238,2585,11.86,México,QRO-CEL
3811,2022-03-14,2022-03-19,2022,3,1,5,1,2,327.4,4973.47,15.19,Corregidora,Distribuidor,27-ARN,Arneses,1335.52,4511,497,4014,9.08,USA,QRO-SLP
3812,2026-05-19,2026-05-29,2026,5,2,10,1,3,32.1,381.73,11.89,León,Taller,73-ARN,Arneses,3687.85,3796,460,3336,8.25,Japón,QRO-MQZ
3813,2025-03-10,2025-03-18,2025,3,1,8,1,5,52,650.17,12.5,San Juan del Río,Tier1,48-ARN,Arneses,4531.54,4813,716,4097,6.72,México,QRO-MQZ
3814,2024-02-12,2024-02-16,2024,2,1,4,1,1,124.9,1390.42,11.13,León,Tier1,8-SUS,Suspensión,926.42,4541,250,4291,18.16,USA,QRO-CEL
3815,2026-05-14,2026-05-27,2026,5,4,13,1,8,38.5,437.53,11.36,San Juan del Río,Planta,10-SUS,Suspensión,3974.3,2474,590,1884,4.19,México,QRO-SJR
3816,2022-05-09,2022-05-11,2022,5,1,2,0,0,144.7,1563.38,10.8,San Juan del Río,Planta,50-SEN,Sensores,4354.41,2670,213,2457,12.54,USA,QRO-SLP
3817,2023-08-28,2023-09-04,2023,8,1,7,1,4,233.4,4120.75,17.66,San Juan del Río,Planta,81-SUS,Suspensión,2394.84,4181,399,3782,10.48,China,QRO-SJR
3818,2026-05-15,2026-05-30,2026,5,5,15,1,7,333.4,3285.81,9.86,León,Planta,60-ELE,Electrónica,1065.78,4715,596,4119,7.91,Alemania,QRO-SJR
3819,2026-05-24,2026-05-27,2026,5,0,3,0,0,296,3308.24,11.18,Celaya,Planta,57-ARN,Arneses,607.05,602,337,265,1.79,Alemania,QRO-MQZ
3820,2026-05-04,2026-05-29,2026,5,1,25,1,18,65.5,1272.24,19.42,San Luis Potosí,Tier1,81-SEN,Sensores,3476.55,1073,855,218,1.25,México,QRO-MQZ
3821,2026-04-26,2026-05-03,2026,4,0,7,1,4,159.7,3055.81,19.13,El Marqués,Taller,95-ELE,Electrónica,4863.69,3953,627,3326,6.3,USA,QRO-SLP
3822,2026-05-04,2026-06-01,2026,5,1,28,1,18,10,118.22,11.82,León,Tier1,46-ELE,Electrónica,2511.37,3579,173,3406,20.69,China,QRO-CEL
3823,2026-05-08,2026-05-25,2026,5,5,17,1,14,291.4,3710.25,12.73,Celaya,Tier1,72-SUS,Suspensión,234.19,3605,243,3362,14.84,Alemania,QRO-SJR
3824,2022-03-23,2022-03-29,2022,3,3,6,1,3,293.1,2638.2,9,Querétaro,Planta,11-ELE,Electrónica,2731.07,2870,828,2042,3.47,USA,QRO-MQZ
3825,2021-07-22,2021-07-29,2021,7,4,7,1,4,139.1,1457.76,10.48,San Luis Potosí,Tier1,42-ARN,Arneses,4312.83,3536,833,2703,4.24,China,QRO-CEL
3826,2023-11-30,2023-12-02,2023,11,4,2,0,0,263.9,4576.52,17.34,Celaya,Taller,39-FRE,Frenos,1372.38,2726,706,2020,3.86,México,QRO-SJR
3827,2021-01-09,2021-01-11,2021,1,6,2,0,0,153.7,1682.05,10.94,Celaya,Planta,77-SUS,Suspensión,2408.66,2567,263,2304,9.76,USA,QRO-MQZ
3828,2025-04-27,2025-05-04,2025,4,0,7,1,4,67.7,753.49,11.13,Querétaro,Tier1,90-ELE,Electrónica,2914.45,2443,282,2161,8.66,México,QRO-SLP
3829,2024-05-18,2024-05-26,2024,5,6,8,1,5,233,4252.42,18.25,San Luis Potosí,Tier1,56-SEN,Sensores,1253.34,3707,620,3087,5.98,Japón,QRO-MQZ
3830,2026-05-24,2026-06-01,2026,5,0,8,0,0,328.2,3740.92,11.4,San Luis Potosí,Planta,96-ELE,Electrónica,4610.48,3616,228,3388,15.86,USA,QRO-MQZ
3831,2023-08-06,2023-08-14,2023,8,0,8,1,5,337,3206.52,9.51,León,Taller,60-SEN,Sensores,4618.25,4938,354,4584,13.95,China,QRO-SJR
3832,2026-05-08,2026-05-31,2026,5,5,23,1,14,346.1,5773.31,16.68,San Juan del Río,Taller,67-SUS,Suspensión,2907.17,4550,308,4242,14.77,México,QRO-SJR
3833,2024-09-30,2024-10-01,2024,9,1,1,0,0,203.5,1786.91,8.78,El Marqués,Tier1,96-SEN,Sensores,4971.73,4377,915,3462,4.78,México,QRO-CEL
3834,2022-07-22,2022-07-27,2022,7,5,5,1,2,229.2,3424.37,14.94,San Luis Potosí,Tier1,26-SEN,Sensores,2283.16,2773,396,2377,7,Alemania,QRO-CEL
3835,2025-01-31,2025-02-05,2025,1,5,5,1,2,238.5,4615.19,19.35,Querétaro,Planta,94-SEN,Sensores,3460.4,1180,938,242,1.26,China,QRO-CEL
3836,2026-05-14,2026-05-29,2026,5,4,15,1,8,273.8,3507.89,12.81,Querétaro,Taller,1-FRE,Frenos,233.71,1282,783,499,1.64,China,QRO-SLP
3837,2022-01-09,2022-01-14,2022,1,0,5,1,2,207.5,3541.53,17.07,El Marqués,Taller,70-ARN,Arneses,1874.06,2106,688,1418,3.06,China,QRO-MQZ
3838,2021-01-13,2021-01-18,2021,1,3,5,1,2,75.6,861,11.39,León,Planta,64-ARN,Arneses,324.29,3235,687,2548,4.71,USA,QRO-SJR
3839,2024-12-26,2024-12-30,2024,12,4,4,1,1,134.7,2154.91,16,León,Tier1,7-ELE,Electrónica,246.58,4554,646,3908,7.05,Alemania,QRO-SLP
3840,2025-02-13,2025-02-16,2025,2,4,3,0,0,223.9,4046.44,18.07,El Marqués,Tier1,72-SUS,Suspensión,234.19,3605,243,3362,14.84,China,QRO-CEL
3841,2026-02-27,2026-03-01,2026,2,5,2,0,0,68.2,822.58,12.06,Corregidora,Tier1,100-FRE,Frenos,1719.07,4842,314,4528,15.42,Japón,QRO-SLP
3842,2023-03-27,2023-03-31,2023,3,1,4,1,1,39.3,557.09,14.18,San Luis Potosí,Tier1,55-SEN,Sensores,431.65,4262,586,3676,7.27,México,QRO-MQZ
3843,2025-01-20,2025-01-27,2025,1,1,7,1,4,201.6,2291.07,11.36,León,Planta,69-ARN,Arneses,2131.09,4430,982,3448,4.51,Japón,QRO-SLP
3844,2026-05-08,2026-05-31,2026,5,5,23,1,14,277.6,5296.18,19.08,Celaya,Planta,65-SEN,Sensores,3356.68,3642,308,3334,11.82,México,QRO-SLP
3845,2024-01-04,2024-01-08,2024,1,4,4,1,1,264.8,2331.9,8.81,El Marqués,Taller,19-SEN,Sensores,1116.53,4535,959,3576,4.73,China,QRO-SJR
3846,2025-04-30,2025-05-05,2025,4,3,5,1,2,84.9,927.89,10.93,El Marqués,Taller,59-SEN,Sensores,627.84,3969,671,3298,5.92,USA,QRO-SJR
3847,2026-05-03,2026-05-31,2026,5,0,28,1,19,212.3,3221.2,15.17,El Marqués,Planta,40-SUS,Suspensión,1400.65,52,574,-522,0.09,China,QRO-SLP
3848,2026-05-03,2026-05-29,2026,5,0,26,1,19,91.2,742.59,8.14,El Marqués,Taller,69-ELE,Electrónica,1827.32,416,556,-140,0.75,China,QRO-SLP
3849,2025-03-24,2025-03-27,2025,3,1,3,0,0,154.3,1570.07,10.18,San Juan del Río,Taller,23-ELE,Electrónica,1997.95,1627,354,1273,4.6,USA,QRO-MQZ
3850,2021-01-07,2021-01-08,2021,1,4,1,0,0,285,4816.67,16.9,San Juan del Río,Tier1,57-ARN,Arneses,607.05,602,337,265,1.79,USA,QRO-SJR
3851,2023-01-25,2023-01-31,2023,1,3,6,1,3,57.7,563.51,9.77,Celaya,Tier1,26-ARN,Arneses,1872.84,4883,185,4698,26.39,Alemania,QRO-MQZ
3852,2026-05-02,2026-06-01,2026,5,6,30,1,20,170.3,2849.25,16.73,San Luis Potosí,Planta,76-FRE,Frenos,3738.99,1682,676,1006,2.49,Alemania,QRO-SJR
3853,2026-04-28,2026-05-04,2026,4,2,6,1,3,308.2,4277.26,13.88,Querétaro,Taller,50-SEN,Sensores,4354.41,2670,213,2457,12.54,Alemania,QRO-CEL
3854,2023-01-21,2023-01-24,2023,1,6,3,0,0,101.6,1381.92,13.6,Corregidora,Distribuidor,64-ELE,Electrónica,4488.81,2018,103,1915,19.59,Alemania,QRO-CEL
3855,2026-05-10,2026-05-27,2026,5,0,17,1,12,238.3,4695.13,19.7,El Marqués,Tier1,92-SUS,Suspensión,3033.85,4447,428,4019,10.39,Alemania,QRO-SJR
3856,2026-05-06,2026-05-26,2026,5,3,20,1,16,267.1,3824.97,14.32,San Luis Potosí,Planta,39-ARN,Arneses,1573.02,936,723,213,1.29,Alemania,QRO-CEL
3857,2026-05-07,2026-05-25,2026,5,4,18,1,15,301,5952.45,19.78,León,Planta,43-ELE,Electrónica,2094.4,1745,174,1571,10.03,China,QRO-SLP
3858,2022-09-05,2022-09-10,2022,9,1,5,1,2,18.7,233.6,12.49,San Juan del Río,Planta,27-SUS,Suspensión,4748.31,2962,518,2444,5.72,Japón,QRO-SJR
3859,2021-11-29,2021-12-07,2021,11,1,8,1,5,264.5,2243.33,8.48,Querétaro,Planta,9-ARN,Arneses,1971.31,2328,930,1398,2.5,USA,QRO-CEL
3860,2026-05-13,2026-05-14,2026,5,3,1,0,0,227.1,3442.47,15.16,Querétaro,Distribuidor,10-SEN,Sensores,4186.41,1042,960,82,1.09,USA,QRO-CEL
3861,2026-05-25,2026-06-02,2026,5,1,8,0,0,260.9,4476.01,17.16,San Juan del Río,Taller,85-SEN,Sensores,1521.2,2920,544,2376,5.37,Alemania,QRO-SLP
3862,2026-05-01,2026-05-26,2026,5,5,25,1,21,156.1,3120.36,19.99,Celaya,Distribuidor,9-SEN,Sensores,3506.81,652,938,-286,0.7,México,QRO-SJR
3863,2023-03-27,2023-03-29,2023,3,1,2,0,0,25.6,230.67,9.01,San Luis Potosí,Tier1,35-SEN,Sensores,262.68,3794,321,3473,11.82,USA,QRO-CEL
3864,2022-08-14,2022-08-16,2022,8,0,2,0,0,229.2,2120.21,9.25,León,Taller,51-ELE,Electrónica,807.84,2612,676,1936,3.86,China,QRO-SJR
3865,2022-01-21,2022-01-24,2022,1,5,3,0,0,219.5,2528.18,11.52,San Luis Potosí,Tier1,9-SUS,Suspensión,3312.62,269,343,-74,0.78,México,QRO-MQZ
3866,2026-02-13,2026-02-14,2026,2,5,1,0,0,212.2,3329.67,15.69,Querétaro,Planta,24-ARN,Arneses,4525.05,711,612,99,1.16,USA,QRO-CEL
3867,2024-01-04,2024-01-06,2024,1,4,2,0,0,335.2,4175.99,12.46,Celaya,Planta,93-ELE,Electrónica,3454.32,4964,773,4191,6.42,Japón,QRO-CEL
3868,2023-09-07,2023-09-12,2023,9,4,5,1,2,49.3,505.95,10.26,Celaya,Distribuidor,58-SUS,Suspensión,1458.38,4972,879,4093,5.66,China,QRO-SJR
3869,2023-09-07,2023-09-12,2023,9,4,5,1,2,92.8,853.3,9.2,León,Tier1,19-ARN,Arneses,3708.16,4895,837,4058,5.85,China,QRO-SLP
3870,2024-05-27,2024-05-28,2024,5,1,1,0,0,47.9,949.84,19.83,Corregidora,Distribuidor,74-ELE,Electrónica,4728.06,3772,558,3214,6.76,USA,QRO-SLP
3871,2024-06-24,2024-06-30,2024,6,1,6,1,3,108.1,2138.96,19.79,Querétaro,Planta,24-ELE,Electrónica,4055.81,2955,652,2303,4.53,China,QRO-MQZ
3872,2026-05-25,2026-06-07,2026,5,1,13,0,0,136.4,1190.26,8.73,Querétaro,Tier1,23-ARN,Arneses,856.04,2511,134,2377,18.74,China,QRO-SLP
3873,2026-01-30,2026-02-07,2026,1,5,8,1,5,157.7,1630.37,10.34,San Luis Potosí,Distribuidor,72-ELE,Electrónica,892.6,1623,479,1144,3.39,USA,QRO-SJR
3874,2025-04-14,2025-04-18,2025,4,1,4,1,1,26.8,455.99,17.01,Querétaro,Tier1,15-SEN,Sensores,4743.16,142,448,-306,0.32,China,QRO-MQZ
3875,2026-05-21,2026-05-29,2026,5,4,8,1,1,94.2,978.02,10.38,León,Taller,99-FRE,Frenos,4195.98,3122,126,2996,24.78,China,QRO-CEL
3876,2025-07-30,2025-08-04,2025,7,3,5,1,2,40.1,541.61,13.51,León,Planta,86-SEN,Sensores,2869.97,158,622,-464,0.25,USA,QRO-CEL
3877,2025-06-30,2025-07-03,2025,6,1,3,0,0,184.1,2448.45,13.3,Celaya,Distribuidor,83-SUS,Suspensión,3433.69,358,401,-43,0.89,China,QRO-CEL
3878,2026-05-14,2026-05-26,2026,5,4,12,1,8,217.1,1860.37,8.57,Corregidora,Distribuidor,92-SEN,Sensores,4469.2,3130,154,2976,20.32,China,QRO-MQZ
3879,2026-05-13,2026-05-30,2026,5,3,17,1,9,222.9,4138.57,18.57,Corregidora,Distribuidor,76-ARN,Arneses,690.12,2510,973,1537,2.58,USA,QRO-CEL
3880,2025-06-28,2025-06-29,2025,6,6,1,0,0,85.6,1403.56,16.4,San Luis Potosí,Tier1,55-SUS,Suspensión,105.27,1887,966,921,1.95,USA,QRO-SLP
3881,2023-12-23,2023-12-27,2023,12,6,4,1,1,292.1,5733.55,19.63,San Juan del Río,Planta,39-ELE,Electrónica,2379.6,1533,174,1359,8.81,Japón,QRO-MQZ
3882,2021-07-16,2021-07-22,2021,7,5,6,1,3,172.6,2290.39,13.27,Corregidora,Distribuidor,12-FRE,Frenos,2256.16,1344,843,501,1.59,China,QRO-MQZ
3883,2026-05-17,2026-05-31,2026,5,0,14,1,5,202.9,3073.28,15.15,San Juan del Río,Planta,74-SUS,Suspensión,4557.16,415,619,-204,0.67,China,QRO-SJR
3884,2021-07-28,2021-08-04,2021,7,3,7,1,4,219,3617.99,16.52,León,Taller,24-FRE,Frenos,3167.6,1248,407,841,3.07,USA,QRO-MQZ
3885,2021-03-27,2021-04-04,2021,3,6,8,1,5,230,2742.89,11.93,León,Planta,30-FRE,Frenos,2601.88,1085,192,893,5.65,Japón,QRO-CEL
3886,2022-09-12,2022-09-18,2022,9,1,6,1,3,90.8,1032.44,11.37,Querétaro,Planta,35-FRE,Frenos,2222.63,4456,817,3639,5.45,USA,QRO-MQZ
3887,2024-10-26,2024-11-03,2024,10,6,8,1,5,208.4,2588.28,12.42,San Juan del Río,Taller,40-SUS,Suspensión,1400.65,52,574,-522,0.09,Japón,QRO-SJR
3888,2026-02-15,2026-02-19,2026,2,0,4,1,1,291,4628.45,15.91,Querétaro,Planta,49-ELE,Electrónica,3034.43,2749,539,2210,5.1,México,QRO-MQZ
3889,2021-12-19,2021-12-24,2021,12,0,5,1,2,57.2,836.02,14.62,San Juan del Río,Planta,27-ELE,Electrónica,1768.11,2885,368,2517,7.84,Japón,QRO-SJR
3890,2025-01-11,2025-01-18,2025,1,6,7,1,4,278.9,3133.14,11.23,San Luis Potosí,Planta,35-ELE,Electrónica,1141.28,3576,681,2895,5.25,México,QRO-SJR
3891,2021-06-16,2021-06-19,2021,6,3,3,0,0,348.8,4082.6,11.7,San Luis Potosí,Tier1,63-SEN,Sensores,610.95,201,678,-477,0.3,China,QRO-CEL
3892,2021-11-18,2021-11-23,2021,11,4,5,1,2,23.3,235.79,10.12,El Marqués,Taller,2-SUS,Suspensión,2244.37,1376,919,457,1.5,China,QRO-SJR
3893,2026-05-07,2026-05-29,2026,5,4,22,1,15,30.8,296.85,9.64,Querétaro,Planta,93-ELE,Electrónica,3454.32,4964,773,4191,6.42,Japón,QRO-SLP
3894,2024-03-26,2024-04-01,2024,3,2,6,1,3,228.4,2433.02,10.65,San Luis Potosí,Tier1,96-SEN,Sensores,4971.73,4377,915,3462,4.78,USA,QRO-CEL
3895,2026-05-02,2026-05-30,2026,5,6,28,1,20,185,2482.18,13.42,León,Tier1,24-ELE,Electrónica,4055.81,2955,652,2303,4.53,Alemania,QRO-MQZ
3896,2024-09-06,2024-09-14,2024,9,5,8,1,5,257.9,3980.86,15.44,San Juan del Río,Planta,94-ELE,Electrónica,673.59,2723,409,2314,6.66,China,QRO-SLP
3897,2024-03-26,2024-03-28,2024,3,2,2,0,0,14.2,144.63,10.19,Querétaro,Tier1,33-SEN,Sensores,4299.55,4446,746,3700,5.96,China,QRO-SLP
3898,2026-02-26,2026-03-01,2026,2,4,3,0,0,49.5,766.59,15.49,Celaya,Planta,60-FRE,Frenos,4591.5,2619,968,1651,2.71,Alemania,QRO-SLP
3899,2022-09-01,2022-09-08,2022,9,4,7,1,4,102.2,1440.85,14.1,Corregidora,Tier1,90-ARN,Arneses,2855.44,3929,856,3073,4.59,México,QRO-MQZ
3900,2023-06-25,2023-06-28,2023,6,0,3,0,0,153.8,1331.78,8.66,Querétaro,Taller,47-SUS,Suspensión,1103.8,4418,319,4099,13.85,Alemania,QRO-SLP
3901,2026-05-04,2026-05-26,2026,5,1,22,1,18,230.8,2646.97,11.47,León,Tier1,25-ELE,Electrónica,1552.43,1189,817,372,1.46,Japón,QRO-CEL
3902,2026-05-01,2026-05-30,2026,5,5,29,1,21,153.8,2673.89,17.39,El Marqués,Taller,78-SUS,Suspensión,3109.5,4399,835,3564,5.27,USA,QRO-CEL
3903,2022-12-28,2023-01-03,2022,12,3,6,1,3,88.4,1497.54,16.94,San Juan del Río,Taller,60-ARN,Arneses,4406.3,1,551,-550,0,Japón,QRO-MQZ
3904,2026-05-07,2026-05-27,2026,5,4,20,1,15,234.5,4336.12,18.49,San Luis Potosí,Planta,10-SEN,Sensores,4186.41,1042,960,82,1.09,Alemania,QRO-CEL
3905,2025-04-05,2025-04-06,2025,4,6,1,0,0,150.7,1767.92,11.73,Querétaro,Distribuidor,16-ELE,Electrónica,316.27,2849,664,2185,4.29,Japón,QRO-CEL
3906,2026-05-03,2026-05-25,2026,5,0,22,1,19,89,1060.25,11.91,San Luis Potosí,Tier1,29-ARN,Arneses,4197.3,2125,821,1304,2.59,China,QRO-SJR
3907,2026-05-19,2026-05-27,2026,5,2,8,1,3,70.3,613.59,8.73,Corregidora,Planta,27-FRE,Frenos,4045.05,2920,947,1973,3.08,Alemania,QRO-SLP
3908,2023-11-05,2023-11-06,2023,11,0,1,0,0,98.4,838.1,8.52,León,Planta,63-ELE,Electrónica,3510.2,1454,755,699,1.93,Japón,QRO-MQZ
3909,2023-04-13,2023-04-18,2023,4,4,5,1,2,171.9,2835.06,16.49,Celaya,Planta,3-ELE,Electrónica,4739.2,4636,173,4463,26.8,China,QRO-SJR
3910,2026-05-14,2026-05-30,2026,5,4,16,1,8,53.2,811.41,15.25,León,Tier1,75-SEN,Sensores,2324.33,2246,115,2131,19.53,Japón,QRO-SLP
3911,2026-05-24,2026-06-02,2026,5,0,9,0,0,48.5,700.24,14.44,Querétaro,Planta,81-SUS,Suspensión,2394.84,4181,399,3782,10.48,China,QRO-SJR
3912,2021-05-14,2021-05-21,2021,5,5,7,1,4,145.8,1527.74,10.48,San Juan del Río,Planta,65-FRE,Frenos,3031.57,2001,416,1585,4.81,Japón,QRO-SLP
3913,2021-05-08,2021-05-14,2021,5,6,6,1,3,297.1,5665.62,19.07,San Luis Potosí,Tier1,49-FRE,Frenos,163.61,2823,238,2585,11.86,USA,QRO-CEL
3914,2022-05-22,2022-05-28,2022,5,0,6,1,3,279.6,2433.83,8.7,Querétaro,Distribuidor,97-ELE,Electrónica,2011.22,862,727,135,1.19,Japón,QRO-CEL
3915,2026-05-07,2026-05-28,2026,5,4,21,1,15,13.7,263.93,19.26,Querétaro,Tier1,93-SEN,Sensores,4236.96,1229,379,850,3.24,China,QRO-SJR
3916,2021-12-23,2021-12-29,2021,12,4,6,1,3,342.1,5764.82,16.85,Celaya,Tier1,55-SUS,Suspensión,105.27,1887,966,921,1.95,Japón,QRO-SJR
3917,2026-05-14,2026-05-28,2026,5,4,14,1,8,314,3407.09,10.85,León,Tier1,41-SUS,Suspensión,754.34,4179,350,3829,11.94,México,QRO-MQZ
3918,2025-06-15,2025-06-16,2025,6,0,1,0,0,202.6,2442.95,12.06,León,Tier1,2-ELE,Electrónica,1189.72,3706,870,2836,4.26,México,QRO-SJR
3919,2026-05-21,2026-05-29,2026,5,4,8,1,1,15.9,134.13,8.44,Celaya,Distribuidor,94-ARN,Arneses,584.4,1245,705,540,1.77,México,QRO-CEL
3920,2026-05-10,2026-06-01,2026,5,0,22,1,12,332,3190.7,9.61,San Juan del Río,Taller,5-FRE,Frenos,3547.92,1323,978,345,1.35,USA,QRO-SJR
3921,2021-09-26,2021-09-29,2021,9,0,3,0,0,105.5,980.6,9.29,San Luis Potosí,Tier1,54-SUS,Suspensión,456.95,529,846,-317,0.63,USA,QRO-SJR
3922,2026-05-18,2026-05-29,2026,5,1,11,1,4,125.4,2253.35,17.97,Celaya,Taller,84-SUS,Suspensión,3111.43,4098,547,3551,7.49,Alemania,QRO-MQZ
3923,2024-08-03,2024-08-04,2024,8,6,1,0,0,221.7,3956.32,17.85,Querétaro,Tier1,43-SUS,Suspensión,2851.8,2949,285,2664,10.35,USA,QRO-MQZ
3924,2022-04-28,2022-04-29,2022,4,4,1,0,0,69.4,1122.09,16.17,Celaya,Tier1,93-ELE,Electrónica,3454.32,4964,773,4191,6.42,Japón,QRO-MQZ
3925,2026-05-23,2026-05-31,2026,5,6,8,0,0,159.8,3099.64,19.4,Corregidora,Distribuidor,87-ARN,Arneses,4993.62,4977,367,4610,13.56,Alemania,QRO-MQZ
3926,2026-05-01,2026-05-28,2026,5,5,27,1,21,36.7,536.81,14.63,Corregidora,Planta,11-FRE,Frenos,495.05,2683,151,2532,17.77,USA,QRO-CEL
3927,2021-11-08,2021-11-10,2021,11,1,2,0,0,179.1,2837.03,15.84,León,Planta,47-ARN,Arneses,1524.78,2381,707,1674,3.37,USA,QRO-CEL
3928,2026-05-04,2026-05-26,2026,5,1,22,1,18,273.9,5432.36,19.83,Corregidora,Distribuidor,68-SEN,Sensores,3619.25,1156,733,423,1.58,Alemania,QRO-CEL
3929,2025-11-11,2025-11-15,2025,11,2,4,1,1,170.8,2050.79,12.01,Querétaro,Tier1,5-FRE,Frenos,3547.92,1323,978,345,1.35,Alemania,QRO-SJR
3930,2021-03-24,2021-03-30,2021,3,3,6,1,3,144,2335.68,16.22,Celaya,Planta,30-ARN,Arneses,1865.58,2831,105,2726,26.96,Japón,QRO-MQZ
3931,2026-05-04,2026-06-01,2026,5,1,28,1,18,226,4026.49,17.82,Celaya,Planta,45-SEN,Sensores,754.06,1135,113,1022,10.04,China,QRO-SJR
3932,2023-06-04,2023-06-09,2023,6,0,5,1,2,275.6,4083.52,14.82,León,Planta,23-FRE,Frenos,3759.37,4902,886,4016,5.53,China,QRO-MQZ
3933,2023-09-22,2023-09-25,2023,9,5,3,0,0,78.1,1281.91,16.41,San Luis Potosí,Distribuidor,81-SEN,Sensores,3476.55,1073,855,218,1.25,China,QRO-CEL
3934,2026-05-07,2026-05-30,2026,5,4,23,1,15,98.9,1778.97,17.99,San Juan del Río,Taller,95-FRE,Frenos,4724.44,71,925,-854,0.08,México,QRO-MQZ
3935,2022-04-09,2022-04-13,2022,4,6,4,1,1,268.4,2345.69,8.74,León,Tier1,68-ARN,Arneses,4667.59,2569,343,2226,7.49,México,QRO-SJR
3936,2026-05-05,2026-05-28,2026,5,2,23,1,17,251.2,4416.41,17.58,San Luis Potosí,Tier1,76-SEN,Sensores,3690.33,3173,898,2275,3.53,Japón,QRO-SJR
3937,2021-05-12,2021-05-14,2021,5,3,2,0,0,218,2662.58,12.21,Celaya,Planta,12-ARN,Arneses,4577.37,1662,429,1233,3.87,Alemania,QRO-MQZ
3938,2022-12-16,2022-12-17,2022,12,5,1,0,0,337,4414.97,13.1,Querétaro,Planta,27-FRE,Frenos,4045.05,2920,947,1973,3.08,Japón,QRO-SLP
3939,2025-06-07,2025-06-11,2025,6,6,4,1,1,179.8,1662.52,9.25,Corregidora,Distribuidor,22-ELE,Electrónica,4549.91,3883,821,3062,4.73,Alemania,QRO-CEL
3940,2023-08-03,2023-08-06,2023,8,4,3,0,0,335.3,4284.93,12.78,Corregidora,Planta,100-ARN,Arneses,1116.73,659,716,-57,0.92,Alemania,QRO-CEL
3941,2021-03-04,2021-03-10,2021,3,4,6,1,3,42.5,510.17,12,Querétaro,Tier1,58-SUS,Suspensión,1458.38,4972,879,4093,5.66,China,QRO-CEL
3942,2026-05-07,2026-05-30,2026,5,4,23,1,15,271.2,3052.81,11.26,León,Planta,20-FRE,Frenos,3362.99,3735,334,3401,11.18,Alemania,QRO-SLP
3943,2024-03-14,2024-03-17,2024,3,4,3,0,0,171.6,1881.7,10.97,San Luis Potosí,Planta,8-ELE,Electrónica,1771.55,3926,741,3185,5.3,Alemania,QRO-CEL
3944,2026-05-22,2026-06-03,2026,5,5,12,0,0,57.8,695.62,12.03,León,Tier1,55-ARN,Arneses,3941.75,4751,961,3790,4.94,USA,QRO-MQZ
3945,2023-11-15,2023-11-17,2023,11,3,2,0,0,171.6,1622.68,9.46,San Juan del Río,Planta,49-SUS,Suspensión,2456.79,4682,791,3891,5.92,México,QRO-SJR
3946,2026-03-25,2026-04-02,2026,3,3,8,1,5,114,2132.33,18.7,Querétaro,Tier1,92-ARN,Arneses,287.69,1288,902,386,1.43,China,QRO-MQZ
3947,2022-04-08,2022-04-09,2022,4,5,1,0,0,272.3,3039.01,11.16,Corregidora,Distribuidor,78-SUS,Suspensión,3109.5,4399,835,3564,5.27,USA,QRO-SJR
3948,2025-04-13,2025-04-18,2025,4,0,5,1,2,125.9,1373.7,10.91,León,Planta,66-FRE,Frenos,1624.56,4540,510,4030,8.9,Japón,QRO-SLP
3949,2021-07-12,2021-07-17,2021,7,1,5,1,2,117.9,1139.71,9.67,Querétaro,Tier1,23-FRE,Frenos,3759.37,4902,886,4016,5.53,China,QRO-CEL
3950,2021-03-21,2021-03-24,2021,3,0,3,0,0,116.9,1186.87,10.15,El Marqués,Taller,85-SUS,Suspensión,2247.84,2925,536,2389,5.46,Alemania,QRO-CEL
3951,2022-08-20,2022-08-22,2022,8,6,2,0,0,43.8,358.01,8.17,San Juan del Río,Planta,50-SUS,Suspensión,1449.41,272,798,-526,0.34,Alemania,QRO-MQZ
3952,2025-06-17,2025-06-18,2025,6,2,1,0,0,87.4,1614.71,18.47,Celaya,Distribuidor,6-SEN,Sensores,1099.61,3877,502,3375,7.72,USA,QRO-SJR
3953,2026-05-16,2026-06-01,2026,5,6,16,1,6,227.7,3546.85,15.58,Celaya,Planta,100-ELE,Electrónica,3513.62,1971,804,1167,2.45,Alemania,QRO-CEL
3954,2026-05-17,2026-05-29,2026,5,0,12,1,5,188,3072.4,16.34,El Marqués,Tier1,70-ARN,Arneses,1874.06,2106,688,1418,3.06,Alemania,QRO-CEL
3955,2026-05-25,2026-06-05,2026,5,1,11,0,0,15.7,224.72,14.31,Corregidora,Planta,68-SUS,Suspensión,4427.01,2107,162,1945,13.01,Alemania,QRO-SLP
3956,2021-11-09,2021-11-17,2021,11,2,8,1,5,82.9,995.81,12.01,Celaya,Planta,8-SEN,Sensores,4374.33,2187,777,1410,2.81,Alemania,QRO-SJR
3957,2026-05-18,2026-05-27,2026,5,1,9,1,4,58.7,631.51,10.76,San Luis Potosí,Tier1,38-FRE,Frenos,2176.42,4632,529,4103,8.76,USA,QRO-MQZ
3958,2023-02-02,2023-02-10,2023,2,4,8,1,5,39.1,476.41,12.18,Celaya,Distribuidor,86-SEN,Sensores,2869.97,158,622,-464,0.25,México,QRO-MQZ
3959,2025-11-19,2025-11-22,2025,11,3,3,0,0,298.1,5496.65,18.44,Corregidora,Tier1,30-SEN,Sensores,3410.75,196,590,-394,0.33,USA,QRO-SLP
3960,2021-12-17,2021-12-19,2021,12,5,2,0,0,293.3,3356.2,11.44,León,Tier1,8-ARN,Arneses,3605.24,2185,615,1570,3.55,China,QRO-CEL
3961,2024-04-18,2024-04-20,2024,4,4,2,0,0,102.9,1671.62,16.25,Corregidora,Tier1,19-SEN,Sensores,1116.53,4535,959,3576,4.73,Japón,QRO-CEL
3962,2023-11-08,2023-11-14,2023,11,3,6,1,3,178.8,2472.28,13.83,León,Tier1,35-ELE,Electrónica,1141.28,3576,681,2895,5.25,China,QRO-CEL
3963,2023-02-14,2023-02-17,2023,2,2,3,0,0,346.9,3819.94,11.01,Celaya,Distribuidor,30-SUS,Suspensión,506.69,2378,235,2143,10.12,Alemania,QRO-CEL
3964,2026-05-05,2026-05-30,2026,5,2,25,1,17,67.4,577.43,8.57,El Marqués,Distribuidor,82-ARN,Arneses,1708.12,766,973,-207,0.79,USA,QRO-CEL
3965,2022-07-06,2022-07-14,2022,7,3,8,1,5,32.8,616.35,18.79,Querétaro,Distribuidor,7-ARN,Arneses,2965.42,1199,206,993,5.82,Alemania,QRO-CEL
3966,2025-10-18,2025-10-22,2025,10,6,4,1,1,93,1366.94,14.7,Corregidora,Planta,22-SEN,Sensores,4518.66,3974,785,3189,5.06,Japón,QRO-SJR
3967,2026-05-04,2026-05-26,2026,5,1,22,1,18,251.5,4389.49,17.45,San Juan del Río,Taller,64-ARN,Arneses,324.29,3235,687,2548,4.71,USA,QRO-SLP
3968,2025-12-12,2025-12-15,2025,12,5,3,0,0,314.1,3726.11,11.86,León,Tier1,23-FRE,Frenos,3759.37,4902,886,4016,5.53,Japón,QRO-SLP
3969,2023-11-11,2023-11-13,2023,11,6,2,0,0,265.7,4012.47,15.1,Celaya,Tier1,36-SUS,Suspensión,787.36,3511,115,3396,30.53,China,QRO-SJR
3970,2024-05-30,2024-06-04,2024,5,4,5,1,2,17.5,283.82,16.22,El Marqués,Planta,6-ARN,Arneses,1073.65,2312,666,1646,3.47,Japón,QRO-MQZ
3971,2026-05-01,2026-06-01,2026,5,5,31,1,21,125.8,1787.54,14.21,El Marqués,Tier1,42-ELE,Electrónica,3324.88,3038,963,2075,3.15,China,QRO-MQZ
3972,2026-05-09,2026-05-27,2026,5,6,18,1,13,338.2,3649.94,10.79,Corregidora,Distribuidor,82-SUS,Suspensión,998.09,2299,178,2121,12.92,China,QRO-CEL
3973,2026-05-16,2026-06-01,2026,5,6,16,1,6,187.6,1815.46,9.68,Querétaro,Tier1,91-ELE,Electrónica,4015.73,261,463,-202,0.56,USA,QRO-SJR
3974,2026-05-19,2026-05-26,2026,5,2,7,1,3,86.2,1119.35,12.99,Corregidora,Distribuidor,49-SUS,Suspensión,2456.79,4682,791,3891,5.92,Japón,QRO-SJR
3975,2023-08-09,2023-08-10,2023,8,3,1,0,0,191.6,3278.44,17.11,El Marqués,Taller,20-FRE,Frenos,3362.99,3735,334,3401,11.18,Japón,QRO-SJR
3976,2026-05-13,2026-05-31,2026,5,3,18,1,9,77.4,754.51,9.75,León,Tier1,65-FRE,Frenos,3031.57,2001,416,1585,4.81,Alemania,QRO-SJR
3977,2023-03-16,2023-03-17,2023,3,4,1,0,0,192.8,2368.48,12.28,León,Tier1,95-SUS,Suspensión,1566.72,4477,675,3802,6.63,USA,QRO-MQZ
3978,2024-11-22,2024-11-24,2024,11,5,2,0,0,212.6,3166.15,14.89,El Marqués,Tier1,12-ARN,Arneses,4577.37,1662,429,1233,3.87,México,QRO-SJR
3979,2026-05-20,2026-05-27,2026,5,3,7,1,2,197,2686.16,13.64,El Marqués,Distribuidor,57-SEN,Sensores,1514.51,438,789,-351,0.56,México,QRO-SJR
3980,2022-04-29,2022-05-07,2022,4,5,8,1,5,59.1,573.15,9.7,San Juan del Río,Tier1,78-SUS,Suspensión,3109.5,4399,835,3564,5.27,USA,QRO-CEL
3981,2023-09-12,2023-09-13,2023,9,2,1,0,0,68.8,788.77,11.46,Corregidora,Distribuidor,27-SEN,Sensores,2154.77,2124,891,1233,2.38,Japón,QRO-MQZ
3982,2026-05-18,2026-05-30,2026,5,1,12,1,4,191.7,3113.23,16.24,El Marqués,Taller,61-ARN,Arneses,4744.31,4892,624,4268,7.84,México,QRO-MQZ
3983,2026-05-11,2026-05-26,2026,5,1,15,1,11,289.8,3032.93,10.47,San Juan del Río,Taller,30-SUS,Suspensión,506.69,2378,235,2143,10.12,China,QRO-SLP
3984,2026-05-08,2026-05-27,2026,5,5,19,1,14,155,1750.17,11.29,Querétaro,Tier1,16-SUS,Suspensión,2880.89,356,123,233,2.89,México,QRO-SLP
3985,2023-05-26,2023-05-29,2023,5,5,3,0,0,266.9,3338.85,12.51,Querétaro,Tier1,82-FRE,Frenos,3559.78,1290,296,994,4.36,Japón,QRO-SJR
3986,2025-02-28,2025-03-04,2025,2,5,4,1,1,263.9,2951.05,11.18,San Luis Potosí,Planta,65-ELE,Electrónica,4175.41,3316,875,2441,3.79,Japón,QRO-MQZ
3987,2024-12-28,2025-01-03,2024,12,6,6,1,3,188.9,2026.27,10.73,León,Planta,93-FRE,Frenos,3588.35,4289,128,4161,33.51,Japón,QRO-CEL
3988,2025-09-25,2025-09-26,2025,9,4,1,0,0,162.7,1464.52,9,Corregidora,Taller,67-ELE,Electrónica,2438.18,3104,587,2517,5.29,USA,QRO-SLP
3989,2025-06-05,2025-06-10,2025,6,4,5,1,2,19.8,245.24,12.39,León,Tier1,60-SEN,Sensores,4618.25,4938,354,4584,13.95,Japón,QRO-CEL
3990,2023-06-07,2023-06-08,2023,6,3,1,0,0,299.6,4745.46,15.84,Celaya,Planta,58-FRE,Frenos,4382.22,4184,377,3807,11.1,Japón,QRO-MQZ
3991,2026-05-05,2026-06-01,2026,5,2,27,1,17,150.6,2242.25,14.89,San Juan del Río,Planta,3-SEN,Sensores,523.6,1191,770,421,1.55,Alemania,QRO-SJR
3992,2024-03-31,2024-04-02,2024,3,0,2,0,0,62.1,1216.47,19.59,Corregidora,Planta,10-ARN,Arneses,1421.89,2478,555,1923,4.46,Alemania,QRO-MQZ
3993,2024-01-26,2024-02-02,2024,1,5,7,1,4,189.1,1685.45,8.91,León,Tier1,45-FRE,Frenos,1728.34,1258,154,1104,8.17,Japón,QRO-MQZ
3994,2024-10-22,2024-10-25,2024,10,2,3,0,0,255.3,2297.16,9,San Luis Potosí,Distribuidor,66-SUS,Suspensión,3813.62,870,354,516,2.46,Alemania,QRO-SLP
3995,2021-04-12,2021-04-15,2021,4,1,3,0,0,146.4,1975.72,13.5,León,Tier1,56-SEN,Sensores,1253.34,3707,620,3087,5.98,USA,QRO-MQZ
3996,2022-07-02,2022-07-06,2022,7,6,4,1,1,325,3380.68,10.4,Celaya,Distribuidor,58-SUS,Suspensión,1458.38,4972,879,4093,5.66,México,QRO-MQZ
3997,2025-10-01,2025-10-08,2025,10,3,7,1,4,70.7,1241.61,17.56,San Juan del Río,Tier1,75-SEN,Sensores,2324.33,2246,115,2131,19.53,China,QRO-SLP
3998,2023-10-11,2023-10-14,2023,10,3,3,0,0,287.5,3617.69,12.58,Corregidora,Planta,70-SUS,Suspensión,3232.39,1824,203,1621,8.99,Japón,QRO-SLP
3999,2024-07-14,2024-07-22,2024,7,0,8,1,5,18.2,246.14,13.52,León,Tier1,57-FRE,Frenos,1434.88,3059,113,2946,27.07,China,QRO-CEL
4000,2022-04-14,2022-04-19,2022,4,4,5,1,2,84.9,786.59,9.26,San Luis Potosí,Tier1,42-SUS,Suspensión,1516.88,2245,576,1669,3.9,Alemania,QRO-SJR
4001,2026-05-12,2026-05-25,2026,5,2,13,1,10,22.1,340.8,15.42,León,Planta,19-SUS,Suspensión,4085.71,2770,814,1956,3.4,USA,QRO-MQZ
4002,2026-05-12,2026-06-01,2026,5,2,20,1,10,27,329.33,12.2,Celaya,Distribuidor,95-FRE,Frenos,4724.44,71,925,-854,0.08,China,QRO-SJR
4003,2026-05-08,2026-05-29,2026,5,5,21,1,14,286.9,5130.95,17.88,Querétaro,Distribuidor,69-ELE,Electrónica,1827.32,416,556,-140,0.75,Alemania,QRO-MQZ
4004,2026-05-04,2026-05-30,2026,5,1,26,1,18,185.6,1644.49,8.86,San Juan del Río,Planta,50-SEN,Sensores,4354.41,2670,213,2457,12.54,USA,QRO-CEL
4005,2021-10-29,2021-11-04,2021,10,5,6,1,3,70.2,1377.84,19.63,Corregidora,Distribuidor,35-ARN,Arneses,3574.66,2983,906,2077,3.29,Alemania,QRO-SLP
4006,2021-03-01,2021-03-07,2021,3,1,6,1,3,51,417.47,8.19,Querétaro,Distribuidor,77-SEN,Sensores,2481.2,2143,179,1964,11.97,Alemania,QRO-MQZ
4007,2023-03-18,2023-03-22,2023,3,6,4,1,1,30.8,288.02,9.35,Corregidora,Distribuidor,44-SUS,Suspensión,504.34,1272,969,303,1.31,USA,QRO-MQZ
4008,2026-05-03,2026-05-29,2026,5,0,26,1,19,100.2,1089.06,10.87,San Juan del Río,Tier1,13-SUS,Suspensión,186.07,4142,666,3476,6.22,México,QRO-SJR
4009,2026-05-16,2026-05-25,2026,5,6,9,1,6,222.1,2023.4,9.11,El Marqués,Taller,58-SEN,Sensores,2617.63,4219,411,3808,10.27,Japón,QRO-SLP
4010,2026-05-02,2026-05-09,2026,5,6,7,1,4,140.3,1788.18,12.75,Celaya,Tier1,79-ARN,Arneses,2822.38,3202,339,2863,9.45,USA,QRO-MQZ
4011,2022-07-27,2022-07-31,2022,7,3,4,1,1,285.8,5251.48,18.37,El Marqués,Tier1,91-FRE,Frenos,4291.8,4493,112,4381,40.12,Japón,QRO-CEL
4012,2026-05-13,2026-05-29,2026,5,3,16,1,9,36.8,302.27,8.21,Celaya,Planta,29-ARN,Arneses,4197.3,2125,821,1304,2.59,Alemania,QRO-CEL
4013,2023-10-03,2023-10-11,2023,10,2,8,1,5,268.2,2931.11,10.93,El Marqués,Taller,40-FRE,Frenos,351,1572,317,1255,4.96,México,QRO-CEL
4014,2026-05-12,2026-05-26,2026,5,2,14,1,10,80.2,812,10.12,Celaya,Taller,78-ARN,Arneses,3156.74,4864,828,4036,5.87,China,QRO-CEL
4015,2023-07-15,2023-07-20,2023,7,6,5,1,2,307.5,5699.74,18.54,El Marqués,Taller,24-SUS,Suspensión,712.49,4064,852,3212,4.77,México,QRO-CEL
4016,2022-01-31,2022-02-08,2022,1,1,8,1,5,254.3,4405.32,17.32,Querétaro,Planta,41-ELE,Electrónica,4687.71,920,702,218,1.31,México,QRO-CEL
4017,2026-05-22,2026-05-31,2026,5,5,9,0,0,157.2,2856.94,18.17,San Juan del Río,Planta,76-FRE,Frenos,3738.99,1682,676,1006,2.49,China,QRO-MQZ
4018,2022-06-19,2022-06-27,2022,6,0,8,1,5,248,2418.96,9.75,Celaya,Planta,81-SUS,Suspensión,2394.84,4181,399,3782,10.48,Alemania,QRO-SLP
4019,2026-05-25,2026-06-05,2026,5,1,11,0,0,20.8,328.93,15.81,San Juan del Río,Planta,89-FRE,Frenos,3217.84,688,519,169,1.33,Japón,QRO-CEL
4020,2023-02-05,2023-02-08,2023,2,0,3,0,0,38.1,357.33,9.38,León,Tier1,99-ARN,Arneses,1390.25,230,392,-162,0.59,Japón,QRO-SLP
4021,2022-12-27,2022-12-30,2022,12,2,3,0,0,31.1,297.2,9.56,León,Tier1,55-SUS,Suspensión,105.27,1887,966,921,1.95,Alemania,QRO-MQZ
4022,2024-06-30,2024-07-07,2024,6,0,7,1,4,107.1,893.1,8.34,León,Tier1,73-FRE,Frenos,1090.63,4235,792,3443,5.35,México,QRO-SLP
4023,2026-05-18,2026-05-27,2026,5,1,9,1,4,174.9,1939.91,11.09,El Marqués,Taller,25-ELE,Electrónica,1552.43,1189,817,372,1.46,Alemania,QRO-SLP
4024,2025-07-08,2025-07-09,2025,7,2,1,0,0,175.5,1950.37,11.11,Celaya,Distribuidor,10-ARN,Arneses,1421.89,2478,555,1923,4.46,China,QRO-CEL
4025,2023-01-18,2023-01-24,2023,1,3,6,1,3,313.9,5734.34,18.27,León,Tier1,9-SEN,Sensores,3506.81,652,938,-286,0.7,Japón,QRO-SLP
4026,2024-04-21,2024-04-24,2024,4,0,3,0,0,87.8,1453.67,16.56,San Luis Potosí,Tier1,48-ARN,Arneses,4531.54,4813,716,4097,6.72,México,QRO-MQZ
4027,2021-04-29,2021-05-04,2021,4,4,5,1,2,243.4,3305.72,13.58,Querétaro,Planta,49-SUS,Suspensión,2456.79,4682,791,3891,5.92,USA,QRO-SLP
4028,2026-05-18,2026-05-28,2026,5,1,10,1,4,151.1,2512.98,16.63,Corregidora,Distribuidor,73-SEN,Sensores,1840.37,2686,730,1956,3.68,México,QRO-SJR
4029,2026-05-02,2026-05-29,2026,5,6,27,1,20,174.6,3331.86,19.08,Corregidora,Tier1,14-SEN,Sensores,1286.42,722,555,167,1.3,China,QRO-SJR
4030,2026-05-21,2026-05-28,2026,5,4,7,1,1,205.5,2705.03,13.16,León,Taller,87-FRE,Frenos,4868.31,520,545,-25,0.95,China,QRO-MQZ
4031,2026-05-14,2026-05-25,2026,5,4,11,1,8,74.6,628.86,8.43,San Juan del Río,Planta,65-SUS,Suspensión,3449.87,4345,595,3750,7.3,México,QRO-MQZ
4032,2026-05-06,2026-05-28,2026,5,3,22,1,16,35.5,366.38,10.32,San Juan del Río,Tier1,93-FRE,Frenos,3588.35,4289,128,4161,33.51,Alemania,QRO-MQZ
4033,2026-05-20,2026-05-27,2026,5,3,7,1,2,343.5,3365.32,9.8,San Juan del Río,Taller,92-ELE,Electrónica,4401.79,4271,769,3502,5.55,China,QRO-SJR
4034,2024-02-11,2024-02-12,2024,2,0,1,0,0,228.7,3283.26,14.36,Querétaro,Tier1,65-ELE,Electrónica,4175.41,3316,875,2441,3.79,Alemania,QRO-SJR
4035,2024-04-29,2024-05-02,2024,4,1,3,0,0,62.2,860.8,13.84,Corregidora,Taller,22-ELE,Electrónica,4549.91,3883,821,3062,4.73,Alemania,QRO-SLP
4036,2026-05-16,2026-06-01,2026,5,6,16,1,6,94.9,989.21,10.42,El Marqués,Taller,53-SUS,Suspensión,2062.9,3440,719,2721,4.78,Japón,QRO-SJR
4037,2026-05-15,2026-06-01,2026,5,5,17,1,7,119.6,1530.85,12.8,El Marqués,Planta,22-ARN,Arneses,4301.5,1604,436,1168,3.68,México,QRO-SJR
4038,2026-05-23,2026-06-01,2026,5,6,9,0,0,204.3,1732.85,8.48,Querétaro,Distribuidor,80-SUS,Suspensión,3018.8,2364,799,1565,2.96,Alemania,QRO-SJR
4039,2026-05-18,2026-05-26,2026,5,1,8,1,4,348,4274.04,12.28,Corregidora,Tier1,62-ELE,Electrónica,4147.27,4050,501,3549,8.08,México,QRO-SLP
4040,2021-12-30,2022-01-06,2021,12,4,7,1,4,71.9,1188.03,16.52,Corregidora,Tier1,99-ARN,Arneses,1390.25,230,392,-162,0.59,Japón,QRO-SLP
4041,2023-04-25,2023-05-03,2023,4,2,8,1,5,207.4,1908.77,9.2,León,Planta,9-SUS,Suspensión,3312.62,269,343,-74,0.78,Japón,QRO-SLP
4042,2026-05-13,2026-05-31,2026,5,3,18,1,9,99.2,1309.47,13.2,Celaya,Planta,83-ARN,Arneses,4089.81,3819,304,3515,12.56,México,QRO-SJR
4043,2021-10-01,2021-10-07,2021,10,5,6,1,3,143.6,2352.71,16.38,Celaya,Planta,92-FRE,Frenos,3332.83,2180,940,1240,2.32,Alemania,QRO-CEL
4044,2024-12-11,2024-12-16,2024,12,3,5,1,2,218.7,3995.04,18.27,San Juan del Río,Planta,14-FRE,Frenos,3534.94,4023,455,3568,8.84,Alemania,QRO-SJR
4045,2022-06-11,2022-06-16,2022,6,6,5,1,2,47.1,858.94,18.24,León,Tier1,50-ELE,Electrónica,3253.74,3790,410,3380,9.24,Japón,QRO-MQZ
4046,2026-05-01,2026-05-25,2026,5,5,24,1,21,271,2814.58,10.39,Celaya,Taller,57-SUS,Suspensión,4521.23,466,706,-240,0.66,Alemania,QRO-SLP
4047,2022-10-01,2022-10-02,2022,10,6,1,0,0,159.1,1783.98,11.21,Celaya,Distribuidor,46-SUS,Suspensión,1653.36,4322,935,3387,4.62,Japón,QRO-CEL
4048,2024-05-25,2024-05-28,2024,5,6,3,0,0,323,5708.11,17.67,San Juan del Río,Taller,48-ELE,Electrónica,2929.89,2314,767,1547,3.02,USA,QRO-CEL
4049,2026-03-19,2026-03-21,2026,3,4,2,0,0,320.2,6385.47,19.94,Celaya,Distribuidor,4-SEN,Sensores,415.57,4942,295,4647,16.75,Japón,QRO-MQZ
4050,2026-05-11,2026-05-26,2026,5,1,15,1,11,279,4790.28,17.17,Querétaro,Distribuidor,97-FRE,Frenos,4200.07,1145,962,183,1.19,México,QRO-SLP
4051,2025-01-01,2025-01-04,2025,1,3,3,0,0,144.2,2651.46,18.39,San Juan del Río,Tier1,8-SEN,Sensores,4374.33,2187,777,1410,2.81,Alemania,QRO-SLP
4052,2023-03-06,2023-03-12,2023,3,1,6,1,3,206.6,2607.99,12.62,Corregidora,Tier1,100-ARN,Arneses,1116.73,659,716,-57,0.92,Japón,QRO-SLP
4053,2025-09-15,2025-09-22,2025,9,1,7,1,4,61.4,703.73,11.46,Celaya,Tier1,59-ELE,Electrónica,3153.37,470,478,-8,0.98,México,QRO-CEL
4054,2026-05-17,2026-06-01,2026,5,0,15,1,5,221.5,3196.36,14.43,Querétaro,Planta,2-ARN,Arneses,3272.1,4817,709,4108,6.79,Alemania,QRO-SJR
4055,2026-05-25,2026-06-03,2026,5,1,9,0,0,305.2,4656.65,15.26,León,Taller,3-SUS,Suspensión,3159.17,1739,584,1155,2.98,México,QRO-SLP
4056,2021-12-02,2021-12-07,2021,12,4,5,1,2,114.9,1321.81,11.5,El Marqués,Taller,45-SUS,Suspensión,2909.13,3021,431,2590,7.01,México,QRO-MQZ
4057,2026-05-17,2026-05-30,2026,5,0,13,1,5,288.5,4083.04,14.15,El Marqués,Taller,28-ELE,Electrónica,4684.29,2156,661,1495,3.26,Japón,QRO-SLP
4058,2023-01-12,2023-01-15,2023,1,4,3,0,0,142.6,1722.98,12.08,El Marqués,Tier1,41-FRE,Frenos,402.6,1519,142,1377,10.7,USA,QRO-CEL
4059,2022-12-14,2022-12-18,2022,12,3,4,1,1,85.7,1381.9,16.12,Querétaro,Distribuidor,82-ARN,Arneses,1708.12,766,973,-207,0.79,Japón,QRO-SLP
4060,2026-05-10,2026-05-25,2026,5,0,15,1,12,159.5,2264.27,14.2,San Juan del Río,Planta,22-SUS,Suspensión,895.84,3847,874,2973,4.4,México,QRO-SJR
4061,2024-01-14,2024-01-19,2024,1,0,5,1,2,188.3,2032.2,10.79,Celaya,Planta,85-ELE,Electrónica,2849.32,3481,180,3301,19.34,Alemania,QRO-MQZ
4062,2026-05-18,2026-05-30,2026,5,1,12,1,4,179.5,1573.88,8.77,Corregidora,Planta,3-SEN,Sensores,523.6,1191,770,421,1.55,China,QRO-MQZ
4063,2026-05-03,2026-05-29,2026,5,0,26,1,19,129.8,1754.52,13.52,Corregidora,Distribuidor,81-ELE,Electrónica,140.61,1480,170,1310,8.71,China,QRO-CEL
4064,2025-09-13,2025-09-19,2025,9,6,6,1,3,198.2,3578.4,18.05,Corregidora,Planta,6-SEN,Sensores,1099.61,3877,502,3375,7.72,Japón,QRO-CEL
4065,2026-05-05,2026-05-31,2026,5,2,26,1,17,134.1,2482.09,18.51,León,Tier1,18-ELE,Electrónica,3808.96,3955,122,3833,32.42,Alemania,QRO-SLP
4066,2025-01-23,2025-01-26,2025,1,4,3,0,0,255.7,2756.97,10.78,Celaya,Tier1,85-FRE,Frenos,2849.37,4143,705,3438,5.88,México,QRO-SLP
4067,2025-02-17,2025-02-22,2025,2,1,5,1,2,242.2,2398.45,9.9,San Juan del Río,Tier1,84-FRE,Frenos,3127.21,853,327,526,2.61,USA,QRO-MQZ
4068,2023-08-08,2023-08-09,2023,8,2,1,0,0,74.5,1384.47,18.58,León,Tier1,68-ARN,Arneses,4667.59,2569,343,2226,7.49,México,QRO-CEL
4069,2026-05-18,2026-05-28,2026,5,1,10,1,4,90.2,1259.51,13.96,El Marqués,Tier1,26-ARN,Arneses,1872.84,4883,185,4698,26.39,USA,QRO-SJR
4070,2021-06-01,2021-06-03,2021,6,2,2,0,0,223.8,3468.54,15.5,San Luis Potosí,Tier1,89-ARN,Arneses,2647.36,4434,738,3696,6.01,Alemania,QRO-SJR
4071,2024-10-25,2024-10-26,2024,10,5,1,0,0,96.8,1195.3,12.35,Celaya,Distribuidor,54-SEN,Sensores,2229.64,971,924,47,1.05,México,QRO-MQZ
4072,2026-05-12,2026-05-26,2026,5,2,14,1,10,221.6,2068.35,9.33,León,Planta,62-SEN,Sensores,61.64,976,325,651,3,Alemania,QRO-SJR
4073,2024-06-16,2024-06-19,2024,6,0,3,0,0,13,214.78,16.52,Querétaro,Tier1,47-FRE,Frenos,1952.37,1312,523,789,2.51,USA,QRO-MQZ
4074,2021-04-11,2021-04-15,2021,4,0,4,1,1,176.1,1727.37,9.81,San Juan del Río,Tier1,27-SUS,Suspensión,4748.31,2962,518,2444,5.72,Alemania,QRO-MQZ
4075,2024-04-23,2024-04-27,2024,4,2,4,1,1,327.1,5129.46,15.68,Querétaro,Tier1,70-SEN,Sensores,1991.74,2888,241,2647,11.98,Japón,QRO-CEL
4076,2026-05-07,2026-06-01,2026,5,4,25,1,15,269.5,5368.41,19.92,El Marqués,Tier1,25-SEN,Sensores,4979.92,3606,752,2854,4.8,China,QRO-SJR
4077,2024-09-07,2024-09-08,2024,9,6,1,0,0,168.2,1915.51,11.39,San Luis Potosí,Tier1,28-ELE,Electrónica,4684.29,2156,661,1495,3.26,Alemania,QRO-SJR
4078,2022-12-19,2022-12-25,2022,12,1,6,1,3,177,1762.2,9.96,San Juan del Río,Tier1,70-SEN,Sensores,1991.74,2888,241,2647,11.98,México,QRO-SLP
4079,2026-05-09,2026-05-28,2026,5,6,19,1,13,254.1,2420.18,9.52,Celaya,Planta,15-ELE,Electrónica,1562.18,742,986,-244,0.75,China,QRO-MQZ
4080,2023-02-17,2023-02-25,2023,2,5,8,1,5,14,180.52,12.89,Celaya,Tier1,35-FRE,Frenos,2222.63,4456,817,3639,5.45,Alemania,QRO-SLP
4081,2023-05-15,2023-05-20,2023,5,1,5,1,2,300.7,2872.52,9.55,San Juan del Río,Tier1,20-SUS,Suspensión,1687.63,629,800,-171,0.79,Alemania,QRO-SLP
4082,2022-06-06,2022-06-14,2022,6,1,8,1,5,192.5,2786.18,14.47,San Luis Potosí,Tier1,6-SUS,Suspensión,2576.41,2042,642,1400,3.18,México,QRO-SLP
4083,2026-05-20,2026-05-31,2026,5,3,11,1,2,144.5,2490.15,17.23,Corregidora,Distribuidor,20-ELE,Electrónica,4578.72,3498,121,3377,28.91,México,QRO-MQZ
4084,2026-05-22,2026-05-31,2026,5,5,9,0,0,272.1,3634.75,13.36,Querétaro,Tier1,41-SEN,Sensores,4243.67,4515,377,4138,11.98,Alemania,QRO-SLP
4085,2022-03-12,2022-03-19,2022,3,6,7,1,4,177.6,1744.37,9.82,Querétaro,Tier1,28-ARN,Arneses,615.82,4597,278,4319,16.54,Japón,QRO-SJR
4086,2025-10-11,2025-10-16,2025,10,6,5,1,2,308.9,3595.8,11.64,Corregidora,Distribuidor,97-ARN,Arneses,2270.01,2349,327,2022,7.18,Alemania,QRO-SLP
4087,2022-03-21,2022-03-27,2022,3,1,6,1,3,172.6,1927.83,11.17,El Marqués,Tier1,89-SUS,Suspensión,3420.66,3727,958,2769,3.89,USA,QRO-SLP
4088,2023-01-24,2023-01-28,2023,1,2,4,1,1,45.7,569.05,12.45,San Luis Potosí,Taller,31-FRE,Frenos,259.79,2493,478,2015,5.22,México,QRO-CEL
4089,2025-12-28,2025-12-29,2025,12,0,1,0,0,283.7,4502.84,15.87,León,Taller,30-FRE,Frenos,2601.88,1085,192,893,5.65,China,QRO-SJR
4090,2026-05-05,2026-05-29,2026,5,2,24,1,17,201.8,2155.07,10.68,San Luis Potosí,Tier1,51-SUS,Suspensión,1327.15,4912,621,4291,7.91,Alemania,QRO-SJR
4091,2022-01-27,2022-01-31,2022,1,4,4,1,1,151.9,1678.55,11.05,Celaya,Distribuidor,31-SEN,Sensores,2188.74,120,548,-428,0.22,USA,QRO-MQZ
4092,2025-04-30,2025-05-03,2025,4,3,3,0,0,277.2,4086.56,14.74,San Luis Potosí,Tier1,64-ARN,Arneses,324.29,3235,687,2548,4.71,Alemania,QRO-CEL
4093,2023-06-23,2023-06-26,2023,6,5,3,0,0,335,5456.39,16.29,Celaya,Tier1,8-ARN,Arneses,3605.24,2185,615,1570,3.55,China,QRO-SJR
4094,2026-05-12,2026-05-27,2026,5,2,15,1,10,154.6,2369.7,15.33,Querétaro,Planta,61-SEN,Sensores,110.24,3207,891,2316,3.6,China,QRO-MQZ
4095,2026-05-21,2026-06-01,2026,5,4,11,1,1,313.3,3389.37,10.82,Querétaro,Tier1,33-ELE,Electrónica,3571.92,3016,937,2079,3.22,China,QRO-SLP
4096,2025-04-07,2025-04-13,2025,4,1,6,1,3,79.4,1415.67,17.83,San Juan del Río,Tier1,100-FRE,Frenos,1719.07,4842,314,4528,15.42,China,QRO-MQZ
4097,2026-05-02,2026-05-26,2026,5,6,24,1,20,77,1524.42,19.8,Corregidora,Distribuidor,74-SUS,Suspensión,4557.16,415,619,-204,0.67,USA,QRO-CEL
4098,2021-07-11,2021-07-16,2021,7,0,5,1,2,84.4,730.29,8.65,Corregidora,Planta,43-ARN,Arneses,913.85,1716,755,961,2.27,Alemania,QRO-SLP
4099,2021-11-02,2021-11-10,2021,11,2,8,1,5,348.5,4665.89,13.39,San Juan del Río,Planta,69-SUS,Suspensión,2311.07,1018,914,104,1.11,Alemania,QRO-CEL
4100,2026-05-21,2026-06-02,2026,5,4,12,1,1,64.8,773.1,11.93,San Juan del Río,Taller,29-SUS,Suspensión,2268.03,800,134,666,5.97,China,QRO-SJR
4101,2025-07-07,2025-07-10,2025,7,1,3,0,0,17.1,171.96,10.06,Celaya,Planta,43-SUS,Suspensión,2851.8,2949,285,2664,10.35,China,QRO-MQZ
4102,2021-09-07,2021-09-08,2021,9,2,1,0,0,158.8,1931.09,12.16,Querétaro,Tier1,99-SEN,Sensores,779.25,3054,160,2894,19.09,Alemania,QRO-CEL
4103,2024-05-18,2024-05-26,2024,5,6,8,1,5,276.3,4601.43,16.65,San Luis Potosí,Tier1,88-SUS,Suspensión,1941.02,3880,832,3048,4.66,México,QRO-SJR
4104,2021-12-29,2021-12-30,2021,12,3,1,0,0,67.6,1009.1,14.93,El Marqués,Tier1,71-ELE,Electrónica,3176.69,1574,322,1252,4.89,Alemania,QRO-CEL
4105,2026-05-02,2026-05-31,2026,5,6,29,1,20,302.8,5450.66,18,Querétaro,Planta,24-FRE,Frenos,3167.6,1248,407,841,3.07,Alemania,QRO-SLP
4106,2021-01-21,2021-01-26,2021,1,4,5,1,2,307.1,3474.12,11.31,Corregidora,Distribuidor,10-SEN,Sensores,4186.41,1042,960,82,1.09,Japón,QRO-MQZ
4107,2026-05-11,2026-05-31,2026,5,1,20,1,11,192.4,1767.99,9.19,El Marqués,Tier1,96-ARN,Arneses,1067.24,3998,883,3115,4.53,Alemania,QRO-SJR
4108,2026-05-17,2026-05-20,2026,5,0,3,0,0,147.8,1954.69,13.23,Querétaro,Distribuidor,81-ELE,Electrónica,140.61,1480,170,1310,8.71,Alemania,QRO-MQZ
4109,2021-03-08,2021-03-15,2021,3,1,7,1,4,163.1,2358.14,14.46,Celaya,Distribuidor,66-SUS,Suspensión,3813.62,870,354,516,2.46,Alemania,QRO-MQZ
4110,2021-10-22,2021-10-27,2021,10,5,5,1,2,119.4,2374.33,19.89,San Luis Potosí,Tier1,69-SEN,Sensores,2210.85,4509,513,3996,8.79,USA,QRO-SLP
4111,2026-04-08,2026-04-12,2026,4,3,4,1,1,325.2,4740.14,14.58,Celaya,Planta,18-SUS,Suspensión,340.23,926,375,551,2.47,USA,QRO-SJR
4112,2024-06-21,2024-06-22,2024,6,5,1,0,0,309.3,5844.88,18.9,Querétaro,Tier1,87-ARN,Arneses,4993.62,4977,367,4610,13.56,México,QRO-MQZ
4113,2025-04-09,2025-04-11,2025,4,3,2,0,0,305.4,5450.66,17.85,Celaya,Planta,94-FRE,Frenos,4473.89,3060,162,2898,18.89,Japón,QRO-SJR
4114,2024-08-19,2024-08-25,2024,8,1,6,1,3,324.7,3190.69,9.83,Querétaro,Tier1,46-ELE,Electrónica,2511.37,3579,173,3406,20.69,China,QRO-CEL
4115,2026-05-11,2026-05-30,2026,5,1,19,1,11,226.9,4092.95,18.04,San Luis Potosí,Tier1,37-SUS,Suspensión,1200.77,1755,358,1397,4.9,China,QRO-CEL
4116,2022-04-21,2022-04-26,2022,4,4,5,1,2,90.1,1287.32,14.29,San Luis Potosí,Taller,28-SUS,Suspensión,2679.89,2559,178,2381,14.38,Alemania,QRO-CEL
4117,2025-06-09,2025-06-13,2025,6,1,4,1,1,130,1262.18,9.71,Querétaro,Distribuidor,96-ELE,Electrónica,4610.48,3616,228,3388,15.86,USA,QRO-SJR
4118,2021-12-05,2021-12-10,2021,12,0,5,1,2,330.4,4176.02,12.64,San Juan del Río,Planta,14-SEN,Sensores,1286.42,722,555,167,1.3,México,QRO-CEL
4119,2024-10-27,2024-10-29,2024,10,0,2,0,0,293.7,4185.13,14.25,San Juan del Río,Taller,8-SEN,Sensores,4374.33,2187,777,1410,2.81,Alemania,QRO-MQZ
4120,2022-04-19,2022-04-23,2022,4,2,4,1,1,85.5,1086.26,12.7,León,Planta,20-SUS,Suspensión,1687.63,629,800,-171,0.79,Alemania,QRO-SJR
4121,2026-05-07,2026-05-26,2026,5,4,19,1,15,138.8,2054.41,14.8,Celaya,Distribuidor,64-ARN,Arneses,324.29,3235,687,2548,4.71,México,QRO-CEL
4122,2023-01-06,2023-01-11,2023,1,5,5,1,2,176.6,1837.17,10.4,San Luis Potosí,Tier1,3-SUS,Suspensión,3159.17,1739,584,1155,2.98,USA,QRO-SJR
4123,2023-08-23,2023-08-26,2023,8,3,3,0,0,314.6,5456.31,17.34,Querétaro,Tier1,32-FRE,Frenos,1130.95,2420,760,1660,3.18,Alemania,QRO-SJR
4124,2022-09-11,2022-09-14,2022,9,0,3,0,0,12.4,126.49,10.2,El Marqués,Taller,83-ELE,Electrónica,2047.97,1307,286,1021,4.57,Japón,QRO-SJR
4125,2023-08-09,2023-08-14,2023,8,3,5,1,2,345.9,4900.95,14.17,León,Taller,60-ELE,Electrónica,1065.78,4715,596,4119,7.91,China,QRO-SJR
4126,2025-02-18,2025-02-22,2025,2,2,4,1,1,319,4550.64,14.27,San Luis Potosí,Tier1,97-ARN,Arneses,2270.01,2349,327,2022,7.18,Alemania,QRO-SJR
4127,2021-01-20,2021-01-28,2021,1,3,8,1,5,137.2,1979.29,14.43,León,Tier1,78-ARN,Arneses,3156.74,4864,828,4036,5.87,China,QRO-MQZ
4128,2022-12-12,2022-12-16,2022,12,1,4,1,1,224.1,3710.56,16.56,El Marqués,Tier1,74-ARN,Arneses,1238.29,2950,908,2042,3.25,México,QRO-SLP
4129,2021-03-17,2021-03-22,2021,3,3,5,1,2,267.1,4040.62,15.13,El Marqués,Planta,48-FRE,Frenos,3081.99,4282,516,3766,8.3,Alemania,QRO-SJR
4130,2026-05-21,2026-05-27,2026,5,4,6,1,1,183.9,2889.65,15.71,San Luis Potosí,Tier1,99-SUS,Suspensión,1768.31,3450,251,3199,13.75,Japón,QRO-MQZ
4131,2025-01-16,2025-01-18,2025,1,4,2,0,0,144.6,2266.09,15.67,San Luis Potosí,Tier1,97-ARN,Arneses,2270.01,2349,327,2022,7.18,México,QRO-SJR
4132,2025-11-17,2025-11-23,2025,11,1,6,1,3,299.4,4422.45,14.77,León,Tier1,42-SUS,Suspensión,1516.88,2245,576,1669,3.9,México,QRO-SJR
4133,2026-05-22,2026-05-25,2026,5,5,3,0,0,312.8,3484.52,11.14,Querétaro,Tier1,24-SUS,Suspensión,712.49,4064,852,3212,4.77,México,QRO-SJR
4134,2023-08-01,2023-08-08,2023,8,2,7,1,4,182.9,2471.46,13.51,San Luis Potosí,Tier1,37-SUS,Suspensión,1200.77,1755,358,1397,4.9,USA,QRO-MQZ
4135,2025-01-21,2025-01-28,2025,1,2,7,1,4,64.2,686.12,10.69,El Marqués,Taller,19-SUS,Suspensión,4085.71,2770,814,1956,3.4,China,QRO-SLP
4136,2025-05-29,2025-06-03,2025,5,4,5,1,2,297.4,5156.86,17.34,Corregidora,Tier1,58-SUS,Suspensión,1458.38,4972,879,4093,5.66,Alemania,QRO-SLP
4137,2021-10-20,2021-10-26,2021,10,3,6,1,3,43.8,750.76,17.14,Celaya,Distribuidor,62-FRE,Frenos,4762.92,2484,760,1724,3.27,Alemania,QRO-CEL
4138,2022-10-06,2022-10-13,2022,10,4,7,1,4,256.4,4222.89,16.47,Celaya,Planta,28-ELE,Electrónica,4684.29,2156,661,1495,3.26,China,QRO-SJR
4139,2022-11-10,2022-11-14,2022,11,4,4,1,1,288.3,3426.11,11.88,San Luis Potosí,Planta,63-SUS,Suspensión,3993.5,2133,790,1343,2.7,Alemania,QRO-MQZ
4140,2024-12-08,2024-12-10,2024,12,0,2,0,0,69.9,1107.52,15.84,Celaya,Taller,99-FRE,Frenos,4195.98,3122,126,2996,24.78,Alemania,QRO-MQZ
4141,2025-03-03,2025-03-09,2025,3,1,6,1,3,96.3,925.59,9.61,Corregidora,Planta,40-ELE,Electrónica,3251.02,3372,892,2480,3.78,Alemania,QRO-SLP
4142,2026-05-20,2026-05-31,2026,5,3,11,1,2,290.3,5140.45,17.71,León,Taller,52-ARN,Arneses,4854.61,3039,358,2681,8.49,USA,QRO-CEL
4143,2023-01-23,2023-01-24,2023,1,1,1,0,0,84.4,1276.32,15.12,San Luis Potosí,Tier1,13-SUS,Suspensión,186.07,4142,666,3476,6.22,Alemania,QRO-SJR
4144,2025-01-12,2025-01-13,2025,1,0,1,0,0,193.8,1562.2,8.06,Corregidora,Distribuidor,94-SUS,Suspensión,345.62,2291,202,2089,11.34,México,QRO-SLP
4145,2026-05-13,2026-05-29,2026,5,3,16,1,9,260.8,3486.84,13.37,Corregidora,Tier1,59-SUS,Suspensión,149.53,1044,359,685,2.91,USA,QRO-SJR
4146,2026-05-07,2026-05-30,2026,5,4,23,1,15,147.4,2909.35,19.74,León,Taller,94-SEN,Sensores,3460.4,1180,938,242,1.26,Japón,QRO-CEL
4147,2022-08-18,2022-08-24,2022,8,4,6,1,3,66.4,715.56,10.78,Corregidora,Distribuidor,34-ELE,Electrónica,4829.03,4110,965,3145,4.26,USA,QRO-SLP
4148,2025-07-11,2025-07-16,2025,7,5,5,1,2,231.6,2301.32,9.94,Corregidora,Distribuidor,31-SUS,Suspensión,414.84,3309,482,2827,6.87,Alemania,QRO-MQZ
4149,2023-03-16,2023-03-20,2023,3,4,4,1,1,325.8,4657.17,14.29,Corregidora,Tier1,53-SUS,Suspensión,2062.9,3440,719,2721,4.78,China,QRO-CEL
4150,2026-02-14,2026-02-20,2026,2,6,6,1,3,148.9,2191.83,14.72,Celaya,Distribuidor,45-ELE,Electrónica,4169.66,3629,173,3456,20.98,USA,QRO-CEL
4151,2022-08-23,2022-08-25,2022,8,2,2,0,0,187.7,1894.4,10.09,San Luis Potosí,Distribuidor,27-SEN,Sensores,2154.77,2124,891,1233,2.38,USA,QRO-CEL
4152,2021-03-29,2021-04-05,2021,3,1,7,1,4,115.3,2175.05,18.86,Celaya,Tier1,46-ARN,Arneses,2665.1,3109,331,2778,9.39,México,QRO-SLP
4153,2025-11-07,2025-11-09,2025,11,5,2,0,0,96.2,1524.25,15.84,Corregidora,Distribuidor,89-SEN,Sensores,4357.78,2341,878,1463,2.67,México,QRO-CEL
4154,2022-04-23,2022-04-29,2022,4,6,6,1,3,75.6,901.78,11.93,El Marqués,Tier1,70-SUS,Suspensión,3232.39,1824,203,1621,8.99,México,QRO-MQZ
4155,2024-07-11,2024-07-15,2024,7,4,4,1,1,280.1,3635,12.98,Celaya,Tier1,99-ARN,Arneses,1390.25,230,392,-162,0.59,USA,QRO-SLP
4156,2026-05-06,2026-05-28,2026,5,3,22,1,16,196.1,1987.38,10.13,Querétaro,Tier1,90-ELE,Electrónica,2914.45,2443,282,2161,8.66,México,QRO-MQZ
4157,2023-06-28,2023-07-04,2023,6,3,6,1,3,219.5,4037.28,18.39,León,Tier1,22-FRE,Frenos,473.66,3099,887,2212,3.49,Japón,QRO-SLP
4158,2023-08-06,2023-08-08,2023,8,0,2,0,0,205,3798.35,18.53,El Marqués,Tier1,90-ARN,Arneses,2855.44,3929,856,3073,4.59,USA,QRO-SLP
4159,2023-07-02,2023-07-04,2023,7,0,2,0,0,241,3090.55,12.82,San Luis Potosí,Tier1,92-ARN,Arneses,287.69,1288,902,386,1.43,Japón,QRO-SLP
4160,2026-05-04,2026-05-27,2026,5,1,23,1,18,235.1,3265.86,13.89,León,Tier1,74-ELE,Electrónica,4728.06,3772,558,3214,6.76,China,QRO-SJR
4161,2026-05-12,2026-05-27,2026,5,2,15,1,10,145.7,1912.11,13.12,El Marqués,Tier1,18-SUS,Suspensión,340.23,926,375,551,2.47,USA,QRO-CEL
4162,2025-10-17,2025-10-23,2025,10,5,6,1,3,322.5,4375.32,13.57,Querétaro,Tier1,55-SUS,Suspensión,105.27,1887,966,921,1.95,USA,QRO-SJR
4163,2026-05-02,2026-05-28,2026,5,6,26,1,20,200.1,3392.05,16.95,Querétaro,Tier1,97-ELE,Electrónica,2011.22,862,727,135,1.19,China,QRO-MQZ
4164,2024-10-10,2024-10-17,2024,10,4,7,1,4,334,6210.15,18.59,Celaya,Planta,14-ELE,Electrónica,1218.61,173,107,66,1.62,USA,QRO-SJR
4165,2026-03-29,2026-04-02,2026,3,0,4,1,1,133.8,2240.43,16.74,León,Tier1,77-SUS,Suspensión,2408.66,2567,263,2304,9.76,China,QRO-SLP
4166,2026-05-07,2026-05-28,2026,5,4,21,1,15,151.9,1429.54,9.41,Querétaro,Planta,18-ELE,Electrónica,3808.96,3955,122,3833,32.42,México,QRO-SLP
4167,2023-09-09,2023-09-12,2023,9,6,3,0,0,99.9,1327.91,13.29,San Luis Potosí,Taller,6-SUS,Suspensión,2576.41,2042,642,1400,3.18,México,QRO-SJR
4168,2023-07-20,2023-07-27,2023,7,4,7,1,4,263.5,3874.61,14.7,San Luis Potosí,Tier1,47-ARN,Arneses,1524.78,2381,707,1674,3.37,Alemania,QRO-SJR
4169,2025-06-04,2025-06-06,2025,6,3,2,0,0,251.2,2940.11,11.7,León,Tier1,65-SEN,Sensores,3356.68,3642,308,3334,11.82,USA,QRO-SJR
4170,2026-05-02,2026-05-25,2026,5,6,23,1,20,178.7,2632.05,14.73,Querétaro,Taller,80-ELE,Electrónica,3933.63,4561,222,4339,20.55,USA,QRO-CEL
4171,2026-05-02,2026-06-01,2026,5,6,30,1,20,224.7,3555.45,15.82,San Juan del Río,Tier1,61-SUS,Suspensión,1710.59,631,965,-334,0.65,Japón,QRO-MQZ
4172,2026-05-05,2026-05-26,2026,5,2,21,1,17,201.3,1680.67,8.35,León,Planta,91-SUS,Suspensión,3680.26,3837,791,3046,4.85,China,QRO-SLP
4173,2021-09-29,2021-10-06,2021,9,3,7,1,4,213.1,2223.99,10.44,León,Taller,5-FRE,Frenos,3547.92,1323,978,345,1.35,China,QRO-SLP
4174,2026-05-13,2026-05-29,2026,5,3,16,1,9,188.7,2336.85,12.38,Querétaro,Planta,90-ARN,Arneses,2855.44,3929,856,3073,4.59,México,QRO-SLP
4175,2026-05-15,2026-05-29,2026,5,5,14,1,7,323.2,2717.1,8.41,Corregidora,Distribuidor,55-ARN,Arneses,3941.75,4751,961,3790,4.94,México,QRO-MQZ
4176,2026-05-23,2026-05-29,2026,5,6,6,0,0,75,722.92,9.64,León,Planta,30-SEN,Sensores,3410.75,196,590,-394,0.33,USA,QRO-SJR
4177,2021-08-25,2021-08-26,2021,8,3,1,0,0,109.4,1283.03,11.73,León,Planta,90-ARN,Arneses,2855.44,3929,856,3073,4.59,Alemania,QRO-CEL
4178,2022-02-07,2022-02-14,2022,2,1,7,1,4,86.4,1014.18,11.74,Querétaro,Planta,15-FRE,Frenos,886.52,1011,947,64,1.07,China,QRO-SLP
4179,2021-08-06,2021-08-14,2021,8,5,8,1,5,235.5,3139.78,13.33,Corregidora,Planta,59-FRE,Frenos,254.95,2883,557,2326,5.18,Japón,QRO-SLP
4180,2026-05-13,2026-05-30,2026,5,3,17,1,9,101.3,1883.2,18.59,Querétaro,Tier1,93-SUS,Suspensión,251.29,694,704,-10,0.99,USA,QRO-SLP
4181,2025-07-04,2025-07-12,2025,7,5,8,1,5,339.5,4560.31,13.43,Querétaro,Tier1,95-FRE,Frenos,4724.44,71,925,-854,0.08,USA,QRO-SJR
4182,2021-07-01,2021-07-02,2021,7,4,1,0,0,89.4,1352.18,15.13,Corregidora,Distribuidor,65-ELE,Electrónica,4175.41,3316,875,2441,3.79,China,QRO-SLP
4183,2026-05-15,2026-05-27,2026,5,5,12,1,7,153.5,2853.54,18.59,San Juan del Río,Taller,56-SUS,Suspensión,4497.66,4064,966,3098,4.21,México,QRO-SJR
4184,2026-05-16,2026-05-29,2026,5,6,13,1,6,241,4327.84,17.96,Corregidora,Distribuidor,62-ELE,Electrónica,4147.27,4050,501,3549,8.08,México,QRO-MQZ
4185,2021-07-13,2021-07-21,2021,7,2,8,1,5,130.3,1698.17,13.03,Corregidora,Planta,65-SEN,Sensores,3356.68,3642,308,3334,11.82,Alemania,QRO-MQZ
4186,2022-05-14,2022-05-20,2022,5,6,6,1,3,14.4,277.72,19.29,El Marqués,Taller,84-ELE,Electrónica,4956.47,3359,709,2650,4.74,Japón,QRO-SLP
4187,2026-05-14,2026-05-27,2026,5,4,13,1,8,102.2,1501.51,14.69,San Luis Potosí,Taller,97-SUS,Suspensión,3611.27,2315,112,2203,20.67,USA,QRO-MQZ
4188,2023-06-30,2023-07-03,2023,6,5,3,0,0,256.2,2603.91,10.16,León,Taller,36-ARN,Arneses,142.04,4438,157,4281,28.27,USA,QRO-CEL
4189,2026-05-21,2026-05-28,2026,5,4,7,1,1,179.6,2852.6,15.88,El Marqués,Distribuidor,52-SEN,Sensores,2701.62,2240,729,1511,3.07,México,QRO-SJR
4190,2021-11-20,2021-11-25,2021,11,6,5,1,2,100.6,1702.55,16.92,Corregidora,Planta,79-ELE,Electrónica,359.85,133,141,-8,0.94,México,QRO-MQZ
4191,2025-11-08,2025-11-16,2025,11,6,8,1,5,24.8,347.62,14.02,León,Tier1,39-SUS,Suspensión,3757.25,1049,806,243,1.3,Alemania,QRO-CEL
4192,2022-05-02,2022-05-06,2022,5,1,4,1,1,156.4,2370.23,15.15,León,Tier1,77-SUS,Suspensión,2408.66,2567,263,2304,9.76,Alemania,QRO-CEL
4193,2023-06-26,2023-07-04,2023,6,1,8,1,5,171.5,1578.97,9.21,San Juan del Río,Planta,90-ARN,Arneses,2855.44,3929,856,3073,4.59,USA,QRO-MQZ
4194,2026-05-21,2026-05-26,2026,5,4,5,1,1,322.9,5975.5,18.51,San Luis Potosí,Tier1,59-ARN,Arneses,757.6,2440,393,2047,6.21,USA,QRO-MQZ
4195,2025-04-12,2025-04-13,2025,4,6,1,0,0,297.6,2453.85,8.25,León,Tier1,59-ELE,Electrónica,3153.37,470,478,-8,0.98,México,QRO-SJR
4196,2025-11-13,2025-11-21,2025,11,4,8,1,5,265.2,2512.91,9.48,Celaya,Taller,58-FRE,Frenos,4382.22,4184,377,3807,11.1,México,QRO-SJR
4197,2026-05-14,2026-05-31,2026,5,4,17,1,8,63.3,577.02,9.12,León,Taller,96-ARN,Arneses,1067.24,3998,883,3115,4.53,Japón,QRO-SLP
4198,2023-03-02,2023-03-04,2023,3,4,2,0,0,63.7,1073.75,16.86,San Juan del Río,Taller,61-ELE,Electrónica,1772.26,1011,456,555,2.22,Japón,QRO-SLP
4199,2022-10-02,2022-10-09,2022,10,0,7,1,4,282.6,2559.24,9.06,Corregidora,Planta,32-SUS,Suspensión,4111.1,4658,655,4003,7.11,México,QRO-CEL
4200,2026-05-22,2026-06-03,2026,5,5,12,0,0,158.8,2065.23,13.01,San Luis Potosí,Tier1,47-FRE,Frenos,1952.37,1312,523,789,2.51,Japón,QRO-SJR
4201,2026-02-17,2026-02-19,2026,2,2,2,0,0,213.7,1977.66,9.25,Querétaro,Distribuidor,84-SEN,Sensores,3879.48,1645,209,1436,7.87,China,QRO-CEL
4202,2024-01-31,2024-02-02,2024,1,3,2,0,0,42.2,528.06,12.51,El Marqués,Taller,84-FRE,Frenos,3127.21,853,327,526,2.61,China,QRO-SLP
4203,2023-12-07,2023-12-08,2023,12,4,1,0,0,161.2,1889.58,11.72,León,Tier1,27-SUS,Suspensión,4748.31,2962,518,2444,5.72,USA,QRO-CEL
4204,2026-05-05,2026-05-31,2026,5,2,26,1,17,174.2,3179.62,18.25,San Luis Potosí,Tier1,26-FRE,Frenos,4994.24,4421,624,3797,7.08,China,QRO-CEL
4205,2024-09-30,2024-10-07,2024,9,1,7,1,4,232.7,2407.69,10.35,El Marqués,Tier1,50-ARN,Arneses,2901.33,2029,792,1237,2.56,China,QRO-SJR
4206,2025-04-21,2025-04-26,2025,4,1,5,1,2,332.9,4298.82,12.91,San Juan del Río,Planta,12-SUS,Suspensión,2011.59,4865,386,4479,12.6,Japón,QRO-SJR
4207,2026-05-02,2026-05-28,2026,5,6,26,1,20,282.1,5497.59,19.49,El Marqués,Taller,54-SUS,Suspensión,456.95,529,846,-317,0.63,USA,QRO-SJR
4208,2026-05-01,2026-05-27,2026,5,5,26,1,21,33.7,286.13,8.49,Querétaro,Distribuidor,46-ELE,Electrónica,2511.37,3579,173,3406,20.69,China,QRO-MQZ
4209,2026-05-11,2026-05-31,2026,5,1,20,1,11,17.4,203.47,11.69,San Juan del Río,Planta,52-ARN,Arneses,4854.61,3039,358,2681,8.49,USA,QRO-MQZ
4210,2026-03-03,2026-03-09,2026,3,2,6,1,3,288.6,5314.45,18.41,Corregidora,Distribuidor,55-ARN,Arneses,3941.75,4751,961,3790,4.94,México,QRO-SLP
4211,2026-05-15,2026-05-25,2026,5,5,10,1,7,119.5,2237.55,18.72,Querétaro,Tier1,97-ARN,Arneses,2270.01,2349,327,2022,7.18,México,QRO-MQZ
4212,2026-03-28,2026-03-29,2026,3,6,1,0,0,225.3,2552.29,11.33,Querétaro,Tier1,47-ELE,Electrónica,129.58,3309,950,2359,3.48,Alemania,QRO-CEL
4213,2023-06-21,2023-06-29,2023,6,3,8,1,5,234.7,4054.58,17.28,El Marqués,Tier1,37-SUS,Suspensión,1200.77,1755,358,1397,4.9,Japón,QRO-CEL
4214,2023-03-02,2023-03-06,2023,3,4,4,1,1,212.7,2952.48,13.88,Querétaro,Tier1,87-ARN,Arneses,4993.62,4977,367,4610,13.56,Japón,QRO-CEL
4215,2023-12-23,2023-12-29,2023,12,6,6,1,3,92.4,759.58,8.22,El Marqués,Tier1,77-FRE,Frenos,1286.73,3721,625,3096,5.95,China,QRO-SLP
4216,2026-05-03,2026-06-01,2026,5,0,29,1,19,275.9,3281.7,11.89,El Marqués,Taller,80-SEN,Sensores,4961.03,2089,880,1209,2.37,Japón,QRO-MQZ
4217,2023-04-20,2023-04-26,2023,4,4,6,1,3,85,1078.26,12.69,León,Tier1,79-SEN,Sensores,3466.99,835,695,140,1.2,China,QRO-CEL
4218,2021-11-20,2021-11-27,2021,11,6,7,1,4,85.7,1399.95,16.34,Querétaro,Tier1,9-ARN,Arneses,1971.31,2328,930,1398,2.5,Japón,QRO-SJR
4219,2023-07-16,2023-07-20,2023,7,0,4,1,1,121.9,1642.48,13.47,San Luis Potosí,Distribuidor,48-ELE,Electrónica,2929.89,2314,767,1547,3.02,Alemania,QRO-MQZ
4220,2023-07-02,2023-07-05,2023,7,0,3,0,0,158.7,2753.12,17.35,Corregidora,Distribuidor,29-SUS,Suspensión,2268.03,800,134,666,5.97,Japón,QRO-MQZ
4221,2026-05-19,2026-05-29,2026,5,2,10,1,3,251.1,2599.18,10.35,Celaya,Tier1,77-SUS,Suspensión,2408.66,2567,263,2304,9.76,USA,QRO-MQZ
4222,2025-04-03,2025-04-08,2025,4,4,5,1,2,307.9,5458.43,17.73,San Luis Potosí,Distribuidor,72-SUS,Suspensión,234.19,3605,243,3362,14.84,Alemania,QRO-MQZ
4223,2026-05-20,2026-05-30,2026,5,3,10,1,2,234.8,3954.4,16.84,El Marqués,Taller,50-FRE,Frenos,3207.27,2881,413,2468,6.98,Japón,QRO-SJR
4224,2021-01-07,2021-01-12,2021,1,4,5,1,2,55,937.02,17.04,Celaya,Planta,73-ARN,Arneses,3687.85,3796,460,3336,8.25,Japón,QRO-CEL
4225,2023-03-22,2023-03-24,2023,3,3,2,0,0,181.6,2193.64,12.08,San Luis Potosí,Distribuidor,7-ARN,Arneses,2965.42,1199,206,993,5.82,China,QRO-CEL
4226,2026-05-21,2026-05-31,2026,5,4,10,1,1,70.9,766.39,10.81,Querétaro,Planta,80-ARN,Arneses,2549.16,1887,973,914,1.94,México,QRO-CEL
4227,2021-08-02,2021-08-05,2021,8,1,3,0,0,43,842.3,19.59,Celaya,Planta,33-SUS,Suspensión,3309.06,3967,660,3307,6.01,México,QRO-SJR
4228,2021-06-21,2021-06-22,2021,6,1,1,0,0,119.6,1138.67,9.52,Querétaro,Planta,54-FRE,Frenos,2428.99,2196,677,1519,3.24,México,QRO-SLP
4229,2026-05-23,2026-05-28,2026,5,6,5,0,0,238.5,2634.6,11.05,León,Taller,62-ELE,Electrónica,4147.27,4050,501,3549,8.08,México,QRO-SLP
4230,2024-08-16,2024-08-22,2024,8,5,6,1,3,187.5,2046.87,10.92,Querétaro,Taller,36-ARN,Arneses,142.04,4438,157,4281,28.27,USA,QRO-CEL
4231,2026-01-05,2026-01-06,2026,1,1,1,0,0,91.3,787.91,8.63,Corregidora,Tier1,74-SUS,Suspensión,4557.16,415,619,-204,0.67,México,QRO-CEL
4232,2021-01-17,2021-01-24,2021,1,0,7,1,4,128.2,2206.97,17.22,Querétaro,Tier1,24-FRE,Frenos,3167.6,1248,407,841,3.07,México,QRO-CEL
4233,2026-05-16,2026-05-30,2026,5,6,14,1,6,162.9,2323.25,14.26,San Juan del Río,Tier1,93-SUS,Suspensión,251.29,694,704,-10,0.99,China,QRO-SLP
4234,2021-06-01,2021-06-04,2021,6,2,3,0,0,321.6,5404.19,16.8,Celaya,Distribuidor,52-SEN,Sensores,2701.62,2240,729,1511,3.07,México,QRO-SJR
4235,2024-08-30,2024-09-07,2024,8,5,8,1,5,133.6,1262.95,9.45,Corregidora,Distribuidor,33-ELE,Electrónica,3571.92,3016,937,2079,3.22,China,QRO-SLP
4236,2026-04-03,2026-04-04,2026,4,5,1,0,0,44.9,812.58,18.1,El Marqués,Taller,97-SEN,Sensores,396.7,1142,502,640,2.27,USA,QRO-SJR
4237,2024-02-29,2024-03-02,2024,2,4,2,0,0,259.5,5161.54,19.89,León,Taller,44-ELE,Electrónica,1705.75,4295,341,3954,12.6,Japón,QRO-SJR
4238,2025-09-10,2025-09-12,2025,9,3,2,0,0,266.1,3544.67,13.32,León,Tier1,85-SUS,Suspensión,2247.84,2925,536,2389,5.46,USA,QRO-CEL
4239,2023-02-07,2023-02-11,2023,2,2,4,1,1,99.9,1405.41,14.07,Corregidora,Taller,96-SUS,Suspensión,3516.22,1894,371,1523,5.11,China,QRO-SLP
4240,2025-08-05,2025-08-10,2025,8,2,5,1,2,56.9,930.88,16.36,Corregidora,Planta,49-ELE,Electrónica,3034.43,2749,539,2210,5.1,USA,QRO-CEL
4241,2022-11-02,2022-11-10,2022,11,3,8,1,5,20.1,169.66,8.44,Corregidora,Distribuidor,8-SUS,Suspensión,926.42,4541,250,4291,18.16,Alemania,QRO-CEL
4242,2023-08-11,2023-08-14,2023,8,5,3,0,0,128.4,1518.87,11.83,San Juan del Río,Tier1,38-ELE,Electrónica,2360.54,3797,195,3602,19.47,USA,QRO-CEL
4243,2026-05-21,2026-05-31,2026,5,4,10,1,1,166.5,1937.36,11.64,Corregidora,Tier1,30-FRE,Frenos,2601.88,1085,192,893,5.65,Alemania,QRO-SLP
4244,2023-08-03,2023-08-04,2023,8,4,1,0,0,229.4,2099.7,9.15,Querétaro,Taller,14-ARN,Arneses,4946.12,2364,110,2254,21.49,Japón,QRO-SLP
4245,2025-10-08,2025-10-13,2025,10,3,5,1,2,60,1077.9,17.96,Celaya,Taller,37-ELE,Electrónica,3241.13,791,710,81,1.11,USA,QRO-SJR
4246,2021-12-29,2022-01-01,2021,12,3,3,0,0,229.7,3009.8,13.1,Querétaro,Taller,72-FRE,Frenos,2982.1,4614,609,4005,7.58,Japón,QRO-SJR
4247,2026-05-16,2026-05-26,2026,5,6,10,1,6,228.7,1998.94,8.74,León,Planta,4-SEN,Sensores,415.57,4942,295,4647,16.75,USA,QRO-CEL
4248,2021-10-26,2021-11-01,2021,10,2,6,1,3,145.7,2821.05,19.36,San Luis Potosí,Tier1,13-SUS,Suspensión,186.07,4142,666,3476,6.22,USA,QRO-MQZ
4249,2021-10-02,2021-10-03,2021,10,6,1,0,0,148.6,1857.89,12.5,Querétaro,Planta,25-ELE,Electrónica,1552.43,1189,817,372,1.46,México,QRO-CEL
4250,2024-04-11,2024-04-15,2024,4,4,4,1,1,175.6,2651.21,15.1,Corregidora,Planta,46-ELE,Electrónica,2511.37,3579,173,3406,20.69,USA,QRO-SJR
4251,2024-04-13,2024-04-17,2024,4,6,4,1,1,79.2,1396.94,17.64,Querétaro,Tier1,51-ELE,Electrónica,807.84,2612,676,1936,3.86,México,QRO-SLP
4252,2026-05-25,2026-06-05,2026,5,1,11,0,0,49.6,906.54,18.28,Corregidora,Tier1,59-SEN,Sensores,627.84,3969,671,3298,5.92,Alemania,QRO-SLP
4253,2026-05-16,2026-05-26,2026,5,6,10,1,6,170.8,3383.75,19.81,Querétaro,Tier1,86-SEN,Sensores,2869.97,158,622,-464,0.25,USA,QRO-SLP
4254,2023-12-06,2023-12-09,2023,12,3,3,0,0,327.7,4110.09,12.54,Corregidora,Tier1,79-ELE,Electrónica,359.85,133,141,-8,0.94,Japón,QRO-SJR
4255,2026-05-01,2026-05-27,2026,5,5,26,1,21,63.1,550.44,8.72,El Marqués,Taller,49-ELE,Electrónica,3034.43,2749,539,2210,5.1,México,QRO-MQZ
4256,2026-05-23,2026-05-31,2026,5,6,8,0,0,162.6,1367.03,8.41,León,Tier1,12-FRE,Frenos,2256.16,1344,843,501,1.59,China,QRO-CEL
4257,2023-06-09,2023-06-16,2023,6,5,7,1,4,141.5,1384.42,9.78,San Juan del Río,Planta,66-ELE,Electrónica,1657.94,1756,172,1584,10.21,Alemania,QRO-MQZ
4258,2026-05-07,2026-05-27,2026,5,4,20,1,15,29.4,354.26,12.05,Corregidora,Distribuidor,73-FRE,Frenos,1090.63,4235,792,3443,5.35,Alemania,QRO-CEL
4259,2024-01-21,2024-01-22,2024,1,0,1,0,0,346.3,4852.71,14.01,El Marqués,Tier1,35-SUS,Suspensión,3998.45,2100,715,1385,2.94,China,QRO-MQZ
4260,2024-03-07,2024-03-11,2024,3,4,4,1,1,122.6,1077.48,8.79,León,Taller,11-ELE,Electrónica,2731.07,2870,828,2042,3.47,México,QRO-SJR
4261,2022-08-29,2022-09-02,2022,8,1,4,1,1,177,2342.91,13.24,San Juan del Río,Tier1,45-ARN,Arneses,944.57,3020,180,2840,16.78,Japón,QRO-MQZ
4262,2026-05-01,2026-05-29,2026,5,5,28,1,21,173.4,2106.79,12.15,Corregidora,Tier1,29-ARN,Arneses,4197.3,2125,821,1304,2.59,China,QRO-MQZ
4263,2024-08-12,2024-08-13,2024,8,1,1,0,0,16.3,317.43,19.47,El Marqués,Tier1,66-SEN,Sensores,2796.85,2735,811,1924,3.37,Japón,QRO-SLP
4264,2021-01-28,2021-02-03,2021,1,4,6,1,3,349.4,5080.5,14.54,El Marqués,Planta,43-SEN,Sensores,2429.63,4819,141,4678,34.18,Japón,QRO-CEL
4265,2022-08-02,2022-08-10,2022,8,2,8,1,5,69.1,782.6,11.33,León,Tier1,40-FRE,Frenos,351,1572,317,1255,4.96,Alemania,QRO-SLP
4266,2025-10-09,2025-10-14,2025,10,4,5,1,2,19.4,358.22,18.46,Celaya,Distribuidor,25-FRE,Frenos,2232.98,3690,225,3465,16.4,Alemania,QRO-CEL
4267,2021-04-12,2021-04-13,2021,4,1,1,0,0,30.6,401.61,13.12,Querétaro,Taller,1-ELE,Electrónica,4919.31,1189,945,244,1.26,China,QRO-MQZ
4268,2026-05-14,2026-05-25,2026,5,4,11,1,8,11.3,178.14,15.76,León,Tier1,62-SEN,Sensores,61.64,976,325,651,3,Japón,QRO-SLP
4269,2023-07-28,2023-08-03,2023,7,5,6,1,3,160.2,2550.59,15.92,León,Taller,80-ELE,Electrónica,3933.63,4561,222,4339,20.55,México,QRO-CEL
4270,2026-05-21,2026-06-04,2026,5,4,14,1,1,118.2,1397.28,11.82,San Luis Potosí,Tier1,21-ELE,Electrónica,2331.02,422,893,-471,0.47,Japón,QRO-MQZ
4271,2025-05-21,2025-05-23,2025,5,3,2,0,0,338.6,5959.56,17.6,Celaya,Tier1,77-ELE,Electrónica,761.01,3401,523,2878,6.5,México,QRO-CEL
4272,2025-09-03,2025-09-05,2025,9,3,2,0,0,62.3,1031.9,16.56,Celaya,Planta,27-ARN,Arneses,1335.52,4511,497,4014,9.08,Japón,QRO-SJR
4273,2025-02-06,2025-02-10,2025,2,4,4,1,1,35.9,701.67,19.55,San Luis Potosí,Distribuidor,26-SEN,Sensores,2283.16,2773,396,2377,7,USA,QRO-SLP
4274,2024-04-01,2024-04-09,2024,4,1,8,1,5,72.4,906.61,12.52,Corregidora,Distribuidor,78-SEN,Sensores,1084.74,2183,681,1502,3.21,México,QRO-MQZ
4275,2026-02-04,2026-02-11,2026,2,3,7,1,4,121.6,1320.7,10.86,Celaya,Distribuidor,51-SUS,Suspensión,1327.15,4912,621,4291,7.91,Japón,QRO-MQZ
4276,2025-12-08,2025-12-11,2025,12,1,3,0,0,203.1,2656.71,13.08,Querétaro,Tier1,11-ARN,Arneses,4060.25,1703,426,1277,4,Japón,QRO-SJR
4277,2022-11-28,2022-11-29,2022,11,1,1,0,0,146.7,2622.87,17.88,San Luis Potosí,Tier1,65-SUS,Suspensión,3449.87,4345,595,3750,7.3,China,QRO-SJR
4278,2022-12-13,2022-12-14,2022,12,2,1,0,0,230.6,2547.5,11.05,Querétaro,Planta,32-SEN,Sensores,1196.78,3120,728,2392,4.29,Japón,QRO-SJR
4279,2026-05-15,2026-06-01,2026,5,5,17,1,7,255.6,2941.88,11.51,Querétaro,Planta,46-ARN,Arneses,2665.1,3109,331,2778,9.39,Japón,QRO-MQZ
4280,2025-12-30,2026-01-06,2025,12,2,7,1,4,104.9,1365.53,13.02,León,Taller,29-ELE,Electrónica,1560,2476,616,1860,4.02,México,QRO-SJR
4281,2026-01-15,2026-01-18,2026,1,4,3,0,0,163.8,2432.97,14.85,El Marqués,Tier1,63-SEN,Sensores,610.95,201,678,-477,0.3,Alemania,QRO-SJR
4282,2026-05-15,2026-05-27,2026,5,5,12,1,7,254.4,4016.63,15.79,San Juan del Río,Taller,76-SEN,Sensores,3690.33,3173,898,2275,3.53,Japón,QRO-CEL
4283,2026-05-12,2026-05-27,2026,5,2,15,1,10,227.4,2657.99,11.69,León,Tier1,83-ELE,Electrónica,2047.97,1307,286,1021,4.57,Japón,QRO-SJR
4284,2024-06-29,2024-07-04,2024,6,6,5,1,2,109.1,1999.58,18.33,San Luis Potosí,Tier1,8-SEN,Sensores,4374.33,2187,777,1410,2.81,China,QRO-SJR
4285,2023-11-15,2023-11-20,2023,11,3,5,1,2,63.7,523.02,8.21,San Luis Potosí,Tier1,67-ELE,Electrónica,2438.18,3104,587,2517,5.29,México,QRO-SJR
4286,2022-05-05,2022-05-06,2022,5,4,1,0,0,188.3,1907.62,10.13,San Juan del Río,Planta,76-ELE,Electrónica,1417.28,705,976,-271,0.72,USA,QRO-SJR
4287,2023-10-09,2023-10-11,2023,10,1,2,0,0,169.1,1628.68,9.63,San Juan del Río,Tier1,62-SUS,Suspensión,2758.99,4916,257,4659,19.13,Japón,QRO-SLP
4288,2026-05-25,2026-05-31,2026,5,1,6,0,0,149.5,2605.01,17.42,León,Tier1,40-SEN,Sensores,1730.14,4560,975,3585,4.68,Alemania,QRO-SLP
4289,2024-05-31,2024-06-06,2024,5,5,6,1,3,98.1,860.09,8.77,San Luis Potosí,Distribuidor,6-FRE,Frenos,4765.97,4975,994,3981,5.01,México,QRO-CEL
4290,2021-07-28,2021-07-29,2021,7,3,1,0,0,42.9,622.32,14.51,Corregidora,Planta,33-ELE,Electrónica,3571.92,3016,937,2079,3.22,México,QRO-CEL
4291,2023-08-05,2023-08-10,2023,8,6,5,1,2,210.4,2209.49,10.5,Corregidora,Taller,34-FRE,Frenos,1708.23,2340,807,1533,2.9,Japón,QRO-SLP
4292,2026-05-12,2026-05-31,2026,5,2,19,1,10,228.5,4171.26,18.25,Celaya,Distribuidor,44-ARN,Arneses,4310.1,1228,335,893,3.67,México,QRO-CEL
4293,2022-06-21,2022-06-23,2022,6,2,2,0,0,247,2797.12,11.32,Querétaro,Tier1,52-SUS,Suspensión,2988.75,658,311,347,2.12,México,QRO-SLP
4294,2023-06-23,2023-06-27,2023,6,5,4,1,1,188.9,1968.39,10.42,El Marqués,Tier1,36-ELE,Electrónica,1042.23,3858,726,3132,5.31,México,QRO-SLP
4295,2026-05-03,2026-05-31,2026,5,0,28,1,19,80.3,990.96,12.34,San Luis Potosí,Tier1,16-ARN,Arneses,1385.97,4731,948,3783,4.99,Japón,QRO-SLP
4296,2025-09-12,2025-09-17,2025,9,5,5,1,2,143.6,1238.02,8.62,Corregidora,Distribuidor,5-SUS,Suspensión,1510.97,1853,254,1599,7.3,Japón,QRO-CEL
4297,2024-06-19,2024-06-25,2024,6,3,6,1,3,15.4,292.19,18.97,San Luis Potosí,Tier1,52-SUS,Suspensión,2988.75,658,311,347,2.12,China,QRO-SLP
4298,2022-07-02,2022-07-05,2022,7,6,3,0,0,111.3,1307.73,11.75,León,Taller,18-SEN,Sensores,2642.38,2763,311,2452,8.88,Japón,QRO-MQZ
4299,2026-05-13,2026-05-28,2026,5,3,15,1,9,252.2,2756.47,10.93,El Marqués,Tier1,35-ELE,Electrónica,1141.28,3576,681,2895,5.25,China,QRO-SJR
4300,2026-05-19,2026-05-29,2026,5,2,10,1,3,34.5,478.04,13.86,Querétaro,Tier1,70-SEN,Sensores,1991.74,2888,241,2647,11.98,China,QRO-SJR
4301,2021-08-30,2021-09-05,2021,8,1,6,1,3,63.4,997.67,15.74,San Juan del Río,Planta,67-SUS,Suspensión,2907.17,4550,308,4242,14.77,México,QRO-SJR
4302,2026-05-06,2026-05-26,2026,5,3,20,1,16,247.8,3559.79,14.37,Querétaro,Planta,76-FRE,Frenos,3738.99,1682,676,1006,2.49,Japón,QRO-SLP
4303,2026-05-19,2026-05-30,2026,5,2,11,1,3,159.5,2625.31,16.46,Corregidora,Distribuidor,33-FRE,Frenos,4635.35,4897,202,4695,24.24,Japón,QRO-MQZ
4304,2023-02-20,2023-02-27,2023,2,1,7,1,4,258.4,3656.89,14.15,El Marqués,Tier1,50-SUS,Suspensión,1449.41,272,798,-526,0.34,México,QRO-MQZ
4305,2025-07-07,2025-07-08,2025,7,1,1,0,0,91.8,1023.23,11.15,León,Tier1,21-ARN,Arneses,2688.88,472,527,-55,0.9,China,QRO-MQZ
4306,2026-05-15,2026-06-01,2026,5,5,17,1,7,182.8,3364.27,18.4,Celaya,Taller,84-SEN,Sensores,3879.48,1645,209,1436,7.87,USA,QRO-MQZ
4307,2021-01-19,2021-01-26,2021,1,2,7,1,4,48.7,702.49,14.42,León,Planta,63-ELE,Electrónica,3510.2,1454,755,699,1.93,México,QRO-SJR
4308,2025-08-26,2025-08-27,2025,8,2,1,0,0,221.2,3780.76,17.09,Querétaro,Distribuidor,44-ELE,Electrónica,1705.75,4295,341,3954,12.6,China,QRO-SJR
4309,2022-10-07,2022-10-15,2022,10,5,8,1,5,320.3,5072.28,15.84,León,Tier1,85-ARN,Arneses,182.43,4967,727,4240,6.83,Alemania,QRO-CEL
4310,2023-06-13,2023-06-17,2023,6,2,4,1,1,77.8,1408.66,18.11,Corregidora,Tier1,89-SEN,Sensores,4357.78,2341,878,1463,2.67,México,QRO-SJR
4311,2026-05-11,2026-05-28,2026,5,1,17,1,11,206.9,3872.79,18.72,San Juan del Río,Planta,95-ARN,Arneses,3304.01,4822,472,4350,10.22,Alemania,QRO-SJR
4312,2026-05-12,2026-05-25,2026,5,2,13,1,10,86.8,1018.95,11.74,Querétaro,Tier1,59-ARN,Arneses,757.6,2440,393,2047,6.21,Japón,QRO-SLP
4313,2025-10-16,2025-10-20,2025,10,4,4,1,1,35.2,528.9,15.03,León,Taller,56-ELE,Electrónica,4660.32,2448,510,1938,4.8,China,QRO-MQZ
4314,2025-08-04,2025-08-11,2025,8,1,7,1,4,322.4,4207.59,13.05,San Luis Potosí,Distribuidor,16-SEN,Sensores,498.65,4923,754,4169,6.53,USA,QRO-SJR
4315,2022-04-30,2022-05-02,2022,4,6,2,0,0,177.7,3347.62,18.84,Celaya,Planta,78-SUS,Suspensión,3109.5,4399,835,3564,5.27,China,QRO-SJR
4316,2025-11-08,2025-11-11,2025,11,6,3,0,0,180.8,2128.61,11.77,Querétaro,Tier1,8-FRE,Frenos,1993.18,2763,635,2128,4.35,Alemania,QRO-MQZ
4317,2025-07-08,2025-07-11,2025,7,2,3,0,0,339.5,3565.86,10.5,León,Tier1,81-SEN,Sensores,3476.55,1073,855,218,1.25,China,QRO-SJR
4318,2026-05-08,2026-05-25,2026,5,5,17,1,14,24.3,270.5,11.13,San Juan del Río,Taller,71-FRE,Frenos,3409.21,2240,727,1513,3.08,Alemania,QRO-SJR
4319,2021-09-28,2021-10-02,2021,9,2,4,1,1,304.5,5981.72,19.64,San Luis Potosí,Taller,84-FRE,Frenos,3127.21,853,327,526,2.61,China,QRO-SJR
4320,2024-05-08,2024-05-11,2024,5,3,3,0,0,298.3,4094.94,13.73,San Luis Potosí,Tier1,43-SUS,Suspensión,2851.8,2949,285,2664,10.35,México,QRO-SLP
4321,2026-05-24,2026-05-30,2026,5,0,6,0,0,20.8,384.97,18.51,San Luis Potosí,Tier1,97-SEN,Sensores,396.7,1142,502,640,2.27,USA,QRO-MQZ
4322,2026-05-15,2026-05-25,2026,5,5,10,1,7,185,3269.71,17.67,San Juan del Río,Planta,32-SEN,Sensores,1196.78,3120,728,2392,4.29,Japón,QRO-SJR
4323,2025-03-11,2025-03-17,2025,3,2,6,1,3,73.1,1181.45,16.16,San Luis Potosí,Tier1,33-SUS,Suspensión,3309.06,3967,660,3307,6.01,Japón,QRO-CEL
4324,2026-01-29,2026-02-04,2026,1,4,6,1,3,81,1153.36,14.24,Querétaro,Planta,64-ARN,Arneses,324.29,3235,687,2548,4.71,China,QRO-SLP
4325,2024-08-11,2024-08-14,2024,8,0,3,0,0,73.6,1253.49,17.03,Celaya,Tier1,56-FRE,Frenos,1990.85,504,987,-483,0.51,Alemania,QRO-MQZ
4326,2024-10-16,2024-10-21,2024,10,3,5,1,2,338,4305.86,12.74,El Marqués,Taller,64-FRE,Frenos,3469.29,4865,898,3967,5.42,USA,QRO-CEL
4327,2026-05-23,2026-06-01,2026,5,6,9,0,0,99.8,937.83,9.4,Querétaro,Tier1,71-FRE,Frenos,3409.21,2240,727,1513,3.08,Alemania,QRO-SJR
4328,2026-05-02,2026-05-27,2026,5,6,25,1,20,55.2,825.99,14.96,Corregidora,Tier1,11-ARN,Arneses,4060.25,1703,426,1277,4,China,QRO-CEL
4329,2024-07-21,2024-07-23,2024,7,0,2,0,0,227,2557.99,11.27,León,Tier1,11-ELE,Electrónica,2731.07,2870,828,2042,3.47,USA,QRO-SJR
4330,2021-02-01,2021-02-06,2021,2,1,5,1,2,329.2,6059.36,18.41,Querétaro,Taller,97-ARN,Arneses,2270.01,2349,327,2022,7.18,México,QRO-MQZ
4331,2024-03-11,2024-03-18,2024,3,1,7,1,4,27.9,550.93,19.75,El Marqués,Distribuidor,65-FRE,Frenos,3031.57,2001,416,1585,4.81,Alemania,QRO-SLP
4332,2021-04-15,2021-04-19,2021,4,4,4,1,1,297.4,4293.94,14.44,Querétaro,Planta,4-SEN,Sensores,415.57,4942,295,4647,16.75,México,QRO-SJR
4333,2023-12-01,2023-12-03,2023,12,5,2,0,0,103.1,859.22,8.33,Querétaro,Tier1,93-SUS,Suspensión,251.29,694,704,-10,0.99,México,QRO-CEL
4334,2026-05-16,2026-05-28,2026,5,6,12,1,6,112.4,1371.61,12.2,San Luis Potosí,Tier1,95-ELE,Electrónica,4863.69,3953,627,3326,6.3,Japón,QRO-MQZ
4335,2026-05-05,2026-05-25,2026,5,2,20,1,17,58.7,1168.83,19.91,San Luis Potosí,Tier1,4-ELE,Electrónica,1583.34,802,919,-117,0.87,Alemania,QRO-SLP
4336,2023-03-03,2023-03-09,2023,3,5,6,1,3,318.5,3296.49,10.35,San Juan del Río,Taller,18-ARN,Arneses,3932.93,125,138,-13,0.91,Japón,QRO-MQZ
4337,2026-05-13,2026-05-26,2026,5,3,13,1,9,204.7,2290.44,11.19,León,Tier1,27-ARN,Arneses,1335.52,4511,497,4014,9.08,Alemania,QRO-MQZ
4338,2025-04-01,2025-04-07,2025,4,2,6,1,3,284.3,3459.14,12.17,León,Taller,45-ARN,Arneses,944.57,3020,180,2840,16.78,Japón,QRO-CEL
4339,2023-10-14,2023-10-21,2023,10,6,7,1,4,128.2,1403.48,10.95,El Marqués,Taller,26-SUS,Suspensión,4121.98,3676,530,3146,6.94,Japón,QRO-MQZ
4340,2023-05-06,2023-05-09,2023,5,6,3,0,0,15.7,152.39,9.71,Celaya,Planta,54-ARN,Arneses,3425.08,4574,874,3700,5.23,USA,QRO-SJR
4341,2023-11-18,2023-11-25,2023,11,6,7,1,4,166.4,2302.14,13.83,León,Tier1,51-FRE,Frenos,1270.56,3380,623,2757,5.43,USA,QRO-SLP
4342,2025-11-30,2025-12-04,2025,11,0,4,1,1,259.5,3048.1,11.75,San Juan del Río,Tier1,66-FRE,Frenos,1624.56,4540,510,4030,8.9,Alemania,QRO-CEL
4343,2026-05-11,2026-05-29,2026,5,1,18,1,11,85.7,1296.13,15.12,San Luis Potosí,Tier1,65-ARN,Arneses,844,2641,720,1921,3.67,México,QRO-SJR
4344,2026-05-02,2026-05-30,2026,5,6,28,1,20,245.5,2339.88,9.53,Corregidora,Distribuidor,85-SUS,Suspensión,2247.84,2925,536,2389,5.46,Alemania,QRO-CEL
4345,2026-05-12,2026-06-01,2026,5,2,20,1,10,333.7,3967.94,11.89,Corregidora,Taller,45-ARN,Arneses,944.57,3020,180,2840,16.78,China,QRO-MQZ
4346,2026-05-07,2026-05-09,2026,5,4,2,0,0,23.1,448.52,19.42,San Juan del Río,Taller,84-ELE,Electrónica,4956.47,3359,709,2650,4.74,México,QRO-SLP
4347,2026-04-09,2026-04-15,2026,4,4,6,1,3,177.9,2483.93,13.96,San Luis Potosí,Tier1,80-FRE,Frenos,1456.89,1654,528,1126,3.13,Japón,QRO-CEL
4348,2023-11-05,2023-11-09,2023,11,0,4,1,1,83.7,1490.76,17.81,San Luis Potosí,Planta,26-SUS,Suspensión,4121.98,3676,530,3146,6.94,China,QRO-SJR
4349,2026-05-02,2026-05-26,2026,5,6,24,1,20,111.6,1356.02,12.15,Celaya,Distribuidor,32-FRE,Frenos,1130.95,2420,760,1660,3.18,Alemania,QRO-SLP
4350,2024-12-12,2024-12-15,2024,12,4,3,0,0,254.8,2867,11.25,Corregidora,Taller,72-FRE,Frenos,2982.1,4614,609,4005,7.58,Alemania,QRO-CEL
4351,2023-09-17,2023-09-24,2023,9,0,7,1,4,121,1011.93,8.36,León,Tier1,92-ELE,Electrónica,4401.79,4271,769,3502,5.55,Japón,QRO-CEL
4352,2026-05-20,2026-05-26,2026,5,3,6,1,2,309.8,3585.09,11.57,Querétaro,Distribuidor,76-SUS,Suspensión,1064.99,2521,492,2029,5.12,Japón,QRO-MQZ
4353,2026-05-18,2026-06-01,2026,5,1,14,1,4,115.5,2274.04,19.69,Querétaro,Tier1,62-SUS,Suspensión,2758.99,4916,257,4659,19.13,USA,QRO-SJR
4354,2021-05-11,2021-05-16,2021,5,2,5,1,2,144.7,1972.49,13.63,Corregidora,Planta,60-ELE,Electrónica,1065.78,4715,596,4119,7.91,Alemania,QRO-CEL
4355,2026-05-17,2026-05-31,2026,5,0,14,1,5,289.1,2812.06,9.73,Corregidora,Planta,97-ELE,Electrónica,2011.22,862,727,135,1.19,Alemania,QRO-SJR
4356,2023-10-08,2023-10-16,2023,10,0,8,1,5,123.8,1760.95,14.22,Corregidora,Distribuidor,28-SUS,Suspensión,2679.89,2559,178,2381,14.38,USA,QRO-SJR
4357,2026-05-24,2026-05-31,2026,5,0,7,0,0,286.2,2542.45,8.88,San Juan del Río,Tier1,49-FRE,Frenos,163.61,2823,238,2585,11.86,Alemania,QRO-CEL
4358,2021-01-29,2021-02-04,2021,1,5,6,1,3,339.4,3645.93,10.74,San Luis Potosí,Taller,62-SUS,Suspensión,2758.99,4916,257,4659,19.13,Alemania,QRO-SLP
4359,2021-02-25,2021-03-04,2021,2,4,7,1,4,103.7,2032.81,19.6,Querétaro,Tier1,17-ARN,Arneses,1311.09,4802,363,4439,13.23,Alemania,QRO-MQZ
4360,2021-04-22,2021-04-25,2021,4,4,3,0,0,251.6,3608.68,14.34,Corregidora,Tier1,5-ARN,Arneses,2099.43,479,838,-359,0.57,Alemania,QRO-SJR
4361,2024-10-20,2024-10-23,2024,10,0,3,0,0,74.6,708.45,9.5,León,Planta,33-SEN,Sensores,4299.55,4446,746,3700,5.96,China,QRO-MQZ
4362,2026-05-06,2026-06-01,2026,5,3,26,1,16,313.5,4748.34,15.15,El Marqués,Tier1,99-ELE,Electrónica,1359.1,1089,262,827,4.16,México,QRO-CEL
4363,2026-05-08,2026-05-26,2026,5,5,18,1,14,35.2,637.09,18.1,San Luis Potosí,Tier1,13-SEN,Sensores,1929.65,2670,406,2264,6.58,Japón,QRO-CEL
4364,2025-08-02,2025-08-06,2025,8,6,4,1,1,238.3,4019.59,16.87,El Marqués,Tier1,83-SEN,Sensores,3044.98,1762,882,880,2,México,QRO-SJR
4365,2026-05-03,2026-05-30,2026,5,0,27,1,19,293.1,3242.88,11.06,Celaya,Tier1,15-ELE,Electrónica,1562.18,742,986,-244,0.75,China,QRO-SLP
4366,2023-05-27,2023-05-31,2023,5,6,4,1,1,234.2,3263.22,13.93,León,Tier1,21-SUS,Suspensión,3922.67,482,217,265,2.22,México,QRO-SJR
4367,2021-11-13,2021-11-17,2021,11,6,4,1,1,154.7,1691.27,10.93,Corregidora,Distribuidor,59-FRE,Frenos,254.95,2883,557,2326,5.18,Japón,QRO-CEL
4368,2022-07-12,2022-07-18,2022,7,2,6,1,3,279.2,3980.33,14.26,San Luis Potosí,Tier1,89-FRE,Frenos,3217.84,688,519,169,1.33,China,QRO-SJR
4369,2026-05-19,2026-05-31,2026,5,2,12,1,3,158.7,2881.26,18.16,El Marqués,Tier1,73-ARN,Arneses,3687.85,3796,460,3336,8.25,México,QRO-SLP
4370,2026-05-10,2026-05-31,2026,5,0,21,1,12,156.3,1895.45,12.13,San Luis Potosí,Tier1,87-SUS,Suspensión,2152.64,3435,242,3193,14.19,China,QRO-SJR
4371,2022-10-28,2022-11-04,2022,10,5,7,1,4,312.3,2748.45,8.8,León,Taller,95-ARN,Arneses,3304.01,4822,472,4350,10.22,China,QRO-SLP
4372,2021-03-21,2021-03-26,2021,3,0,5,1,2,247.4,2635.81,10.65,Celaya,Planta,33-ELE,Electrónica,3571.92,3016,937,2079,3.22,China,QRO-SLP
4373,2023-09-02,2023-09-06,2023,9,6,4,1,1,344.7,6134.39,17.8,El Marqués,Distribuidor,99-SEN,Sensores,779.25,3054,160,2894,19.09,Alemania,QRO-CEL
4374,2025-12-12,2025-12-16,2025,12,5,4,1,1,313.3,5055.96,16.14,León,Tier1,83-FRE,Frenos,4864.67,2926,560,2366,5.22,México,QRO-SJR
4375,2026-05-03,2026-05-25,2026,5,0,22,1,19,301.3,5660.13,18.79,Corregidora,Distribuidor,25-ARN,Arneses,3915.2,4208,808,3400,5.21,México,QRO-SJR
4376,2023-05-22,2023-05-30,2023,5,1,8,1,5,178.5,1922.44,10.77,El Marqués,Taller,91-FRE,Frenos,4291.8,4493,112,4381,40.12,USA,QRO-SLP
4377,2022-05-08,2022-05-09,2022,5,0,1,0,0,30.9,291.03,9.42,Querétaro,Distribuidor,2-SUS,Suspensión,2244.37,1376,919,457,1.5,USA,QRO-SLP
4378,2021-06-30,2021-07-04,2021,6,3,4,1,1,124.2,2149.25,17.3,Corregidora,Distribuidor,71-SUS,Suspensión,1916.47,1253,659,594,1.9,China,QRO-SJR
4379,2026-05-24,2026-05-31,2026,5,0,7,1,4,80.6,1595.67,19.8,Corregidora,Taller,65-ELE,Electrónica,4175.41,3316,875,2441,3.79,Japón,QRO-MQZ
4380,2026-05-02,2026-05-27,2026,5,6,25,1,20,174.4,2717.69,15.58,San Luis Potosí,Tier1,99-SEN,Sensores,779.25,3054,160,2894,19.09,Japón,QRO-MQZ
4381,2026-05-20,2026-05-25,2026,5,3,5,1,2,211.2,1748.52,8.28,Querétaro,Planta,30-ARN,Arneses,1865.58,2831,105,2726,26.96,Alemania,QRO-CEL
4382,2023-01-12,2023-01-15,2023,1,4,3,0,0,213.1,4198.1,19.7,Celaya,Distribuidor,35-ELE,Electrónica,1141.28,3576,681,2895,5.25,China,QRO-SJR
4383,2023-11-06,2023-11-07,2023,11,1,1,0,0,202.3,3837.14,18.97,El Marqués,Tier1,87-SUS,Suspensión,2152.64,3435,242,3193,14.19,China,QRO-MQZ
4384,2021-01-14,2021-01-18,2021,1,4,4,1,1,65.9,559.13,8.48,San Luis Potosí,Tier1,80-SEN,Sensores,4961.03,2089,880,1209,2.37,Japón,QRO-MQZ
4385,2026-05-11,2026-05-31,2026,5,1,20,1,11,34.6,586.97,16.96,León,Tier1,11-ARN,Arneses,4060.25,1703,426,1277,4,México,QRO-SLP
4386,2026-01-07,2026-01-08,2026,1,3,1,0,0,253.7,4609.61,18.17,Corregidora,Distribuidor,82-SEN,Sensores,1389.69,82,257,-175,0.32,USA,QRO-CEL
4387,2024-09-24,2024-10-01,2024,9,2,7,1,4,91.1,1082.04,11.88,San Luis Potosí,Taller,55-FRE,Frenos,3030.18,3583,896,2687,4,México,QRO-SJR
4388,2024-02-13,2024-02-18,2024,2,2,5,1,2,238,4630.72,19.46,Querétaro,Distribuidor,38-ARN,Arneses,2157.65,2477,447,2030,5.54,USA,QRO-CEL
4389,2022-11-28,2022-12-02,2022,11,1,4,1,1,237.4,4304.33,18.13,San Juan del Río,Taller,89-ELE,Electrónica,2876,159,938,-779,0.17,México,QRO-SJR
4390,2025-11-26,2025-12-03,2025,11,3,7,1,4,68.8,940.41,13.67,San Luis Potosí,Tier1,81-SUS,Suspensión,2394.84,4181,399,3782,10.48,USA,QRO-SLP
4391,2021-08-11,2021-08-16,2021,8,3,5,1,2,256,4271.83,16.69,Corregidora,Distribuidor,56-SUS,Suspensión,4497.66,4064,966,3098,4.21,México,QRO-SLP
4392,2026-05-20,2026-05-28,2026,5,3,8,1,2,306.4,4244.67,13.85,Celaya,Planta,36-ELE,Electrónica,1042.23,3858,726,3132,5.31,Alemania,QRO-SLP
4393,2025-03-29,2025-04-02,2025,3,6,4,1,1,210.7,2334.65,11.08,Corregidora,Tier1,64-ARN,Arneses,324.29,3235,687,2548,4.71,Japón,QRO-MQZ
4394,2025-09-27,2025-10-04,2025,9,6,7,1,4,101,1102.95,10.92,Corregidora,Distribuidor,100-ELE,Electrónica,3513.62,1971,804,1167,2.45,México,QRO-CEL
4395,2026-05-12,2026-05-25,2026,5,2,13,1,10,62.9,1066.25,16.95,Celaya,Taller,2-FRE,Frenos,2261.86,2629,314,2315,8.37,Japón,QRO-SJR
4396,2026-05-17,2026-05-31,2026,5,0,14,1,5,245.6,4330.05,17.63,Corregidora,Taller,67-SUS,Suspensión,2907.17,4550,308,4242,14.77,USA,QRO-MQZ
4397,2025-04-25,2025-04-27,2025,4,5,2,0,0,221.8,2176.19,9.81,San Juan del Río,Taller,86-FRE,Frenos,4599.2,3868,867,3001,4.46,USA,QRO-SLP
4398,2022-01-21,2022-01-23,2022,1,5,2,0,0,166.6,3163.45,18.99,León,Planta,34-FRE,Frenos,1708.23,2340,807,1533,2.9,China,QRO-CEL
4399,2023-11-12,2023-11-17,2023,11,0,5,1,2,150.5,2258.26,15.01,León,Planta,14-SUS,Suspensión,1917.93,1250,616,634,2.03,México,QRO-MQZ
4400,2021-11-30,2021-12-07,2021,11,2,7,1,4,31.7,261.24,8.24,León,Tier1,98-ELE,Electrónica,2480.68,142,273,-131,0.52,México,QRO-CEL
4401,2021-05-01,2021-05-05,2021,5,6,4,1,1,104.7,1675.88,16.01,El Marqués,Taller,96-SUS,Suspensión,3516.22,1894,371,1523,5.11,Alemania,QRO-SLP
4402,2022-05-01,2022-05-07,2022,5,0,6,1,3,264.4,2553.32,9.66,San Juan del Río,Planta,6-FRE,Frenos,4765.97,4975,994,3981,5.01,México,QRO-MQZ
4403,2026-05-09,2026-05-31,2026,5,6,22,1,13,271.8,5370.03,19.76,Celaya,Planta,30-SEN,Sensores,3410.75,196,590,-394,0.33,Japón,QRO-SLP
4404,2021-02-27,2021-03-02,2021,2,6,3,0,0,176.8,1646.87,9.31,León,Planta,90-FRE,Frenos,2310.29,1160,815,345,1.42,México,QRO-SLP
4405,2026-05-06,2026-05-25,2026,5,3,19,1,16,29.8,432.66,14.52,Querétaro,Taller,80-SEN,Sensores,4961.03,2089,880,1209,2.37,China,QRO-SLP
4406,2024-07-12,2024-07-19,2024,7,5,7,1,4,85.7,1458.35,17.02,Celaya,Planta,3-ARN,Arneses,4070.75,2695,779,1916,3.46,China,QRO-SLP
4407,2025-07-16,2025-07-22,2025,7,3,6,1,3,156.6,2949.13,18.83,Querétaro,Planta,76-ARN,Arneses,690.12,2510,973,1537,2.58,China,QRO-SLP
4408,2021-01-20,2021-01-26,2021,1,3,6,1,3,57.7,852.89,14.78,Celaya,Tier1,97-SUS,Suspensión,3611.27,2315,112,2203,20.67,Japón,QRO-CEL
4409,2024-08-23,2024-08-30,2024,8,5,7,1,4,268.5,5358.24,19.96,El Marqués,Tier1,30-FRE,Frenos,2601.88,1085,192,893,5.65,USA,QRO-SLP
4410,2022-12-12,2022-12-18,2022,12,1,6,1,3,338.4,5748.46,16.99,Querétaro,Distribuidor,19-SUS,Suspensión,4085.71,2770,814,1956,3.4,Japón,QRO-SJR
4411,2026-05-21,2026-06-01,2026,5,4,11,1,1,211.4,2256.44,10.67,San Luis Potosí,Planta,84-ARN,Arneses,1914.15,2582,463,2119,5.58,China,QRO-SJR
4412,2022-08-30,2022-09-03,2022,8,2,4,1,1,65.9,1270.36,19.28,Celaya,Planta,77-SEN,Sensores,2481.2,2143,179,1964,11.97,México,QRO-CEL
4413,2026-05-22,2026-05-25,2026,5,5,3,0,0,272.8,4637.36,17,Querétaro,Tier1,9-SEN,Sensores,3506.81,652,938,-286,0.7,México,QRO-MQZ
4414,2021-07-02,2021-07-10,2021,7,5,8,1,5,52.9,490.06,9.26,El Marqués,Taller,100-ARN,Arneses,1116.73,659,716,-57,0.92,Alemania,QRO-MQZ
4415,2022-11-09,2022-11-12,2022,11,3,3,0,0,229.8,3876.53,16.87,San Luis Potosí,Tier1,84-SEN,Sensores,3879.48,1645,209,1436,7.87,China,QRO-CEL
4416,2024-05-20,2024-05-27,2024,5,1,7,1,4,278.8,3872.79,13.89,Querétaro,Tier1,12-SEN,Sensores,4736.13,22,333,-311,0.07,Alemania,QRO-CEL
4417,2022-10-28,2022-11-02,2022,10,5,5,1,2,248.3,4506.64,18.15,El Marqués,Taller,100-ARN,Arneses,1116.73,659,716,-57,0.92,Japón,QRO-CEL
4418,2026-05-01,2026-05-28,2026,5,5,27,1,21,143,1972.19,13.79,Celaya,Distribuidor,51-SUS,Suspensión,1327.15,4912,621,4291,7.91,México,QRO-MQZ
4419,2023-07-12,2023-07-17,2023,7,3,5,1,2,104.5,1908.83,18.27,El Marqués,Taller,26-SUS,Suspensión,4121.98,3676,530,3146,6.94,USA,QRO-MQZ
4420,2026-05-22,2026-05-31,2026,5,5,9,0,0,261.6,2389.84,9.14,Corregidora,Distribuidor,19-ELE,Electrónica,3029.39,2447,372,2075,6.58,USA,QRO-SJR
4421,2023-04-24,2023-04-30,2023,4,1,6,1,3,205.5,3553.88,17.29,Corregidora,Planta,38-ARN,Arneses,2157.65,2477,447,2030,5.54,China,QRO-CEL
4422,2022-12-25,2023-01-01,2022,12,0,7,1,4,208.3,3256.69,15.63,León,Taller,24-SEN,Sensores,2113.06,4735,936,3799,5.06,China,QRO-SJR
4423,2022-02-21,2022-02-26,2022,2,1,5,1,2,211.3,1881.07,8.9,Celaya,Distribuidor,30-ARN,Arneses,1865.58,2831,105,2726,26.96,China,QRO-CEL
4424,2026-05-05,2026-06-01,2026,5,2,27,1,17,62.4,900.11,14.42,Celaya,Distribuidor,15-ELE,Electrónica,1562.18,742,986,-244,0.75,México,QRO-CEL
4425,2026-02-06,2026-02-09,2026,2,5,3,0,0,345.5,3106.14,8.99,Querétaro,Tier1,35-ELE,Electrónica,1141.28,3576,681,2895,5.25,Alemania,QRO-SJR
4426,2026-05-07,2026-05-29,2026,5,4,22,1,15,32.9,585.38,17.79,San Juan del Río,Taller,21-FRE,Frenos,4833.89,4818,201,4617,23.97,Alemania,QRO-SLP
4427,2026-05-10,2026-05-28,2026,5,0,18,1,12,170.6,1566.45,9.18,San Luis Potosí,Tier1,73-ARN,Arneses,3687.85,3796,460,3336,8.25,Japón,QRO-CEL
4428,2026-05-16,2026-05-26,2026,5,6,10,1,6,204.6,2658.48,12.99,Querétaro,Distribuidor,56-ELE,Electrónica,4660.32,2448,510,1938,4.8,China,QRO-MQZ
4429,2021-11-03,2021-11-10,2021,11,3,7,1,4,36.8,404.73,11,San Juan del Río,Taller,65-SEN,Sensores,3356.68,3642,308,3334,11.82,USA,QRO-MQZ
4430,2026-05-09,2026-05-29,2026,5,6,20,1,13,211,3976.41,18.85,Celaya,Distribuidor,12-SUS,Suspensión,2011.59,4865,386,4479,12.6,Alemania,QRO-SLP
4431,2022-02-15,2022-02-20,2022,2,2,5,1,2,44.7,749.34,16.76,Corregidora,Planta,53-SEN,Sensores,2001.95,4699,843,3856,5.57,Alemania,QRO-MQZ
4432,2024-11-23,2024-11-27,2024,11,6,4,1,1,324.5,4518.91,13.93,Querétaro,Tier1,54-ELE,Electrónica,3166.45,2424,477,1947,5.08,China,QRO-CEL
4433,2023-06-03,2023-06-11,2023,6,6,8,1,5,210.3,4039.18,19.21,León,Planta,58-ELE,Electrónica,2903.09,691,258,433,2.68,México,QRO-MQZ
4434,2024-09-14,2024-09-19,2024,9,6,5,1,2,28.6,294.66,10.3,San Luis Potosí,Tier1,86-SUS,Suspensión,1070.24,3068,901,2167,3.41,USA,QRO-SLP
4435,2024-03-17,2024-03-21,2024,3,0,4,1,1,38.2,536.34,14.04,El Marqués,Tier1,34-SUS,Suspensión,3433.34,3403,155,3248,21.95,Alemania,QRO-MQZ
4436,2025-05-29,2025-05-31,2025,5,4,2,0,0,58.6,601.08,10.26,El Marqués,Tier1,77-SEN,Sensores,2481.2,2143,179,1964,11.97,Japón,QRO-SJR
4437,2026-05-02,2026-05-30,2026,5,6,28,1,20,93.6,1547.85,16.54,San Luis Potosí,Planta,98-SEN,Sensores,2084.79,1561,258,1303,6.05,México,QRO-MQZ
4438,2026-05-23,2026-06-04,2026,5,6,12,0,0,205.8,2605.65,12.66,San Luis Potosí,Planta,11-ELE,Electrónica,2731.07,2870,828,2042,3.47,Japón,QRO-CEL
4439,2024-03-22,2024-03-29,2024,3,5,7,1,4,183.7,1552.81,8.45,San Juan del Río,Planta,56-ELE,Electrónica,4660.32,2448,510,1938,4.8,USA,QRO-MQZ
4440,2023-01-10,2023-01-11,2023,1,2,1,0,0,166.8,3148,18.87,León,Tier1,82-ELE,Electrónica,4169.44,3032,267,2765,11.36,USA,QRO-MQZ
4441,2022-11-07,2022-11-12,2022,11,1,5,1,2,199.6,3232.99,16.2,San Luis Potosí,Taller,21-ELE,Electrónica,2331.02,422,893,-471,0.47,Japón,QRO-SJR
4442,2021-11-21,2021-11-28,2021,11,0,7,1,4,150.6,1389.5,9.23,Celaya,Planta,87-ELE,Electrónica,370.62,1029,479,550,2.15,USA,QRO-CEL
4443,2022-03-24,2022-03-31,2022,3,4,7,1,4,137.9,2365.84,17.16,León,Taller,88-SEN,Sensores,674.64,467,107,360,4.36,China,QRO-MQZ
4444,2025-02-27,2025-03-02,2025,2,4,3,0,0,110.4,981.6,8.89,Corregidora,Planta,89-SUS,Suspensión,3420.66,3727,958,2769,3.89,USA,QRO-SJR
4445,2021-08-04,2021-08-09,2021,8,3,5,1,2,298.2,4447.18,14.91,El Marqués,Tier1,96-ELE,Electrónica,4610.48,3616,228,3388,15.86,Alemania,QRO-SJR
4446,2026-05-24,2026-06-05,2026,5,0,12,0,0,72.6,1064.28,14.66,León,Planta,59-ARN,Arneses,757.6,2440,393,2047,6.21,México,QRO-CEL
4447,2021-03-13,2021-03-18,2021,3,6,5,1,2,172.8,1935.36,11.2,Corregidora,Taller,77-ELE,Electrónica,761.01,3401,523,2878,6.5,Japón,QRO-SLP
4448,2024-04-30,2024-05-02,2024,4,2,2,0,0,138.4,2108.71,15.24,Querétaro,Tier1,26-FRE,Frenos,4994.24,4421,624,3797,7.08,USA,QRO-SLP
4449,2021-11-22,2021-11-27,2021,11,1,5,1,2,298,3855.6,12.94,Corregidora,Tier1,94-ARN,Arneses,584.4,1245,705,540,1.77,México,QRO-CEL
4450,2026-05-05,2026-06-01,2026,5,2,27,1,17,217,2770.71,12.77,Celaya,Distribuidor,42-SEN,Sensores,534.52,117,157,-40,0.75,USA,QRO-MQZ
4451,2022-09-10,2022-09-18,2022,9,6,8,1,5,334.5,4149.03,12.4,El Marqués,Tier1,2-SEN,Sensores,600.41,659,569,90,1.16,China,QRO-MQZ
4452,2022-03-18,2022-03-24,2022,3,5,6,1,3,249.5,2650.08,10.62,Corregidora,Tier1,67-FRE,Frenos,2570.48,1579,719,860,2.2,China,QRO-CEL
4453,2021-08-04,2021-08-11,2021,8,3,7,1,4,282.1,5628.43,19.95,Corregidora,Distribuidor,99-FRE,Frenos,4195.98,3122,126,2996,24.78,China,QRO-MQZ
4454,2021-04-14,2021-04-22,2021,4,3,8,1,5,56,595.16,10.63,León,Planta,12-SEN,Sensores,4736.13,22,333,-311,0.07,Alemania,QRO-CEL
4455,2022-08-30,2022-09-01,2022,8,2,2,0,0,189.8,3149.98,16.6,León,Tier1,87-ELE,Electrónica,370.62,1029,479,550,2.15,México,QRO-SLP
4456,2026-05-20,2026-06-03,2026,5,3,14,1,2,188.7,1770.22,9.38,El Marqués,Taller,98-ARN,Arneses,3240.05,314,373,-59,0.84,USA,QRO-MQZ
4457,2025-05-12,2025-05-18,2025,5,1,6,1,3,336.3,5216.94,15.51,Querétaro,Tier1,22-SEN,Sensores,4518.66,3974,785,3189,5.06,China,QRO-SLP
4458,2023-01-13,2023-01-21,2023,1,5,8,1,5,317.4,6141.6,19.35,Querétaro,Planta,48-ARN,Arneses,4531.54,4813,716,4097,6.72,Japón,QRO-SLP
4459,2022-09-14,2022-09-15,2022,9,3,1,0,0,40.7,536.27,13.18,San Luis Potosí,Tier1,38-SUS,Suspensión,1970.13,3514,114,3400,30.82,China,QRO-CEL
4460,2022-04-23,2022-04-25,2022,4,6,2,0,0,224.3,3659.31,16.31,Corregidora,Distribuidor,43-FRE,Frenos,2378.13,401,657,-256,0.61,Alemania,QRO-CEL
4461,2024-09-17,2024-09-22,2024,9,2,5,1,2,219.9,2845.66,12.94,San Luis Potosí,Tier1,52-SUS,Suspensión,2988.75,658,311,347,2.12,Alemania,QRO-CEL
4462,2025-01-19,2025-01-27,2025,1,0,8,1,5,28.8,497.31,17.27,León,Taller,22-FRE,Frenos,473.66,3099,887,2212,3.49,USA,QRO-SJR
4463,2024-01-19,2024-01-24,2024,1,5,5,1,2,127.8,1470.33,11.5,León,Planta,3-FRE,Frenos,3775.29,2212,377,1835,5.87,China,QRO-SLP
4464,2026-05-23,2026-05-30,2026,5,6,7,0,0,198.4,3660.04,18.45,Corregidora,Distribuidor,63-FRE,Frenos,2548.55,2094,709,1385,2.95,Japón,QRO-SLP
4465,2026-05-13,2026-05-31,2026,5,3,18,1,9,236,4291.19,18.18,León,Planta,5-ARN,Arneses,2099.43,479,838,-359,0.57,Japón,QRO-CEL
4466,2022-10-06,2022-10-11,2022,10,4,5,1,2,211.6,3512.38,16.6,El Marqués,Planta,46-SEN,Sensores,4891.28,2915,405,2510,7.2,USA,QRO-CEL
4467,2026-03-21,2026-03-27,2026,3,6,6,1,3,322.7,3310.89,10.26,León,Taller,88-FRE,Frenos,4043.96,2439,113,2326,21.58,Japón,QRO-SLP
4468,2025-12-03,2025-12-09,2025,12,3,6,1,3,34.9,569.02,16.3,Celaya,Tier1,100-SEN,Sensores,1884.18,1812,275,1537,6.59,USA,QRO-SJR
4469,2022-04-22,2022-04-26,2022,4,5,4,1,1,120.5,1768.07,14.67,San Juan del Río,Tier1,76-ARN,Arneses,690.12,2510,973,1537,2.58,México,QRO-MQZ
4470,2024-01-07,2024-01-13,2024,1,0,6,1,3,245.6,4212.82,17.15,Corregidora,Distribuidor,91-FRE,Frenos,4291.8,4493,112,4381,40.12,Japón,QRO-MQZ
4471,2026-05-22,2026-06-01,2026,5,5,10,0,0,101.8,1880.42,18.47,León,Tier1,18-SUS,Suspensión,340.23,926,375,551,2.47,China,QRO-CEL
4472,2023-07-30,2023-08-04,2023,7,0,5,1,2,150,2044.76,13.63,Querétaro,Tier1,68-ARN,Arneses,4667.59,2569,343,2226,7.49,Alemania,QRO-CEL
4473,2021-02-02,2021-02-06,2021,2,2,4,1,1,48.7,656.37,13.48,San Luis Potosí,Distribuidor,62-FRE,Frenos,4762.92,2484,760,1724,3.27,China,QRO-MQZ
4474,2026-05-23,2026-06-03,2026,5,6,11,0,0,196.4,2427.23,12.36,San Luis Potosí,Tier1,58-SEN,Sensores,2617.63,4219,411,3808,10.27,USA,QRO-CEL
4475,2022-02-08,2022-02-09,2022,2,2,1,0,0,308,4435.83,14.4,Celaya,Taller,56-ARN,Arneses,1558.68,1866,703,1163,2.65,China,QRO-MQZ
4476,2023-06-23,2023-06-25,2023,6,5,2,0,0,193.2,3731.04,19.31,San Luis Potosí,Tier1,28-SEN,Sensores,1818.54,4432,701,3731,6.32,México,QRO-SLP
4477,2026-05-06,2026-05-31,2026,5,3,25,1,16,238.5,2689.2,11.28,Querétaro,Tier1,21-SUS,Suspensión,3922.67,482,217,265,2.22,USA,QRO-SLP
4478,2024-01-07,2024-01-10,2024,1,0,3,0,0,79.3,1286.17,16.22,San Luis Potosí,Distribuidor,15-FRE,Frenos,886.52,1011,947,64,1.07,USA,QRO-SJR
4479,2026-05-10,2026-05-27,2026,5,0,17,1,12,240.2,4512.01,18.78,Corregidora,Tier1,2-SEN,Sensores,600.41,659,569,90,1.16,México,QRO-MQZ
4480,2023-04-15,2023-04-21,2023,4,6,6,1,3,241.7,2948.64,12.2,León,Taller,56-SEN,Sensores,1253.34,3707,620,3087,5.98,China,QRO-SJR
4481,2026-01-02,2026-01-10,2026,1,5,8,1,5,321.6,4711.4,14.65,San Juan del Río,Planta,7-SEN,Sensores,2046.46,1410,596,814,2.37,México,QRO-SLP
4482,2023-08-23,2023-08-28,2023,8,3,5,1,2,270.2,4128.64,15.28,Corregidora,Tier1,16-FRE,Frenos,4639.47,4174,516,3658,8.09,China,QRO-CEL
4483,2021-08-14,2021-08-21,2021,8,6,7,1,4,249.2,2513.21,10.09,León,Tier1,55-ARN,Arneses,3941.75,4751,961,3790,4.94,México,QRO-MQZ
4484,2023-02-26,2023-03-01,2023,2,0,3,0,0,304.7,6030.14,19.79,Celaya,Tier1,66-ARN,Arneses,3511.95,1519,764,755,1.99,México,QRO-SLP
4485,2025-04-18,2025-04-25,2025,4,5,7,1,4,317.7,3579.65,11.27,San Juan del Río,Taller,3-ARN,Arneses,4070.75,2695,779,1916,3.46,México,QRO-CEL
4486,2022-03-03,2022-03-08,2022,3,4,5,1,2,218.9,3815.12,17.43,San Juan del Río,Taller,25-SEN,Sensores,4979.92,3606,752,2854,4.8,China,QRO-SJR
4487,2021-07-22,2021-07-23,2021,7,4,1,0,0,178.6,1798.01,10.07,Corregidora,Distribuidor,54-ARN,Arneses,3425.08,4574,874,3700,5.23,México,QRO-MQZ
4488,2026-05-04,2026-05-29,2026,5,1,25,1,18,233.8,3094.5,13.24,El Marqués,Taller,55-ARN,Arneses,3941.75,4751,961,3790,4.94,Alemania,QRO-SLP
4489,2026-05-24,2026-06-01,2026,5,0,8,0,0,132.8,2487.48,18.73,San Juan del Río,Taller,73-ARN,Arneses,3687.85,3796,460,3336,8.25,Japón,QRO-SJR
4490,2023-11-13,2023-11-16,2023,11,1,3,0,0,233.5,3803.02,16.29,León,Planta,52-FRE,Frenos,1237.74,4520,880,3640,5.14,China,QRO-CEL
4491,2022-04-01,2022-04-06,2022,4,5,5,1,2,95.4,1770.33,18.56,Querétaro,Tier1,22-ELE,Electrónica,4549.91,3883,821,3062,4.73,USA,QRO-SLP
4492,2024-12-29,2024-12-31,2024,12,0,2,0,0,177.4,2702.49,15.23,Corregidora,Planta,34-FRE,Frenos,1708.23,2340,807,1533,2.9,Japón,QRO-MQZ
4493,2025-03-27,2025-03-30,2025,3,4,3,0,0,334,3138.15,9.4,Corregidora,Planta,48-FRE,Frenos,3081.99,4282,516,3766,8.3,China,QRO-MQZ
4494,2022-11-03,2022-11-11,2022,11,4,8,1,5,93.9,1782.99,18.99,San Luis Potosí,Planta,56-SUS,Suspensión,4497.66,4064,966,3098,4.21,USA,QRO-CEL
4495,2021-06-15,2021-06-23,2021,6,2,8,1,5,227.3,3255.92,14.32,San Juan del Río,Taller,80-FRE,Frenos,1456.89,1654,528,1126,3.13,USA,QRO-SJR
4496,2021-08-29,2021-09-02,2021,8,0,4,1,1,311.1,3430.56,11.03,El Marqués,Tier1,14-SEN,Sensores,1286.42,722,555,167,1.3,Japón,QRO-SLP
4497,2024-11-14,2024-11-21,2024,11,4,7,1,4,22.3,243.2,10.91,San Luis Potosí,Tier1,43-SEN,Sensores,2429.63,4819,141,4678,34.18,China,QRO-MQZ
4498,2026-05-24,2026-06-02,2026,5,0,9,0,0,138.1,2547.49,18.45,Querétaro,Tier1,14-SEN,Sensores,1286.42,722,555,167,1.3,Alemania,QRO-SJR
4499,2023-10-04,2023-10-05,2023,10,3,1,0,0,106.7,2098.68,19.67,El Marqués,Tier1,98-FRE,Frenos,1762.7,3662,966,2696,3.79,Alemania,QRO-MQZ
4500,2021-10-14,2021-10-16,2021,10,4,2,0,0,70.1,601.29,8.58,Celaya,Taller,22-SUS,Suspensión,895.84,3847,874,2973,4.4,Alemania,QRO-SLP
4501,2024-09-18,2024-09-24,2024,9,3,6,1,3,324.1,5017.8,15.48,Celaya,Planta,95-ARN,Arneses,3304.01,4822,472,4350,10.22,China,QRO-CEL
4502,2024-09-22,2024-09-28,2024,9,0,6,1,3,280.9,4606.49,16.4,Celaya,Distribuidor,68-SEN,Sensores,3619.25,1156,733,423,1.58,USA,QRO-SJR
4503,2026-05-25,2026-05-31,2026,5,1,6,0,0,32.8,436.31,13.3,Corregidora,Planta,85-FRE,Frenos,2849.37,4143,705,3438,5.88,México,QRO-SLP
4504,2025-09-09,2025-09-17,2025,9,2,8,1,5,132.4,2188.15,16.53,El Marqués,Tier1,67-FRE,Frenos,2570.48,1579,719,860,2.2,Alemania,QRO-CEL
4505,2026-05-13,2026-05-28,2026,5,3,15,1,9,65.7,617.72,9.4,El Marqués,Distribuidor,42-SEN,Sensores,534.52,117,157,-40,0.75,China,QRO-MQZ
4506,2024-10-26,2024-10-30,2024,10,6,4,1,1,257.5,2623.35,10.19,Corregidora,Distribuidor,34-ELE,Electrónica,4829.03,4110,965,3145,4.26,USA,QRO-SJR
4507,2023-10-28,2023-11-01,2023,10,6,4,1,1,335.3,4249.41,12.67,San Luis Potosí,Planta,92-FRE,Frenos,3332.83,2180,940,1240,2.32,USA,QRO-SJR
4508,2026-05-03,2026-05-29,2026,5,0,26,1,19,238.2,2322.06,9.75,El Marqués,Taller,42-SUS,Suspensión,1516.88,2245,576,1669,3.9,México,QRO-MQZ
4509,2026-05-13,2026-05-29,2026,5,3,16,1,9,322.1,5504.81,17.09,León,Taller,26-FRE,Frenos,4994.24,4421,624,3797,7.08,Alemania,QRO-MQZ
4510,2022-12-26,2023-01-02,2022,12,1,7,1,4,342.8,6172.85,18.01,Corregidora,Taller,16-ARN,Arneses,1385.97,4731,948,3783,4.99,México,QRO-CEL
4511,2021-03-26,2021-03-28,2021,3,5,2,0,0,291.5,5155.16,17.68,El Marqués,Planta,41-SEN,Sensores,4243.67,4515,377,4138,11.98,México,QRO-SJR
4512,2026-05-13,2026-05-30,2026,5,3,17,1,9,279.5,4263.25,15.25,San Juan del Río,Planta,36-FRE,Frenos,2503.31,2427,781,1646,3.11,Alemania,QRO-SJR
4513,2023-05-01,2023-05-09,2023,5,1,8,1,5,153.2,2708.99,17.68,León,Tier1,26-SUS,Suspensión,4121.98,3676,530,3146,6.94,Japón,QRO-MQZ
4514,2025-11-01,2025-11-04,2025,11,6,3,0,0,275.1,4890.01,17.78,San Juan del Río,Planta,75-FRE,Frenos,2586.79,1278,749,529,1.71,Alemania,QRO-MQZ
4515,2021-08-16,2021-08-19,2021,8,1,3,0,0,202.1,3234.9,16.01,Corregidora,Tier1,19-ELE,Electrónica,3029.39,2447,372,2075,6.58,México,QRO-MQZ
4516,2024-10-08,2024-10-09,2024,10,2,1,0,0,165.5,2405.57,14.54,Corregidora,Distribuidor,66-SUS,Suspensión,3813.62,870,354,516,2.46,Japón,QRO-CEL
4517,2026-05-22,2026-06-01,2026,5,5,10,0,0,108.3,1051.79,9.71,San Juan del Río,Tier1,30-ELE,Electrónica,3031.07,2212,562,1650,3.94,China,QRO-CEL
4518,2022-03-09,2022-03-15,2022,3,3,6,1,3,48.5,847.73,17.48,Celaya,Distribuidor,71-FRE,Frenos,3409.21,2240,727,1513,3.08,USA,QRO-CEL
4519,2021-03-23,2021-03-24,2021,3,2,1,0,0,81.9,1514.16,18.49,Querétaro,Tier1,57-FRE,Frenos,1434.88,3059,113,2946,27.07,China,QRO-SJR
4520,2026-05-01,2026-06-01,2026,5,5,31,1,21,41.3,720.22,17.44,León,Taller,72-SEN,Sensores,2907.83,4310,751,3559,5.74,México,QRO-SLP
4521,2025-02-11,2025-02-14,2025,2,2,3,0,0,105,1704.24,16.23,León,Tier1,55-ARN,Arneses,3941.75,4751,961,3790,4.94,China,QRO-SLP
4522,2023-06-20,2023-06-25,2023,6,2,5,1,2,254.9,2831.86,11.11,León,Tier1,70-SEN,Sensores,1991.74,2888,241,2647,11.98,China,QRO-MQZ
4523,2026-05-03,2026-05-29,2026,5,0,26,1,19,285.6,5652.95,19.79,San Luis Potosí,Tier1,31-ARN,Arneses,3016.79,2221,601,1620,3.7,Japón,QRO-CEL
4524,2025-11-28,2025-12-03,2025,11,5,5,1,2,201.7,2247.91,11.14,Querétaro,Distribuidor,98-FRE,Frenos,1762.7,3662,966,2696,3.79,USA,QRO-CEL
4525,2025-05-19,2025-05-25,2025,5,1,6,1,3,260.1,4389.96,16.88,San Juan del Río,Taller,12-SUS,Suspensión,2011.59,4865,386,4479,12.6,USA,QRO-SJR
4526,2025-11-12,2025-11-16,2025,11,3,4,1,1,213.4,1812.76,8.49,León,Planta,100-ELE,Electrónica,3513.62,1971,804,1167,2.45,Alemania,QRO-CEL
4527,2022-09-30,2022-10-03,2022,9,5,3,0,0,219.4,2438.44,11.11,San Juan del Río,Tier1,91-SEN,Sensores,4666.99,2159,152,2007,14.2,México,QRO-MQZ
4528,2026-05-09,2026-05-27,2026,5,6,18,1,13,170.8,2234.86,13.08,El Marqués,Tier1,94-ELE,Electrónica,673.59,2723,409,2314,6.66,México,QRO-MQZ
4529,2023-02-04,2023-02-06,2023,2,6,2,0,0,34.8,505.11,14.51,Corregidora,Taller,79-SUS,Suspensión,2432.97,670,354,316,1.89,China,QRO-CEL
4530,2023-04-20,2023-04-22,2023,4,4,2,0,0,236.7,2251.18,9.51,Corregidora,Planta,60-SUS,Suspensión,2653.99,2128,369,1759,5.77,Alemania,QRO-CEL
4531,2023-03-23,2023-03-24,2023,3,4,1,0,0,208.5,2580,12.37,León,Planta,14-ELE,Electrónica,1218.61,173,107,66,1.62,USA,QRO-CEL
4532,2023-04-23,2023-04-27,2023,4,0,4,1,1,122.6,1866.64,15.23,Corregidora,Distribuidor,30-FRE,Frenos,2601.88,1085,192,893,5.65,Alemania,QRO-CEL
4533,2024-05-16,2024-05-18,2024,5,4,2,0,0,147.3,2698.91,18.32,San Luis Potosí,Tier1,71-FRE,Frenos,3409.21,2240,727,1513,3.08,Japón,QRO-MQZ
4534,2023-05-22,2023-05-25,2023,5,1,3,0,0,161.9,1972.43,12.18,Querétaro,Distribuidor,24-ELE,Electrónica,4055.81,2955,652,2303,4.53,Alemania,QRO-CEL
4535,2026-05-13,2026-05-25,2026,5,3,12,1,9,113.2,1442.87,12.75,León,Planta,25-FRE,Frenos,2232.98,3690,225,3465,16.4,Alemania,QRO-MQZ
4536,2024-02-09,2024-02-15,2024,2,5,6,1,3,83.8,961.89,11.48,San Luis Potosí,Tier1,47-ELE,Electrónica,129.58,3309,950,2359,3.48,China,QRO-MQZ
4537,2024-12-24,2025-01-01,2024,12,2,8,1,5,127.4,2470.13,19.39,Celaya,Planta,45-ARN,Arneses,944.57,3020,180,2840,16.78,Japón,QRO-CEL
4538,2021-02-14,2021-02-20,2021,2,0,6,1,3,25.7,302.13,11.76,Celaya,Tier1,49-SEN,Sensores,1664.17,3963,807,3156,4.91,USA,QRO-CEL
4539,2026-05-06,2026-05-26,2026,5,3,20,1,16,284.6,3441.26,12.09,Celaya,Distribuidor,91-SEN,Sensores,4666.99,2159,152,2007,14.2,Alemania,QRO-SJR
4540,2021-01-17,2021-01-18,2021,1,0,1,0,0,61.9,533.54,8.62,León,Tier1,69-FRE,Frenos,186.87,4709,419,4290,11.24,Japón,QRO-SJR
4541,2025-12-20,2025-12-27,2025,12,6,7,1,4,25.4,384.74,15.15,San Juan del Río,Planta,44-ARN,Arneses,4310.1,1228,335,893,3.67,USA,QRO-CEL
4542,2026-05-24,2026-06-01,2026,5,0,8,0,0,46.1,492.24,10.68,El Marqués,Taller,36-ELE,Electrónica,1042.23,3858,726,3132,5.31,USA,QRO-MQZ
4543,2021-12-10,2021-12-11,2021,12,5,1,0,0,28.6,451.69,15.79,San Luis Potosí,Distribuidor,68-FRE,Frenos,3853.4,2725,382,2343,7.13,Alemania,QRO-MQZ
4544,2024-03-05,2024-03-08,2024,3,2,3,0,0,106.4,1001.51,9.41,El Marqués,Taller,63-SUS,Suspensión,3993.5,2133,790,1343,2.7,Alemania,QRO-CEL
4545,2026-05-19,2026-05-31,2026,5,2,12,1,3,323.8,4522.55,13.97,San Luis Potosí,Distribuidor,25-ARN,Arneses,3915.2,4208,808,3400,5.21,México,QRO-SJR
4546,2026-05-20,2026-05-28,2026,5,3,8,1,2,69.4,1287.73,18.56,San Luis Potosí,Tier1,74-ARN,Arneses,1238.29,2950,908,2042,3.25,Japón,QRO-SJR
4547,2023-05-23,2023-05-31,2023,5,2,8,1,5,98.1,1205.37,12.29,El Marqués,Tier1,59-ARN,Arneses,757.6,2440,393,2047,6.21,Alemania,QRO-SJR
4548,2026-05-09,2026-05-27,2026,5,6,18,1,13,293.4,4975.57,16.96,Corregidora,Tier1,97-FRE,Frenos,4200.07,1145,962,183,1.19,México,QRO-CEL
4549,2023-11-18,2023-11-25,2023,11,6,7,1,4,128.3,2503.83,19.52,Corregidora,Distribuidor,17-ELE,Electrónica,2928.48,3082,652,2430,4.73,Japón,QRO-CEL
4550,2025-11-14,2025-11-18,2025,11,5,4,1,1,236.9,3045.33,12.85,Corregidora,Planta,20-ARN,Arneses,1779.81,1862,979,883,1.9,Japón,QRO-CEL
4551,2021-08-10,2021-08-16,2021,8,2,6,1,3,158.3,2523.6,15.94,El Marqués,Tier1,65-ELE,Electrónica,4175.41,3316,875,2441,3.79,Japón,QRO-SLP
4552,2022-06-20,2022-06-24,2022,6,1,4,1,1,30,470.83,15.69,León,Planta,71-SEN,Sensores,263.19,144,177,-33,0.81,México,QRO-SJR
4553,2024-03-10,2024-03-16,2024,3,0,6,1,3,161.1,2129.9,13.22,San Juan del Río,Tier1,27-SUS,Suspensión,4748.31,2962,518,2444,5.72,Alemania,QRO-MQZ
4554,2026-05-03,2026-05-26,2026,5,0,23,1,19,234.6,3417.92,14.57,Querétaro,Planta,79-ELE,Electrónica,359.85,133,141,-8,0.94,China,QRO-CEL
4555,2026-05-25,2026-05-30,2026,5,1,5,0,0,156.5,2017.52,12.89,San Juan del Río,Tier1,89-SUS,Suspensión,3420.66,3727,958,2769,3.89,China,QRO-SLP
4556,2026-05-11,2026-05-27,2026,5,1,16,1,11,205.1,1891.43,9.22,El Marqués,Planta,44-SUS,Suspensión,504.34,1272,969,303,1.31,China,QRO-SJR
4557,2021-11-24,2021-11-26,2021,11,3,2,0,0,44.3,866.01,19.55,Querétaro,Planta,22-FRE,Frenos,473.66,3099,887,2212,3.49,China,QRO-MQZ
4558,2025-12-21,2025-12-28,2025,12,0,7,1,4,77.5,849.79,10.97,El Marqués,Taller,85-ELE,Electrónica,2849.32,3481,180,3301,19.34,USA,QRO-CEL
4559,2026-05-13,2026-05-30,2026,5,3,17,1,9,55.9,941.4,16.84,San Juan del Río,Planta,68-SEN,Sensores,3619.25,1156,733,423,1.58,China,QRO-CEL
4560,2023-05-20,2023-05-23,2023,5,6,3,0,0,304.9,2796.94,9.17,Corregidora,Planta,18-SUS,Suspensión,340.23,926,375,551,2.47,USA,QRO-CEL
4561,2021-12-28,2021-12-30,2021,12,2,2,0,0,319.1,6130.91,19.21,San Juan del Río,Taller,17-FRE,Frenos,4203.61,2829,138,2691,20.5,Japón,QRO-MQZ
4562,2022-10-01,2022-10-02,2022,10,6,1,0,0,257.4,3253.07,12.64,Querétaro,Tier1,94-SUS,Suspensión,345.62,2291,202,2089,11.34,México,QRO-SJR
4563,2026-05-14,2026-05-15,2026,5,4,1,0,0,17.5,336.79,19.25,León,Tier1,37-SEN,Sensores,3969.15,3602,841,2761,4.28,México,QRO-SJR
4564,2025-05-29,2025-06-04,2025,5,4,6,1,3,79.6,1510.03,18.97,Corregidora,Planta,58-FRE,Frenos,4382.22,4184,377,3807,11.1,Japón,QRO-SLP
4565,2021-10-15,2021-10-19,2021,10,5,4,1,1,314.8,2978.63,9.46,San Luis Potosí,Tier1,81-ARN,Arneses,4391.37,366,872,-506,0.42,México,QRO-CEL
4566,2026-04-19,2026-04-25,2026,4,0,6,1,3,200,1840.85,9.2,Querétaro,Tier1,68-FRE,Frenos,3853.4,2725,382,2343,7.13,Japón,QRO-SJR
4567,2021-03-17,2021-03-23,2021,3,3,6,1,3,199.9,2350.64,11.76,Celaya,Distribuidor,55-SEN,Sensores,431.65,4262,586,3676,7.27,China,QRO-MQZ
4568,2026-05-14,2026-05-27,2026,5,4,13,1,8,67.6,824.47,12.2,Celaya,Planta,41-ARN,Arneses,2258.51,2697,698,1999,3.86,México,QRO-MQZ
4569,2022-09-19,2022-09-27,2022,9,1,8,1,5,42.3,728.64,17.23,Querétaro,Tier1,5-FRE,Frenos,3547.92,1323,978,345,1.35,China,QRO-MQZ
4570,2022-09-22,2022-09-27,2022,9,4,5,1,2,338.9,6705.03,19.78,Corregidora,Distribuidor,47-ELE,Electrónica,129.58,3309,950,2359,3.48,México,QRO-MQZ
4571,2023-09-14,2023-09-19,2023,9,4,5,1,2,52.9,617.76,11.68,Querétaro,Distribuidor,38-FRE,Frenos,2176.42,4632,529,4103,8.76,USA,QRO-SJR
4572,2023-08-15,2023-08-23,2023,8,2,8,1,5,177.1,1876.57,10.6,León,Tier1,94-SEN,Sensores,3460.4,1180,938,242,1.26,USA,QRO-MQZ
4573,2025-06-23,2025-06-26,2025,6,1,3,0,0,339.9,4306.67,12.67,León,Planta,41-FRE,Frenos,402.6,1519,142,1377,10.7,México,QRO-SJR
4574,2026-05-01,2026-05-28,2026,5,5,27,1,21,196.6,2226.52,11.33,Corregidora,Distribuidor,98-ARN,Arneses,3240.05,314,373,-59,0.84,Alemania,QRO-SLP
4575,2026-05-10,2026-05-31,2026,5,0,21,1,12,274.3,3099.36,11.3,Querétaro,Tier1,2-ELE,Electrónica,1189.72,3706,870,2836,4.26,México,QRO-SJR
4576,2024-03-21,2024-03-29,2024,3,4,8,1,5,220.1,3189.25,14.49,León,Planta,51-ARN,Arneses,2205.11,3816,443,3373,8.61,Japón,QRO-CEL
4577,2026-05-10,2026-05-27,2026,5,0,17,1,12,64.6,790.75,12.24,León,Planta,71-SUS,Suspensión,1916.47,1253,659,594,1.9,Japón,QRO-CEL
4578,2026-05-07,2026-05-26,2026,5,4,19,1,15,84.1,1411.6,16.78,El Marqués,Tier1,81-FRE,Frenos,857.33,1893,403,1490,4.7,México,QRO-MQZ
4579,2023-01-07,2023-01-08,2023,1,6,1,0,0,100.7,1505.84,14.95,León,Tier1,53-SUS,Suspensión,2062.9,3440,719,2721,4.78,Japón,QRO-SLP
4580,2022-04-06,2022-04-11,2022,4,3,5,1,2,148.5,2441.66,16.44,San Luis Potosí,Tier1,26-ARN,Arneses,1872.84,4883,185,4698,26.39,Alemania,QRO-SJR
4581,2026-02-26,2026-03-01,2026,2,4,3,0,0,320.4,2680.57,8.37,Querétaro,Tier1,54-ARN,Arneses,3425.08,4574,874,3700,5.23,USA,QRO-SJR
4582,2024-01-17,2024-01-23,2024,1,3,6,1,3,35.8,384.4,10.74,León,Taller,25-FRE,Frenos,2232.98,3690,225,3465,16.4,Japón,QRO-MQZ
4583,2021-05-25,2021-05-30,2021,5,2,5,1,2,200.3,3332.73,16.64,Querétaro,Planta,72-ARN,Arneses,3783.02,2196,705,1491,3.11,Alemania,QRO-CEL
4584,2023-10-08,2023-10-10,2023,10,0,2,0,0,70.1,1115.24,15.91,El Marqués,Planta,48-ELE,Electrónica,2929.89,2314,767,1547,3.02,Alemania,QRO-CEL
4585,2023-03-12,2023-03-18,2023,3,0,6,1,3,96.9,1436.67,14.83,Corregidora,Planta,19-SEN,Sensores,1116.53,4535,959,3576,4.73,México,QRO-SLP
4586,2022-04-17,2022-04-21,2022,4,0,4,1,1,123.6,2041.79,16.52,Corregidora,Tier1,28-SEN,Sensores,1818.54,4432,701,3731,6.32,USA,QRO-SJR
4587,2026-05-25,2026-06-02,2026,5,1,8,0,0,60.7,526.36,8.67,León,Tier1,35-SEN,Sensores,262.68,3794,321,3473,11.82,China,QRO-CEL
4588,2023-09-11,2023-09-12,2023,9,1,1,0,0,189.7,2891.77,15.24,San Luis Potosí,Planta,40-SUS,Suspensión,1400.65,52,574,-522,0.09,México,QRO-CEL
4589,2026-01-28,2026-01-29,2026,1,3,1,0,0,26.9,307.5,11.43,San Juan del Río,Taller,33-ARN,Arneses,4073.72,1315,307,1008,4.28,Alemania,QRO-SJR
4590,2022-01-04,2022-01-08,2022,1,2,4,1,1,73.1,1126.11,15.41,Querétaro,Planta,45-ELE,Electrónica,4169.66,3629,173,3456,20.98,USA,QRO-SLP
4591,2026-05-11,2026-05-29,2026,5,1,18,1,11,245,4051.79,16.54,San Juan del Río,Planta,55-ARN,Arneses,3941.75,4751,961,3790,4.94,China,QRO-SLP
4592,2024-01-09,2024-01-14,2024,1,2,5,1,2,174.3,3105.07,17.81,Querétaro,Tier1,24-ARN,Arneses,4525.05,711,612,99,1.16,Japón,QRO-SJR
4593,2023-12-26,2023-12-28,2023,12,2,2,0,0,246.6,3517.84,14.27,San Juan del Río,Taller,30-ARN,Arneses,1865.58,2831,105,2726,26.96,China,QRO-MQZ
4594,2026-05-21,2026-05-25,2026,5,4,4,1,1,175.7,1453.55,8.27,Corregidora,Tier1,82-SEN,Sensores,1389.69,82,257,-175,0.32,México,QRO-SJR
4595,2025-05-21,2025-05-24,2025,5,3,3,0,0,251.8,3050.75,12.12,El Marqués,Taller,19-ARN,Arneses,3708.16,4895,837,4058,5.85,Alemania,QRO-MQZ
4596,2026-05-13,2026-06-01,2026,5,3,19,1,9,279.7,4274.96,15.28,El Marqués,Taller,82-ARN,Arneses,1708.12,766,973,-207,0.79,China,QRO-SLP
4597,2023-01-29,2023-02-04,2023,1,0,6,1,3,309.2,5844.81,18.9,Corregidora,Tier1,4-SEN,Sensores,415.57,4942,295,4647,16.75,USA,QRO-MQZ
4598,2023-06-16,2023-06-24,2023,6,5,8,1,5,211.5,3007.97,14.22,San Luis Potosí,Tier1,69-ELE,Electrónica,1827.32,416,556,-140,0.75,USA,QRO-MQZ
4599,2025-10-17,2025-10-23,2025,10,5,6,1,3,96.5,1471.72,15.25,Celaya,Tier1,66-SEN,Sensores,2796.85,2735,811,1924,3.37,USA,QRO-SLP
4600,2021-10-24,2021-10-31,2021,10,0,7,1,4,15,206.36,13.76,San Juan del Río,Tier1,94-FRE,Frenos,4473.89,3060,162,2898,18.89,China,QRO-MQZ
4601,2023-09-28,2023-10-03,2023,9,4,5,1,2,148.7,1727.61,11.62,Corregidora,Tier1,64-SUS,Suspensión,4312.74,583,450,133,1.3,México,QRO-CEL
4602,2026-05-19,2026-05-31,2026,5,2,12,1,3,307.5,5795.76,18.85,Querétaro,Taller,75-SEN,Sensores,2324.33,2246,115,2131,19.53,China,QRO-MQZ
4603,2024-01-03,2024-01-06,2024,1,3,3,0,0,119.3,1728.13,14.49,Querétaro,Distribuidor,62-ELE,Electrónica,4147.27,4050,501,3549,8.08,Japón,QRO-MQZ
4604,2024-11-26,2024-11-28,2024,11,2,2,0,0,93.8,1198.9,12.78,Querétaro,Planta,28-SEN,Sensores,1818.54,4432,701,3731,6.32,México,QRO-CEL
4605,2026-05-20,2026-06-02,2026,5,3,13,1,2,194.4,2615.01,13.45,León,Planta,89-SUS,Suspensión,3420.66,3727,958,2769,3.89,México,QRO-SJR
4606,2021-09-13,2021-09-19,2021,9,1,6,1,3,94.5,924.37,9.78,Celaya,Planta,25-SUS,Suspensión,2863.6,1207,249,958,4.85,Alemania,QRO-CEL
4607,2026-05-18,2026-05-26,2026,5,1,8,1,4,222,2884.82,12.99,San Luis Potosí,Tier1,57-FRE,Frenos,1434.88,3059,113,2946,27.07,México,QRO-CEL
4608,2026-05-14,2026-05-27,2026,5,4,13,1,8,55.2,479.42,8.69,Corregidora,Distribuidor,61-SUS,Suspensión,1710.59,631,965,-334,0.65,Alemania,QRO-MQZ
4609,2025-09-14,2025-09-22,2025,9,0,8,1,5,182.9,1904.11,10.41,León,Tier1,99-SUS,Suspensión,1768.31,3450,251,3199,13.75,China,QRO-SJR
4610,2021-09-21,2021-09-23,2021,9,2,2,0,0,208.2,1905.59,9.15,San Luis Potosí,Planta,44-SUS,Suspensión,504.34,1272,969,303,1.31,China,QRO-SLP
4611,2023-08-28,2023-09-04,2023,8,1,7,1,4,172.3,3174.02,18.42,Celaya,Planta,60-FRE,Frenos,4591.5,2619,968,1651,2.71,Alemania,QRO-SLP
4612,2022-06-19,2022-06-27,2022,6,0,8,1,5,239.4,3393.31,14.17,Corregidora,Distribuidor,58-FRE,Frenos,4382.22,4184,377,3807,11.1,USA,QRO-SJR
4613,2026-05-13,2026-05-27,2026,5,3,14,1,9,49.7,720.81,14.5,León,Tier1,32-ARN,Arneses,1534.06,183,367,-184,0.5,México,QRO-SJR
4614,2026-05-18,2026-05-27,2026,5,1,9,1,4,45.5,804.38,17.68,San Luis Potosí,Tier1,45-SEN,Sensores,754.06,1135,113,1022,10.04,USA,QRO-SJR
4615,2025-08-18,2025-08-20,2025,8,1,2,0,0,332,5563.28,16.76,San Juan del Río,Planta,10-SUS,Suspensión,3974.3,2474,590,1884,4.19,China,QRO-SJR
4616,2022-03-27,2022-03-31,2022,3,0,4,1,1,230.9,4348.8,18.83,El Marqués,Tier1,78-ARN,Arneses,3156.74,4864,828,4036,5.87,USA,QRO-CEL
4617,2026-05-24,2026-06-02,2026,5,0,9,0,0,264.1,5142.64,19.47,Querétaro,Planta,97-FRE,Frenos,4200.07,1145,962,183,1.19,México,QRO-SJR
4618,2021-08-23,2021-08-27,2021,8,1,4,1,1,95,1163.93,12.25,San Luis Potosí,Taller,72-ELE,Electrónica,892.6,1623,479,1144,3.39,USA,QRO-MQZ
4619,2026-05-04,2026-05-27,2026,5,1,23,1,18,153.9,2177.77,14.15,Celaya,Distribuidor,96-ELE,Electrónica,4610.48,3616,228,3388,15.86,Japón,QRO-SJR
4620,2026-05-06,2026-05-28,2026,5,3,22,1,16,99.3,1263.21,12.72,San Juan del Río,Taller,88-SUS,Suspensión,1941.02,3880,832,3048,4.66,China,QRO-MQZ
4621,2026-05-03,2026-05-27,2026,5,0,24,1,19,141.8,2299.36,16.22,Celaya,Distribuidor,41-SEN,Sensores,4243.67,4515,377,4138,11.98,Alemania,QRO-SLP
4622,2025-12-07,2025-12-14,2025,12,0,7,1,4,69.1,1196.15,17.31,San Luis Potosí,Distribuidor,90-FRE,Frenos,2310.29,1160,815,345,1.42,Japón,QRO-SJR
4623,2023-08-11,2023-08-19,2023,8,5,8,1,5,273,5005.38,18.33,Celaya,Taller,51-ARN,Arneses,2205.11,3816,443,3373,8.61,Japón,QRO-SJR
4624,2024-02-04,2024-02-10,2024,2,0,6,1,3,150.5,2091.49,13.9,Corregidora,Distribuidor,49-ELE,Electrónica,3034.43,2749,539,2210,5.1,China,QRO-SLP
4625,2024-11-09,2024-11-16,2024,11,6,7,1,4,315,4570.9,14.51,Celaya,Distribuidor,38-ARN,Arneses,2157.65,2477,447,2030,5.54,Japón,QRO-CEL
4626,2026-05-02,2026-05-25,2026,5,6,23,1,20,146.2,2456.82,16.8,San Luis Potosí,Planta,68-FRE,Frenos,3853.4,2725,382,2343,7.13,Japón,QRO-MQZ
4627,2026-05-04,2026-05-27,2026,5,1,23,1,18,30.9,335.49,10.86,Corregidora,Distribuidor,8-FRE,Frenos,1993.18,2763,635,2128,4.35,USA,QRO-SJR
4628,2026-04-28,2026-05-03,2026,4,2,5,1,2,229.6,3376.58,14.71,San Juan del Río,Taller,35-SEN,Sensores,262.68,3794,321,3473,11.82,USA,QRO-CEL
4629,2026-05-23,2026-05-28,2026,5,6,5,1,2,313.1,3741.64,11.95,Corregidora,Planta,76-SUS,Suspensión,1064.99,2521,492,2029,5.12,Japón,QRO-SJR
4630,2026-05-08,2026-05-25,2026,5,5,17,1,14,208.9,4078.71,19.52,Querétaro,Tier1,53-SEN,Sensores,2001.95,4699,843,3856,5.57,China,QRO-SJR
4631,2021-12-27,2022-01-04,2021,12,1,8,1,5,47,488.79,10.4,San Juan del Río,Taller,57-SEN,Sensores,1514.51,438,789,-351,0.56,China,QRO-MQZ
4632,2026-05-13,2026-05-29,2026,5,3,16,1,9,26.7,385.1,14.42,San Juan del Río,Planta,91-SEN,Sensores,4666.99,2159,152,2007,14.2,Alemania,QRO-SLP
4633,2025-01-26,2025-02-01,2025,1,0,6,1,3,169.5,1725.95,10.18,El Marqués,Tier1,69-SUS,Suspensión,2311.07,1018,914,104,1.11,México,QRO-SJR
4634,2023-03-22,2023-03-29,2023,3,3,7,1,4,217.2,3781.41,17.41,El Marqués,Distribuidor,73-SEN,Sensores,1840.37,2686,730,1956,3.68,China,QRO-MQZ
4635,2023-03-29,2023-04-01,2023,3,3,3,0,0,131.3,2275.98,17.33,Corregidora,Tier1,50-ELE,Electrónica,3253.74,3790,410,3380,9.24,Japón,QRO-SJR
4636,2026-05-19,2026-06-03,2026,5,2,15,1,3,254.8,2081.15,8.17,Querétaro,Tier1,16-SEN,Sensores,498.65,4923,754,4169,6.53,USA,QRO-CEL
4637,2023-10-29,2023-10-30,2023,10,0,1,0,0,340.6,4138.74,12.15,Celaya,Distribuidor,40-SEN,Sensores,1730.14,4560,975,3585,4.68,México,QRO-MQZ
4638,2024-07-03,2024-07-11,2024,7,3,8,1,5,249,2796.9,11.23,León,Tier1,47-ARN,Arneses,1524.78,2381,707,1674,3.37,Japón,QRO-SJR
4639,2022-12-30,2022-12-31,2022,12,5,1,0,0,326.7,4650.24,14.23,San Luis Potosí,Tier1,33-FRE,Frenos,4635.35,4897,202,4695,24.24,México,QRO-MQZ
4640,2026-05-16,2026-05-28,2026,5,6,12,1,6,44,801.85,18.22,San Luis Potosí,Distribuidor,70-FRE,Frenos,3370.05,2773,737,2036,3.76,Japón,QRO-SJR
4641,2021-06-24,2021-06-29,2021,6,4,5,1,2,188.6,2354.8,12.49,Celaya,Taller,1-ELE,Electrónica,4919.31,1189,945,244,1.26,China,QRO-SLP
4642,2024-10-30,2024-11-06,2024,10,3,7,1,4,163.2,2893.09,17.73,Celaya,Distribuidor,60-FRE,Frenos,4591.5,2619,968,1651,2.71,China,QRO-MQZ
4643,2025-11-16,2025-11-19,2025,11,0,3,0,0,279,5552.65,19.9,Celaya,Planta,2-FRE,Frenos,2261.86,2629,314,2315,8.37,China,QRO-CEL
4644,2022-08-19,2022-08-24,2022,8,5,5,1,2,175.9,1652.2,9.39,León,Tier1,59-ELE,Electrónica,3153.37,470,478,-8,0.98,Japón,QRO-MQZ
4645,2026-05-13,2026-05-30,2026,5,3,17,1,9,284.8,2858.36,10.04,San Luis Potosí,Tier1,40-FRE,Frenos,351,1572,317,1255,4.96,Japón,QRO-SJR
4646,2021-11-23,2021-11-30,2021,11,2,7,1,4,105.3,870.97,8.27,Querétaro,Distribuidor,14-ARN,Arneses,4946.12,2364,110,2254,21.49,USA,QRO-CEL
4647,2026-05-18,2026-05-31,2026,5,1,13,1,4,233.1,2241.86,9.62,San Juan del Río,Taller,13-FRE,Frenos,1618.96,1055,651,404,1.62,USA,QRO-MQZ
4648,2026-05-03,2026-05-28,2026,5,0,25,1,19,221.9,3591.12,16.18,Querétaro,Distribuidor,89-ELE,Electrónica,2876,159,938,-779,0.17,México,QRO-CEL
4649,2021-09-07,2021-09-10,2021,9,2,3,0,0,164.3,2023.72,12.32,Querétaro,Planta,52-ELE,Electrónica,4788.22,421,203,218,2.07,China,QRO-CEL
4650,2026-05-08,2026-05-28,2026,5,5,20,1,14,283.6,4029.67,14.21,San Juan del Río,Planta,7-FRE,Frenos,3386.88,9,821,-812,0.01,México,QRO-CEL
4651,2026-04-11,2026-04-12,2026,4,6,1,0,0,132.5,2429.35,18.33,San Juan del Río,Tier1,78-FRE,Frenos,641.45,617,398,219,1.55,USA,QRO-MQZ
4652,2024-05-13,2024-05-15,2024,5,1,2,0,0,282.5,4377.52,15.5,Querétaro,Planta,82-ARN,Arneses,1708.12,766,973,-207,0.79,Japón,QRO-SJR
4653,2026-05-05,2026-05-31,2026,5,2,26,1,17,273.2,4538.3,16.61,Querétaro,Tier1,53-ARN,Arneses,3524.83,988,317,671,3.12,China,QRO-MQZ
4654,2026-05-21,2026-06-03,2026,5,4,13,1,1,189.3,3323.31,17.56,León,Planta,22-SUS,Suspensión,895.84,3847,874,2973,4.4,Japón,QRO-SLP
4655,2023-10-19,2023-10-23,2023,10,4,4,1,1,276.9,2481.48,8.96,San Luis Potosí,Tier1,46-SUS,Suspensión,1653.36,4322,935,3387,4.62,USA,QRO-CEL
4656,2023-02-03,2023-02-10,2023,2,5,7,1,4,237.4,3922.32,16.52,León,Taller,74-ARN,Arneses,1238.29,2950,908,2042,3.25,China,QRO-CEL
4657,2026-05-06,2026-05-28,2026,5,3,22,1,16,61.5,1193.22,19.4,El Marqués,Planta,26-ARN,Arneses,1872.84,4883,185,4698,26.39,USA,QRO-SLP
4658,2023-02-28,2023-03-07,2023,2,2,7,1,4,269.9,4335.97,16.07,Corregidora,Planta,38-SUS,Suspensión,1970.13,3514,114,3400,30.82,Alemania,QRO-SJR
4659,2025-08-09,2025-08-14,2025,8,6,5,1,2,91,1792.78,19.7,Querétaro,Planta,38-SEN,Sensores,3074.64,1377,629,748,2.19,México,QRO-SJR
4660,2023-01-01,2023-01-08,2023,1,0,7,1,4,53.8,887.9,16.5,Querétaro,Distribuidor,82-ARN,Arneses,1708.12,766,973,-207,0.79,México,QRO-SLP
4661,2023-04-26,2023-04-27,2023,4,3,1,0,0,197.2,3091.23,15.68,Corregidora,Distribuidor,28-FRE,Frenos,2880.95,4135,830,3305,4.98,México,QRO-SLP
4662,2026-05-11,2026-05-30,2026,5,1,19,1,11,17.3,155.85,9.01,El Marqués,Taller,58-ELE,Electrónica,2903.09,691,258,433,2.68,Alemania,QRO-SJR
4663,2026-03-25,2026-03-26,2026,3,3,1,0,0,186.6,2085.61,11.18,El Marqués,Tier1,97-ELE,Electrónica,2011.22,862,727,135,1.19,Japón,QRO-CEL
4664,2025-09-18,2025-09-20,2025,9,4,2,0,0,131.6,1853.71,14.09,León,Tier1,42-FRE,Frenos,4554.59,2399,529,1870,4.53,México,QRO-SJR
4665,2025-04-24,2025-04-26,2025,4,4,2,0,0,272.4,3097.45,11.37,Celaya,Planta,71-SEN,Sensores,263.19,144,177,-33,0.81,China,QRO-SJR
4666,2022-12-08,2022-12-15,2022,12,4,7,1,4,42.2,430.92,10.21,León,Tier1,90-ELE,Electrónica,2914.45,2443,282,2161,8.66,Japón,QRO-CEL
4667,2022-12-22,2022-12-27,2022,12,4,5,1,2,178.5,3189.33,17.87,León,Taller,20-SEN,Sensores,595.92,674,866,-192,0.78,Japón,QRO-MQZ
4668,2026-05-04,2026-05-30,2026,5,1,26,1,18,327.5,5662.35,17.29,Querétaro,Distribuidor,44-SUS,Suspensión,504.34,1272,969,303,1.31,Alemania,QRO-SLP
4669,2025-12-16,2025-12-23,2025,12,2,7,1,4,224.9,2991,13.3,Querétaro,Planta,52-ELE,Electrónica,4788.22,421,203,218,2.07,China,QRO-SJR
4670,2023-03-12,2023-03-18,2023,3,0,6,1,3,52.1,878.02,16.85,Celaya,Taller,30-FRE,Frenos,2601.88,1085,192,893,5.65,Japón,QRO-MQZ
4671,2026-05-19,2026-06-01,2026,5,2,13,1,3,87.6,1176.51,13.43,León,Planta,35-ARN,Arneses,3574.66,2983,906,2077,3.29,México,QRO-MQZ
4672,2026-05-22,2026-05-25,2026,5,5,3,0,0,225.2,4106.89,18.24,Celaya,Planta,63-FRE,Frenos,2548.55,2094,709,1385,2.95,China,QRO-SJR
4673,2023-02-25,2023-03-01,2023,2,6,4,1,1,75.7,1384.57,18.29,León,Taller,17-ELE,Electrónica,2928.48,3082,652,2430,4.73,Japón,QRO-MQZ
4674,2022-02-13,2022-02-21,2022,2,0,8,1,5,123,2025.8,16.47,León,Tier1,43-SEN,Sensores,2429.63,4819,141,4678,34.18,Alemania,QRO-CEL
4675,2022-01-07,2022-01-15,2022,1,5,8,1,5,148.6,2071.16,13.94,Celaya,Taller,19-ARN,Arneses,3708.16,4895,837,4058,5.85,Alemania,QRO-MQZ
4676,2026-05-02,2026-05-29,2026,5,6,27,1,20,280.8,4839.07,17.23,San Luis Potosí,Tier1,83-ARN,Arneses,4089.81,3819,304,3515,12.56,Alemania,QRO-CEL
4677,2023-04-30,2023-05-05,2023,4,0,5,1,2,208.6,2402.88,11.52,El Marqués,Tier1,7-FRE,Frenos,3386.88,9,821,-812,0.01,Japón,QRO-SJR
4678,2026-05-19,2026-05-28,2026,5,2,9,1,3,44.5,718.99,16.16,Querétaro,Distribuidor,74-SUS,Suspensión,4557.16,415,619,-204,0.67,México,QRO-MQZ
4679,2025-03-16,2025-03-20,2025,3,0,4,1,1,218.4,2305.84,10.56,Celaya,Tier1,75-ELE,Electrónica,216.11,4758,831,3927,5.73,Japón,QRO-SJR
4680,2025-05-14,2025-05-22,2025,5,3,8,1,5,216.3,4270.71,19.74,Celaya,Tier1,75-ELE,Electrónica,216.11,4758,831,3927,5.73,Japón,QRO-SLP
4681,2025-06-07,2025-06-12,2025,6,6,5,1,2,146.7,2818.76,19.21,Corregidora,Taller,17-ARN,Arneses,1311.09,4802,363,4439,13.23,México,QRO-SJR
4682,2026-05-17,2026-05-27,2026,5,0,10,1,5,277.6,2691.68,9.7,Querétaro,Tier1,34-ELE,Electrónica,4829.03,4110,965,3145,4.26,México,QRO-CEL
4683,2026-05-19,2026-05-28,2026,5,2,9,1,3,48.2,473.49,9.82,Celaya,Tier1,26-SUS,Suspensión,4121.98,3676,530,3146,6.94,China,QRO-MQZ
4684,2023-04-12,2023-04-18,2023,4,3,6,1,3,188.7,2067.26,10.96,Querétaro,Tier1,93-FRE,Frenos,3588.35,4289,128,4161,33.51,Alemania,QRO-CEL
4685,2021-07-10,2021-07-17,2021,7,6,7,1,4,228,3579.74,15.7,Corregidora,Planta,73-ELE,Electrónica,2426.23,644,258,386,2.5,China,QRO-SJR
4686,2022-08-14,2022-08-20,2022,8,0,6,1,3,92,947.2,10.3,León,Planta,1-SUS,Suspensión,3019.89,3188,814,2374,3.92,USA,QRO-CEL
4687,2021-07-16,2021-07-22,2021,7,5,6,1,3,150.1,2068.28,13.78,El Marqués,Tier1,25-ARN,Arneses,3915.2,4208,808,3400,5.21,USA,QRO-SLP
4688,2021-05-08,2021-05-09,2021,5,6,1,0,0,219.5,4321.64,19.69,Querétaro,Distribuidor,100-SEN,Sensores,1884.18,1812,275,1537,6.59,China,QRO-SLP
4689,2025-11-20,2025-11-23,2025,11,4,3,0,0,51.1,434.87,8.51,El Marqués,Tier1,67-SUS,Suspensión,2907.17,4550,308,4242,14.77,Japón,QRO-SJR
4690,2024-09-19,2024-09-26,2024,9,4,7,1,4,333.7,4393.89,13.17,San Luis Potosí,Taller,98-ELE,Electrónica,2480.68,142,273,-131,0.52,Japón,QRO-SJR
4691,2026-03-24,2026-03-30,2026,3,2,6,1,3,15.3,264.71,17.3,Celaya,Tier1,27-FRE,Frenos,4045.05,2920,947,1973,3.08,Japón,QRO-SLP
4692,2026-05-22,2026-05-29,2026,5,5,7,0,0,97.4,1629.47,16.73,Celaya,Distribuidor,45-SEN,Sensores,754.06,1135,113,1022,10.04,Alemania,QRO-MQZ
4693,2023-06-28,2023-06-29,2023,6,3,1,0,0,151.1,1791,11.85,San Juan del Río,Planta,64-FRE,Frenos,3469.29,4865,898,3967,5.42,México,QRO-CEL
4694,2021-02-06,2021-02-13,2021,2,6,7,1,4,63.6,766.82,12.06,El Marqués,Taller,39-ELE,Electrónica,2379.6,1533,174,1359,8.81,USA,QRO-MQZ
4695,2022-03-03,2022-03-06,2022,3,4,3,0,0,222.8,3056.77,13.72,Celaya,Distribuidor,72-FRE,Frenos,2982.1,4614,609,4005,7.58,México,QRO-SLP
4696,2025-09-16,2025-09-17,2025,9,2,1,0,0,286.1,4349.26,15.2,San Juan del Río,Planta,46-SUS,Suspensión,1653.36,4322,935,3387,4.62,México,QRO-SJR
4697,2026-05-20,2026-05-30,2026,5,3,10,1,2,115.8,1038.85,8.97,Corregidora,Tier1,5-ARN,Arneses,2099.43,479,838,-359,0.57,Alemania,QRO-CEL
4698,2024-10-07,2024-10-15,2024,10,1,8,1,5,190.2,2160.76,11.36,León,Taller,40-FRE,Frenos,351,1572,317,1255,4.96,Japón,QRO-SJR
4699,2026-05-24,2026-05-25,2026,5,0,1,0,0,324.5,5255.74,16.2,Querétaro,Taller,15-ELE,Electrónica,1562.18,742,986,-244,0.75,USA,QRO-SJR
4700,2024-11-06,2024-11-09,2024,11,3,3,0,0,349.9,5213.09,14.9,El Marqués,Taller,79-ELE,Electrónica,359.85,133,141,-8,0.94,Japón,QRO-MQZ
4701,2026-05-12,2026-05-29,2026,5,2,17,1,10,45.8,718.74,15.69,Celaya,Distribuidor,46-ELE,Electrónica,2511.37,3579,173,3406,20.69,USA,QRO-MQZ
4702,2026-05-18,2026-05-31,2026,5,1,13,1,4,80.5,816.26,10.14,Corregidora,Taller,13-ARN,Arneses,1454.25,4822,879,3943,5.49,México,QRO-MQZ
4703,2025-09-02,2025-09-09,2025,9,2,7,1,4,82.2,825.16,10.04,Querétaro,Distribuidor,16-SUS,Suspensión,2880.89,356,123,233,2.89,Alemania,QRO-CEL
4704,2026-05-07,2026-05-28,2026,5,4,21,1,15,125.9,1471.09,11.68,Celaya,Tier1,53-FRE,Frenos,818.13,4754,550,4204,8.64,USA,QRO-MQZ
4705,2026-05-19,2026-05-28,2026,5,2,9,1,3,280.2,3294.87,11.76,Querétaro,Tier1,24-SEN,Sensores,2113.06,4735,936,3799,5.06,Alemania,QRO-MQZ
4706,2026-05-17,2026-05-31,2026,5,0,14,1,5,155.4,1564.5,10.07,San Luis Potosí,Planta,98-FRE,Frenos,1762.7,3662,966,2696,3.79,USA,QRO-CEL
4707,2026-05-04,2026-05-26,2026,5,1,22,1,18,14.3,121.07,8.47,El Marqués,Taller,28-FRE,Frenos,2880.95,4135,830,3305,4.98,México,QRO-SJR
4708,2026-05-04,2026-05-31,2026,5,1,27,1,18,203.9,3907.73,19.16,Celaya,Distribuidor,59-ELE,Electrónica,3153.37,470,478,-8,0.98,México,QRO-CEL
4709,2025-02-04,2025-02-12,2025,2,2,8,1,5,319.3,3715.8,11.64,León,Taller,40-SUS,Suspensión,1400.65,52,574,-522,0.09,Alemania,QRO-SJR
4710,2025-09-03,2025-09-08,2025,9,3,5,1,2,62.6,857.74,13.7,San Luis Potosí,Tier1,84-ELE,Electrónica,4956.47,3359,709,2650,4.74,Alemania,QRO-CEL
4711,2021-09-24,2021-09-25,2021,9,5,1,0,0,143.7,2556.31,17.79,Celaya,Distribuidor,54-SEN,Sensores,2229.64,971,924,47,1.05,China,QRO-SLP
4712,2026-05-12,2026-05-13,2026,5,2,1,0,0,303.5,5398.26,17.79,Celaya,Distribuidor,69-SEN,Sensores,2210.85,4509,513,3996,8.79,China,QRO-MQZ
4713,2022-07-29,2022-08-05,2022,7,5,7,1,4,70.5,728.24,10.33,León,Taller,38-SEN,Sensores,3074.64,1377,629,748,2.19,México,QRO-MQZ
4714,2026-05-12,2026-05-25,2026,5,2,13,1,10,52,435.14,8.37,San Juan del Río,Planta,67-SEN,Sensores,1150.29,310,108,202,2.87,China,QRO-MQZ
4715,2026-05-25,2026-06-02,2026,5,1,8,0,0,27.1,281.82,10.4,Querétaro,Planta,45-SEN,Sensores,754.06,1135,113,1022,10.04,China,QRO-SJR
4716,2021-03-07,2021-03-10,2021,3,0,3,0,0,51.6,908.28,17.6,Corregidora,Tier1,22-SEN,Sensores,4518.66,3974,785,3189,5.06,Japón,QRO-CEL
4717,2021-02-27,2021-03-06,2021,2,6,7,1,4,86.4,956.37,11.07,San Luis Potosí,Planta,49-FRE,Frenos,163.61,2823,238,2585,11.86,México,QRO-SLP
4718,2026-05-07,2026-05-30,2026,5,4,23,1,15,331.4,6069.44,18.31,Querétaro,Planta,74-SUS,Suspensión,4557.16,415,619,-204,0.67,USA,QRO-MQZ
4719,2022-01-22,2022-01-30,2022,1,6,8,1,5,322.2,4012.3,12.45,San Juan del Río,Planta,22-ELE,Electrónica,4549.91,3883,821,3062,4.73,Alemania,QRO-CEL
4720,2026-05-24,2026-05-31,2026,5,0,7,0,0,228.2,3981.32,17.45,Querétaro,Distribuidor,61-ELE,Electrónica,1772.26,1011,456,555,2.22,China,QRO-MQZ
4721,2021-03-05,2021-03-07,2021,3,5,2,0,0,295,3789.41,12.85,León,Planta,81-ELE,Electrónica,140.61,1480,170,1310,8.71,Japón,QRO-CEL
4722,2025-09-30,2025-10-02,2025,9,2,2,0,0,184.7,2333.3,12.63,El Marqués,Taller,77-SEN,Sensores,2481.2,2143,179,1964,11.97,USA,QRO-SJR
4723,2026-04-27,2026-05-03,2026,4,1,6,1,3,310.1,2521.03,8.13,Corregidora,Distribuidor,26-SEN,Sensores,2283.16,2773,396,2377,7,Japón,QRO-SLP
4724,2021-04-14,2021-04-15,2021,4,3,1,0,0,285.2,3797.55,13.32,Corregidora,Tier1,47-ARN,Arneses,1524.78,2381,707,1674,3.37,Alemania,QRO-MQZ
4725,2026-05-02,2026-05-25,2026,5,6,23,1,20,331.2,3938.23,11.89,Querétaro,Tier1,57-SEN,Sensores,1514.51,438,789,-351,0.56,Japón,QRO-SLP
4726,2026-05-08,2026-05-29,2026,5,5,21,1,14,60.5,894.02,14.78,San Juan del Río,Planta,37-FRE,Frenos,4079.98,4495,915,3580,4.91,Japón,QRO-SJR
4727,2024-04-01,2024-04-03,2024,4,1,2,0,0,124.7,2341.78,18.78,El Marqués,Distribuidor,85-ELE,Electrónica,2849.32,3481,180,3301,19.34,México,QRO-SLP
4728,2024-04-11,2024-04-16,2024,4,4,5,1,2,119.4,1690.38,14.16,León,Planta,91-SEN,Sensores,4666.99,2159,152,2007,14.2,Alemania,QRO-MQZ
4729,2024-03-20,2024-03-27,2024,3,3,7,1,4,98.5,1820.08,18.48,Corregidora,Distribuidor,46-FRE,Frenos,3166.98,4682,146,4536,32.07,China,QRO-SLP
4730,2023-09-26,2023-09-27,2023,9,2,1,0,0,72.8,1023.89,14.06,Celaya,Tier1,59-SEN,Sensores,627.84,3969,671,3298,5.92,México,QRO-MQZ
4731,2024-10-30,2024-11-05,2024,10,3,6,1,3,266.2,2569.63,9.65,Corregidora,Taller,55-FRE,Frenos,3030.18,3583,896,2687,4,USA,QRO-MQZ
4732,2026-05-09,2026-05-26,2026,5,6,17,1,13,207.6,2754.71,13.27,Corregidora,Planta,82-ELE,Electrónica,4169.44,3032,267,2765,11.36,Japón,QRO-SLP
4733,2021-06-19,2021-06-23,2021,6,6,4,1,1,185.3,2158.44,11.65,San Luis Potosí,Taller,89-ELE,Electrónica,2876,159,938,-779,0.17,México,QRO-SLP
4734,2026-05-23,2026-05-31,2026,5,6,8,0,0,11.8,148.21,12.56,San Luis Potosí,Tier1,1-SUS,Suspensión,3019.89,3188,814,2374,3.92,Japón,QRO-SJR
4735,2022-12-03,2022-12-08,2022,12,6,5,1,2,183.6,1608.85,8.76,San Juan del Río,Tier1,93-SUS,Suspensión,251.29,694,704,-10,0.99,USA,QRO-CEL
4736,2026-05-19,2026-05-26,2026,5,2,7,1,3,168.5,1901.87,11.29,El Marqués,Tier1,23-SEN,Sensores,1056.26,3445,649,2796,5.31,Alemania,QRO-SJR
4737,2024-01-21,2024-01-29,2024,1,0,8,1,5,206.5,1812.71,8.78,Celaya,Tier1,34-ELE,Electrónica,4829.03,4110,965,3145,4.26,México,QRO-SJR
4738,2025-04-11,2025-04-18,2025,4,5,7,1,4,156.8,2331.78,14.87,El Marqués,Distribuidor,66-ELE,Electrónica,1657.94,1756,172,1584,10.21,Alemania,QRO-SJR
4739,2026-05-13,2026-05-31,2026,5,3,18,1,9,184.6,2933.97,15.89,Querétaro,Tier1,100-ARN,Arneses,1116.73,659,716,-57,0.92,Japón,QRO-MQZ
4740,2023-01-06,2023-01-13,2023,1,5,7,1,4,39.3,384.8,9.79,Querétaro,Distribuidor,33-FRE,Frenos,4635.35,4897,202,4695,24.24,USA,QRO-MQZ
4741,2026-05-23,2026-06-01,2026,5,6,9,0,0,265.7,4856.26,18.28,Celaya,Taller,25-ARN,Arneses,3915.2,4208,808,3400,5.21,Japón,QRO-SJR
4742,2023-04-18,2023-04-20,2023,4,2,2,0,0,155.8,1414.2,9.08,San Juan del Río,Tier1,74-SEN,Sensores,3564.35,956,699,257,1.37,Alemania,QRO-SLP
4743,2024-07-07,2024-07-13,2024,7,0,6,1,3,107.4,1429.01,13.31,Querétaro,Distribuidor,99-FRE,Frenos,4195.98,3122,126,2996,24.78,USA,QRO-SJR
4744,2026-05-10,2026-05-27,2026,5,0,17,1,12,230,3342.75,14.53,Celaya,Planta,42-ELE,Electrónica,3324.88,3038,963,2075,3.15,China,QRO-SJR
4745,2023-02-15,2023-02-21,2023,2,3,6,1,3,229,4020.31,17.56,Celaya,Distribuidor,85-SEN,Sensores,1521.2,2920,544,2376,5.37,Alemania,QRO-MQZ
4746,2022-02-25,2022-02-26,2022,2,5,1,0,0,43,741.76,17.25,León,Planta,55-FRE,Frenos,3030.18,3583,896,2687,4,USA,QRO-SJR
4747,2021-12-08,2021-12-10,2021,12,3,2,0,0,327.9,4595.7,14.02,León,Tier1,69-SUS,Suspensión,2311.07,1018,914,104,1.11,USA,QRO-SJR
4748,2024-08-18,2024-08-24,2024,8,0,6,1,3,269.7,3312.54,12.28,Celaya,Tier1,67-ARN,Arneses,250.33,2392,600,1792,3.99,China,QRO-SLP
4749,2023-12-22,2023-12-25,2023,12,5,3,0,0,321.4,4483.58,13.95,Corregidora,Distribuidor,76-SEN,Sensores,3690.33,3173,898,2275,3.53,Alemania,QRO-MQZ
4750,2026-05-06,2026-05-30,2026,5,3,24,1,16,297.6,2721.45,9.14,El Marqués,Taller,24-SUS,Suspensión,712.49,4064,852,3212,4.77,USA,QRO-SLP
4751,2026-05-25,2026-05-27,2026,5,1,2,0,0,279.2,3237.76,11.6,Querétaro,Tier1,80-SEN,Sensores,4961.03,2089,880,1209,2.37,Alemania,QRO-MQZ
4752,2026-05-24,2026-05-31,2026,5,0,7,0,0,254.3,4314.33,16.97,Corregidora,Distribuidor,95-FRE,Frenos,4724.44,71,925,-854,0.08,México,QRO-SJR
4753,2026-05-22,2026-06-02,2026,5,5,11,0,0,110.4,1268.47,11.49,Celaya,Distribuidor,37-FRE,Frenos,4079.98,4495,915,3580,4.91,México,QRO-SLP
4754,2024-04-09,2024-04-10,2024,4,2,1,0,0,220,3089.75,14.04,Querétaro,Tier1,31-FRE,Frenos,259.79,2493,478,2015,5.22,Japón,QRO-SJR
4755,2024-01-16,2024-01-22,2024,1,2,6,1,3,143.1,2842.32,19.86,Celaya,Distribuidor,39-SUS,Suspensión,3757.25,1049,806,243,1.3,Alemania,QRO-SJR
4756,2023-02-19,2023-02-20,2023,2,0,1,0,0,280.6,4660.24,16.61,Corregidora,Distribuidor,75-FRE,Frenos,2586.79,1278,749,529,1.71,USA,QRO-SJR
4757,2022-09-19,2022-09-23,2022,9,1,4,1,1,29.3,497.42,16.98,San Juan del Río,Planta,81-SEN,Sensores,3476.55,1073,855,218,1.25,Alemania,QRO-SJR
4758,2026-05-18,2026-05-29,2026,5,1,11,1,4,197.1,3737.66,18.96,Querétaro,Tier1,81-SUS,Suspensión,2394.84,4181,399,3782,10.48,Japón,QRO-CEL
4759,2026-05-14,2026-05-29,2026,5,4,15,1,8,165.7,1402.29,8.46,Querétaro,Tier1,63-ELE,Electrónica,3510.2,1454,755,699,1.93,China,QRO-MQZ
4760,2021-06-27,2021-06-28,2021,6,0,1,0,0,24.8,372.34,15.01,San Luis Potosí,Tier1,22-SEN,Sensores,4518.66,3974,785,3189,5.06,Alemania,QRO-SJR
4761,2026-05-02,2026-05-26,2026,5,6,24,1,20,169.8,2795.98,16.47,San Juan del Río,Tier1,78-ELE,Electrónica,2160.49,2923,533,2390,5.48,Alemania,QRO-MQZ
4762,2026-05-16,2026-05-26,2026,5,6,10,1,6,129.6,1104.75,8.52,El Marqués,Tier1,79-SUS,Suspensión,2432.97,670,354,316,1.89,México,QRO-SLP
4763,2022-04-12,2022-04-19,2022,4,2,7,1,4,246.9,4177.41,16.92,San Luis Potosí,Tier1,99-FRE,Frenos,4195.98,3122,126,2996,24.78,Japón,QRO-CEL
4764,2021-02-27,2021-03-07,2021,2,6,8,1,5,133.5,2071.94,15.52,Querétaro,Planta,22-ARN,Arneses,4301.5,1604,436,1168,3.68,USA,QRO-SJR
4765,2022-04-02,2022-04-08,2022,4,6,6,1,3,142,1804.73,12.71,Querétaro,Distribuidor,3-ELE,Electrónica,4739.2,4636,173,4463,26.8,China,QRO-SLP
4766,2026-05-24,2026-05-31,2026,5,0,7,0,0,134.3,2402.8,17.89,Celaya,Tier1,60-ARN,Arneses,4406.3,1,551,-550,0,USA,QRO-CEL
4767,2024-10-15,2024-10-20,2024,10,2,5,1,2,221,3130.67,14.17,Querétaro,Planta,51-FRE,Frenos,1270.56,3380,623,2757,5.43,Japón,QRO-CEL
4768,2024-08-21,2024-08-29,2024,8,3,8,1,5,339.5,3403.26,10.02,Querétaro,Tier1,90-FRE,Frenos,2310.29,1160,815,345,1.42,USA,QRO-MQZ
4769,2024-03-31,2024-04-01,2024,3,0,1,0,0,337.9,3492.32,10.34,Corregidora,Distribuidor,64-ELE,Electrónica,4488.81,2018,103,1915,19.59,China,QRO-MQZ
4770,2026-05-01,2026-06-01,2026,5,5,31,1,21,310.8,5386.01,17.33,El Marqués,Taller,8-ARN,Arneses,3605.24,2185,615,1570,3.55,China,QRO-SLP
4771,2026-05-05,2026-05-28,2026,5,2,23,1,17,276.4,2636.29,9.54,León,Taller,88-ARN,Arneses,4573.3,1325,367,958,3.61,México,QRO-CEL
4772,2021-06-14,2021-06-18,2021,6,1,4,1,1,142.6,2487.1,17.44,El Marqués,Tier1,82-SEN,Sensores,1389.69,82,257,-175,0.32,Japón,QRO-CEL
4773,2021-12-20,2021-12-23,2021,12,1,3,0,0,315.7,5981.92,18.95,San Juan del Río,Planta,55-SUS,Suspensión,105.27,1887,966,921,1.95,México,QRO-MQZ
4774,2026-01-07,2026-01-15,2026,1,3,8,1,5,112.8,1919.32,17.02,San Luis Potosí,Planta,81-FRE,Frenos,857.33,1893,403,1490,4.7,Alemania,QRO-CEL
4775,2021-09-01,2021-09-09,2021,9,3,8,1,5,247.4,2709.25,10.95,Corregidora,Planta,28-SEN,Sensores,1818.54,4432,701,3731,6.32,Japón,QRO-MQZ
4776,2022-04-14,2022-04-16,2022,4,4,2,0,0,342.5,4146.48,12.11,San Juan del Río,Tier1,79-ELE,Electrónica,359.85,133,141,-8,0.94,México,QRO-MQZ
4777,2022-08-05,2022-08-11,2022,8,5,6,1,3,212.1,3756.75,17.71,Corregidora,Distribuidor,14-ELE,Electrónica,1218.61,173,107,66,1.62,USA,QRO-CEL
4778,2026-05-12,2026-06-01,2026,5,2,20,1,10,144.6,2646.1,18.3,Corregidora,Tier1,70-SEN,Sensores,1991.74,2888,241,2647,11.98,México,QRO-MQZ
4779,2026-05-18,2026-05-28,2026,5,1,10,1,4,37.8,659.28,17.44,León,Tier1,90-SEN,Sensores,2337.67,4635,431,4204,10.75,Alemania,QRO-CEL
4780,2026-05-12,2026-05-25,2026,5,2,13,1,10,132.5,1751.19,13.22,Celaya,Planta,77-ELE,Electrónica,761.01,3401,523,2878,6.5,China,QRO-CEL
4781,2022-10-20,2022-10-24,2022,10,4,4,1,1,20.4,215.77,10.58,Querétaro,Planta,100-ARN,Arneses,1116.73,659,716,-57,0.92,USA,QRO-SLP
4782,2024-11-14,2024-11-21,2024,11,4,7,1,4,194.7,3280.59,16.85,El Marqués,Taller,12-SUS,Suspensión,2011.59,4865,386,4479,12.6,Alemania,QRO-MQZ
4783,2026-05-25,2026-06-05,2026,5,1,11,0,0,57.3,623.14,10.88,Querétaro,Tier1,18-FRE,Frenos,2478.97,2322,407,1915,5.71,Japón,QRO-CEL
4784,2026-01-15,2026-01-23,2026,1,4,8,1,5,55.6,761.88,13.7,León,Tier1,50-ELE,Electrónica,3253.74,3790,410,3380,9.24,México,QRO-SLP
4785,2026-05-14,2026-05-27,2026,5,4,13,1,8,153.5,2391.78,15.58,El Marqués,Taller,84-FRE,Frenos,3127.21,853,327,526,2.61,China,QRO-SLP
4786,2026-05-07,2026-05-29,2026,5,4,22,1,15,203.1,2913.89,14.35,León,Taller,98-SEN,Sensores,2084.79,1561,258,1303,6.05,USA,QRO-CEL
4787,2026-05-23,2026-05-25,2026,5,6,2,0,0,114.4,998.67,8.73,San Luis Potosí,Planta,88-ARN,Arneses,4573.3,1325,367,958,3.61,Japón,QRO-SLP
4788,2023-02-19,2023-02-23,2023,2,0,4,1,1,88.1,1093.85,12.42,Querétaro,Tier1,59-FRE,Frenos,254.95,2883,557,2326,5.18,México,QRO-CEL
4789,2026-05-17,2026-05-27,2026,5,0,10,1,5,253.5,4958.05,19.56,San Juan del Río,Taller,24-FRE,Frenos,3167.6,1248,407,841,3.07,México,QRO-SLP
4790,2025-05-19,2025-05-20,2025,5,1,1,0,0,297.7,5624.31,18.89,El Marqués,Taller,29-SUS,Suspensión,2268.03,800,134,666,5.97,USA,QRO-MQZ
4791,2026-05-24,2026-06-03,2026,5,0,10,0,0,18.3,329.26,17.99,Celaya,Tier1,64-SUS,Suspensión,4312.74,583,450,133,1.3,Alemania,QRO-MQZ
4792,2025-02-22,2025-02-27,2025,2,6,5,1,2,106.9,1515.11,14.17,Corregidora,Distribuidor,31-FRE,Frenos,259.79,2493,478,2015,5.22,China,QRO-SJR
4793,2024-01-18,2024-01-25,2024,1,4,7,1,4,185.3,2682.44,14.48,Celaya,Distribuidor,93-ARN,Arneses,4982.78,4849,464,4385,10.45,USA,QRO-CEL
4794,2022-03-04,2022-03-09,2022,3,5,5,1,2,36.4,502.24,13.8,El Marqués,Taller,11-SEN,Sensores,1039.42,4283,144,4139,29.74,Alemania,QRO-CEL
4795,2022-06-22,2022-06-26,2022,6,3,4,1,1,158.8,2968.86,18.7,El Marqués,Taller,22-SUS,Suspensión,895.84,3847,874,2973,4.4,China,QRO-SJR
4796,2021-11-25,2021-11-28,2021,11,4,3,0,0,143.5,1535.02,10.7,El Marqués,Taller,13-ELE,Electrónica,1731.24,4181,159,4022,26.3,USA,QRO-SLP
4797,2026-03-16,2026-03-22,2026,3,1,6,1,3,171.4,1389.55,8.11,Querétaro,Tier1,3-ELE,Electrónica,4739.2,4636,173,4463,26.8,USA,QRO-MQZ
4798,2026-05-15,2026-05-25,2026,5,5,10,1,7,271,4522.25,16.69,San Luis Potosí,Tier1,20-FRE,Frenos,3362.99,3735,334,3401,11.18,China,QRO-CEL
4799,2025-01-12,2025-01-14,2025,1,0,2,0,0,10.2,168.38,16.51,Celaya,Distribuidor,1-ELE,Electrónica,4919.31,1189,945,244,1.26,China,QRO-SJR
4800,2026-05-18,2026-05-29,2026,5,1,11,1,4,137.8,2481.92,18.01,El Marqués,Taller,25-SEN,Sensores,4979.92,3606,752,2854,4.8,China,QRO-SJR
4801,2024-07-22,2024-07-27,2024,7,1,5,1,2,200.8,1862.37,9.27,Corregidora,Planta,71-SUS,Suspensión,1916.47,1253,659,594,1.9,USA,QRO-SJR
4802,2026-05-07,2026-05-25,2026,5,4,18,1,15,281.4,5251.07,18.66,León,Tier1,45-FRE,Frenos,1728.34,1258,154,1104,8.17,Alemania,QRO-SLP
4803,2026-05-23,2026-05-27,2026,5,6,4,0,0,114,1340.83,11.76,Corregidora,Tier1,72-ARN,Arneses,3783.02,2196,705,1491,3.11,Japón,QRO-SLP
4804,2026-05-10,2026-05-26,2026,5,0,16,1,12,12,98.42,8.2,Querétaro,Distribuidor,44-ELE,Electrónica,1705.75,4295,341,3954,12.6,Japón,QRO-CEL
4805,2022-04-15,2022-04-18,2022,4,5,3,0,0,38.5,690.61,17.94,León,Taller,22-ARN,Arneses,4301.5,1604,436,1168,3.68,Alemania,QRO-SLP
4806,2026-05-15,2026-06-01,2026,5,5,17,1,7,139.9,1568.87,11.21,San Juan del Río,Tier1,32-SUS,Suspensión,4111.1,4658,655,4003,7.11,México,QRO-SLP
4807,2026-05-02,2026-05-25,2026,5,6,23,1,20,35,530.32,15.15,Celaya,Distribuidor,32-FRE,Frenos,1130.95,2420,760,1660,3.18,China,QRO-SJR
4808,2024-07-31,2024-08-01,2024,7,3,1,0,0,312.1,3784.53,12.13,Celaya,Planta,84-SEN,Sensores,3879.48,1645,209,1436,7.87,Alemania,QRO-SJR
4809,2026-05-06,2026-06-01,2026,5,3,26,1,16,106,1786.97,16.86,El Marqués,Taller,15-FRE,Frenos,886.52,1011,947,64,1.07,Alemania,QRO-SJR
4810,2022-09-28,2022-10-03,2022,9,3,5,1,2,71.9,689.35,9.59,San Juan del Río,Planta,5-FRE,Frenos,3547.92,1323,978,345,1.35,Japón,QRO-SLP
4811,2025-01-25,2025-01-30,2025,1,6,5,1,2,340.8,6741,19.78,San Luis Potosí,Tier1,3-SEN,Sensores,523.6,1191,770,421,1.55,USA,QRO-SLP
4812,2025-07-08,2025-07-15,2025,7,2,7,1,4,266.2,4934.22,18.54,Celaya,Distribuidor,22-ELE,Electrónica,4549.91,3883,821,3062,4.73,Japón,QRO-SJR
4813,2026-05-03,2026-05-31,2026,5,0,28,1,19,254.3,4223.77,16.61,Celaya,Distribuidor,12-ARN,Arneses,4577.37,1662,429,1233,3.87,China,QRO-SLP
4814,2021-06-19,2021-06-27,2021,6,6,8,1,5,295.2,4728.06,16.02,León,Taller,52-ELE,Electrónica,4788.22,421,203,218,2.07,Alemania,QRO-SLP
4815,2026-05-22,2026-05-31,2026,5,5,9,0,0,189.1,2110.63,11.16,León,Tier1,53-ELE,Electrónica,2503.62,2992,933,2059,3.21,México,QRO-SLP
4816,2026-05-04,2026-06-01,2026,5,1,28,1,18,180.9,3572.56,19.75,Querétaro,Distribuidor,72-FRE,Frenos,2982.1,4614,609,4005,7.58,China,QRO-SLP
4817,2025-06-19,2025-06-24,2025,6,4,5,1,2,181.1,3288.8,18.16,San Luis Potosí,Distribuidor,49-ARN,Arneses,412.82,3527,162,3365,21.77,USA,QRO-MQZ
4818,2023-10-17,2023-10-22,2023,10,2,5,1,2,103.4,1626.8,15.73,El Marqués,Tier1,18-SUS,Suspensión,340.23,926,375,551,2.47,Alemania,QRO-SJR
4819,2024-05-16,2024-05-22,2024,5,4,6,1,3,162.1,2713.13,16.74,Corregidora,Distribuidor,9-ELE,Electrónica,3081.81,4325,472,3853,9.16,México,QRO-SLP
4820,2026-05-23,2026-06-01,2026,5,6,9,0,0,187,2607.11,13.94,Corregidora,Tier1,67-FRE,Frenos,2570.48,1579,719,860,2.2,China,QRO-MQZ
4821,2024-09-15,2024-09-18,2024,9,0,3,0,0,269.2,3287.18,12.21,Querétaro,Tier1,87-ARN,Arneses,4993.62,4977,367,4610,13.56,Alemania,QRO-SJR
4822,2022-03-26,2022-03-29,2022,3,6,3,0,0,247.2,3595.18,14.54,Corregidora,Distribuidor,38-SEN,Sensores,3074.64,1377,629,748,2.19,Japón,QRO-SLP
4823,2026-05-18,2026-05-26,2026,5,1,8,1,4,143.4,2111.87,14.73,León,Planta,83-FRE,Frenos,4864.67,2926,560,2366,5.22,Alemania,QRO-SLP
4824,2023-04-10,2023-04-13,2023,4,1,3,0,0,240.9,3287.37,13.65,San Luis Potosí,Taller,87-SUS,Suspensión,2152.64,3435,242,3193,14.19,Alemania,QRO-MQZ
4825,2023-01-08,2023-01-15,2023,1,0,7,1,4,57.5,660.12,11.48,Querétaro,Planta,7-FRE,Frenos,3386.88,9,821,-812,0.01,China,QRO-CEL
4826,2026-05-23,2026-06-03,2026,5,6,11,0,0,189.4,3495.7,18.46,San Juan del Río,Tier1,94-SEN,Sensores,3460.4,1180,938,242,1.26,USA,QRO-SLP
4827,2022-09-11,2022-09-17,2022,9,0,6,1,3,140.3,2061.12,14.69,Querétaro,Planta,93-FRE,Frenos,3588.35,4289,128,4161,33.51,China,QRO-MQZ
4828,2026-05-24,2026-06-01,2026,5,0,8,0,0,126.4,1618.99,12.81,Querétaro,Distribuidor,62-ARN,Arneses,3503.43,704,326,378,2.16,USA,QRO-SLP
4829,2024-11-25,2024-11-26,2024,11,1,1,0,0,188.7,1856.61,9.84,Querétaro,Tier1,81-SUS,Suspensión,2394.84,4181,399,3782,10.48,USA,QRO-CEL
4830,2024-05-19,2024-05-23,2024,5,0,4,1,1,221.6,3891.45,17.56,Corregidora,Distribuidor,37-SEN,Sensores,3969.15,3602,841,2761,4.28,USA,QRO-MQZ
4831,2022-06-28,2022-07-01,2022,6,2,3,0,0,162.5,1948.06,11.99,Querétaro,Planta,48-ELE,Electrónica,2929.89,2314,767,1547,3.02,México,QRO-SLP
4832,2024-07-08,2024-07-10,2024,7,1,2,0,0,39.6,474.72,11.99,Querétaro,Distribuidor,93-SUS,Suspensión,251.29,694,704,-10,0.99,Japón,QRO-SJR
4833,2025-06-18,2025-06-20,2025,6,3,2,0,0,271.9,2494.38,9.17,Querétaro,Tier1,10-SEN,Sensores,4186.41,1042,960,82,1.09,Alemania,QRO-CEL
4834,2024-07-26,2024-08-03,2024,7,5,8,1,5,65.3,1183.06,18.12,El Marqués,Tier1,33-SEN,Sensores,4299.55,4446,746,3700,5.96,México,QRO-SLP
4835,2024-11-05,2024-11-09,2024,11,2,4,1,1,212.4,1779.67,8.38,Corregidora,Distribuidor,66-ARN,Arneses,3511.95,1519,764,755,1.99,México,QRO-MQZ
4836,2025-03-06,2025-03-10,2025,3,4,4,1,1,217.8,3754.78,17.24,Celaya,Tier1,55-SEN,Sensores,431.65,4262,586,3676,7.27,Alemania,QRO-SJR
4837,2025-11-09,2025-11-16,2025,11,0,7,1,4,54.7,1058.32,19.35,Corregidora,Planta,44-ARN,Arneses,4310.1,1228,335,893,3.67,USA,QRO-CEL
4838,2024-05-13,2024-05-15,2024,5,1,2,0,0,134.2,2604.58,19.41,Querétaro,Planta,47-FRE,Frenos,1952.37,1312,523,789,2.51,China,QRO-CEL
4839,2022-06-15,2022-06-16,2022,6,3,1,0,0,135,2609.14,19.33,Corregidora,Taller,64-ELE,Electrónica,4488.81,2018,103,1915,19.59,Japón,QRO-SJR
4840,2026-05-12,2026-05-27,2026,5,2,15,1,10,50.7,500.5,9.87,Querétaro,Planta,75-ELE,Electrónica,216.11,4758,831,3927,5.73,Alemania,QRO-MQZ
4841,2025-03-17,2025-03-18,2025,3,1,1,0,0,329.7,5685.75,17.25,Querétaro,Planta,27-SUS,Suspensión,4748.31,2962,518,2444,5.72,México,QRO-SJR
4842,2025-05-05,2025-05-12,2025,5,1,7,1,4,65.2,891.88,13.68,León,Tier1,11-ARN,Arneses,4060.25,1703,426,1277,4,USA,QRO-MQZ
4843,2025-06-20,2025-06-22,2025,6,5,2,0,0,259,2379.92,9.19,El Marqués,Planta,48-SEN,Sensores,2080.46,31,818,-787,0.04,Japón,QRO-SLP
4844,2024-07-04,2024-07-12,2024,7,4,8,1,5,163.8,2823.5,17.24,León,Tier1,42-SUS,Suspensión,1516.88,2245,576,1669,3.9,Alemania,QRO-SJR
4845,2026-05-12,2026-05-28,2026,5,2,16,1,10,285.4,4357.83,15.27,San Luis Potosí,Planta,56-ARN,Arneses,1558.68,1866,703,1163,2.65,México,QRO-MQZ
4846,2022-08-19,2022-08-27,2022,8,5,8,1,5,226.4,3027.17,13.37,León,Taller,94-ARN,Arneses,584.4,1245,705,540,1.77,Alemania,QRO-MQZ
4847,2026-01-13,2026-01-18,2026,1,2,5,1,2,38.3,442.43,11.55,San Juan del Río,Tier1,36-SUS,Suspensión,787.36,3511,115,3396,30.53,USA,QRO-SLP
4848,2021-02-11,2021-02-12,2021,2,4,1,0,0,43.9,455.46,10.37,Celaya,Distribuidor,66-SEN,Sensores,2796.85,2735,811,1924,3.37,Alemania,QRO-MQZ
4849,2026-05-04,2026-05-30,2026,5,1,26,1,18,154.2,2689.1,17.44,León,Taller,23-ELE,Electrónica,1997.95,1627,354,1273,4.6,Japón,QRO-SJR
4850,2025-04-24,2025-04-30,2025,4,4,6,1,3,94.5,1368.22,14.48,Corregidora,Planta,63-ARN,Arneses,1644.88,31,820,-789,0.04,USA,QRO-MQZ
4851,2022-05-18,2022-05-26,2022,5,3,8,1,5,249.8,2896.74,11.6,León,Tier1,39-ARN,Arneses,1573.02,936,723,213,1.29,China,QRO-SLP
4852,2025-08-16,2025-08-18,2025,8,6,2,0,0,95,1790.54,18.85,Querétaro,Tier1,13-SUS,Suspensión,186.07,4142,666,3476,6.22,Japón,QRO-SJR
4853,2021-06-03,2021-06-11,2021,6,4,8,1,5,31.5,422.07,13.4,San Luis Potosí,Tier1,14-ELE,Electrónica,1218.61,173,107,66,1.62,USA,QRO-MQZ
4854,2026-05-18,2026-05-29,2026,5,1,11,1,4,280.8,4283.48,15.25,Corregidora,Distribuidor,99-SUS,Suspensión,1768.31,3450,251,3199,13.75,Japón,QRO-SLP
4855,2023-09-25,2023-10-01,2023,9,1,6,1,3,321,3701.78,11.53,El Marqués,Taller,28-SUS,Suspensión,2679.89,2559,178,2381,14.38,México,QRO-SLP
4856,2024-03-10,2024-03-11,2024,3,0,1,0,0,128.5,2079.3,16.18,San Juan del Río,Planta,41-SUS,Suspensión,754.34,4179,350,3829,11.94,Alemania,QRO-SJR
4857,2026-03-02,2026-03-09,2026,3,1,7,1,4,216.2,2414.52,11.17,San Juan del Río,Tier1,54-SUS,Suspensión,456.95,529,846,-317,0.63,China,QRO-CEL
4858,2026-05-04,2026-05-28,2026,5,1,24,1,18,91.3,1204.35,13.19,El Marqués,Tier1,81-ELE,Electrónica,140.61,1480,170,1310,8.71,China,QRO-MQZ
4859,2023-12-20,2023-12-22,2023,12,3,2,0,0,110.7,1604.52,14.49,El Marqués,Planta,15-SEN,Sensores,4743.16,142,448,-306,0.32,China,QRO-CEL
4860,2026-05-06,2026-05-28,2026,5,3,22,1,16,233.2,3695.11,15.85,San Juan del Río,Taller,35-SUS,Suspensión,3998.45,2100,715,1385,2.94,México,QRO-SLP
4861,2023-11-20,2023-11-21,2023,11,1,1,0,0,285.4,4341.47,15.21,Querétaro,Tier1,47-ELE,Electrónica,129.58,3309,950,2359,3.48,Alemania,QRO-SJR
4862,2026-02-14,2026-02-15,2026,2,6,1,0,0,300.9,5790.43,19.24,El Marqués,Taller,78-ELE,Electrónica,2160.49,2923,533,2390,5.48,USA,QRO-MQZ
4863,2022-01-07,2022-01-10,2022,1,5,3,0,0,78.1,1196.6,15.32,Querétaro,Distribuidor,13-SEN,Sensores,1929.65,2670,406,2264,6.58,Japón,QRO-CEL
4864,2023-11-21,2023-11-28,2023,11,2,7,1,4,242.4,2685.45,11.08,San Juan del Río,Taller,37-ARN,Arneses,1422.73,3772,947,2825,3.98,Alemania,QRO-SLP
4865,2026-05-19,2026-05-31,2026,5,2,12,1,3,84,1560.34,18.58,Corregidora,Planta,97-SUS,Suspensión,3611.27,2315,112,2203,20.67,China,QRO-CEL
4866,2026-05-23,2026-05-29,2026,5,6,6,0,0,42.7,733.92,17.19,Querétaro,Taller,18-ELE,Electrónica,3808.96,3955,122,3833,32.42,México,QRO-CEL
4867,2026-05-05,2026-06-01,2026,5,2,27,1,17,115,1302.67,11.33,Corregidora,Planta,33-ELE,Electrónica,3571.92,3016,937,2079,3.22,México,QRO-CEL
4868,2021-02-22,2021-03-01,2021,2,1,7,1,4,163.9,2469.3,15.07,Corregidora,Taller,39-ELE,Electrónica,2379.6,1533,174,1359,8.81,México,QRO-MQZ
4869,2026-03-13,2026-03-17,2026,3,5,4,1,1,50.5,416.67,8.25,San Luis Potosí,Tier1,24-FRE,Frenos,3167.6,1248,407,841,3.07,México,QRO-MQZ
4870,2022-01-04,2022-01-10,2022,1,2,6,1,3,193.1,2749.58,14.24,San Juan del Río,Planta,25-SUS,Suspensión,2863.6,1207,249,958,4.85,Japón,QRO-SLP
4871,2026-05-23,2026-06-01,2026,5,6,9,0,0,245,3281.2,13.39,Celaya,Taller,38-SEN,Sensores,3074.64,1377,629,748,2.19,China,QRO-CEL
4872,2023-05-05,2023-05-07,2023,5,5,2,0,0,259.2,4266.97,16.46,San Juan del Río,Taller,52-ARN,Arneses,4854.61,3039,358,2681,8.49,Alemania,QRO-SLP
4873,2022-12-08,2022-12-16,2022,12,4,8,1,5,14.7,292.71,19.91,Querétaro,Tier1,41-ELE,Electrónica,4687.71,920,702,218,1.31,USA,QRO-CEL
4874,2022-06-02,2022-06-06,2022,6,4,4,1,1,38.4,398.78,10.38,San Luis Potosí,Taller,57-SEN,Sensores,1514.51,438,789,-351,0.56,China,QRO-MQZ
4875,2026-05-06,2026-05-30,2026,5,3,24,1,16,349.1,5881.96,16.85,León,Tier1,29-ARN,Arneses,4197.3,2125,821,1304,2.59,USA,QRO-SLP
4876,2026-05-25,2026-06-03,2026,5,1,9,0,0,143.3,2560.91,17.87,León,Tier1,67-SUS,Suspensión,2907.17,4550,308,4242,14.77,México,QRO-MQZ
4877,2021-03-20,2021-03-28,2021,3,6,8,1,5,94.5,891.02,9.43,Celaya,Distribuidor,69-SUS,Suspensión,2311.07,1018,914,104,1.11,China,QRO-SLP
4878,2023-04-04,2023-04-10,2023,4,2,6,1,3,92.2,841.72,9.13,Querétaro,Distribuidor,63-SUS,Suspensión,3993.5,2133,790,1343,2.7,México,QRO-SJR
4879,2023-02-27,2023-03-02,2023,2,1,3,0,0,270,2283.79,8.46,León,Planta,100-SUS,Suspensión,4542.37,1415,190,1225,7.45,Alemania,QRO-SJR
4880,2026-05-01,2026-05-30,2026,5,5,29,1,21,25.4,235.73,9.28,El Marqués,Taller,70-ARN,Arneses,1874.06,2106,688,1418,3.06,USA,QRO-MQZ
4881,2026-05-09,2026-05-28,2026,5,6,19,1,13,70.4,1404.19,19.95,Corregidora,Tier1,43-ELE,Electrónica,2094.4,1745,174,1571,10.03,Japón,QRO-CEL
4882,2026-05-24,2026-05-31,2026,5,0,7,0,0,298.6,3548.46,11.88,Corregidora,Planta,23-FRE,Frenos,3759.37,4902,886,4016,5.53,Japón,QRO-MQZ
4883,2022-06-12,2022-06-16,2022,6,0,4,1,1,248.1,2772.39,11.17,Celaya,Tier1,48-ARN,Arneses,4531.54,4813,716,4097,6.72,Alemania,QRO-SLP
4884,2021-03-16,2021-03-23,2021,3,2,7,1,4,283.1,5091.6,17.99,León,Tier1,54-FRE,Frenos,2428.99,2196,677,1519,3.24,China,QRO-MQZ
4885,2023-09-21,2023-09-28,2023,9,4,7,1,4,278.6,3801.92,13.65,León,Taller,34-ELE,Electrónica,4829.03,4110,965,3145,4.26,México,QRO-SLP
4886,2026-05-03,2026-06-01,2026,5,0,29,1,19,234,1951.33,8.34,Celaya,Planta,63-FRE,Frenos,2548.55,2094,709,1385,2.95,China,QRO-SJR
4887,2026-05-24,2026-06-01,2026,5,0,8,0,0,47.9,624.2,13.03,El Marqués,Tier1,17-ARN,Arneses,1311.09,4802,363,4439,13.23,China,QRO-CEL
4888,2026-05-17,2026-05-30,2026,5,0,13,1,5,273.2,3256.2,11.92,San Luis Potosí,Tier1,61-ELE,Electrónica,1772.26,1011,456,555,2.22,Alemania,QRO-CEL
4889,2024-12-13,2024-12-20,2024,12,5,7,1,4,57.9,1131.8,19.55,Corregidora,Distribuidor,60-SEN,Sensores,4618.25,4938,354,4584,13.95,México,QRO-SLP
4890,2026-02-15,2026-02-22,2026,2,0,7,1,4,303.4,4937.22,16.27,Querétaro,Tier1,37-ELE,Electrónica,3241.13,791,710,81,1.11,China,QRO-MQZ
4891,2026-05-15,2026-05-26,2026,5,5,11,1,7,85.5,1022.61,11.96,Corregidora,Planta,41-ELE,Electrónica,4687.71,920,702,218,1.31,USA,QRO-SJR
4892,2025-03-29,2025-04-02,2025,3,6,4,1,1,226,2812.17,12.44,León,Planta,63-FRE,Frenos,2548.55,2094,709,1385,2.95,Japón,QRO-CEL
4893,2024-11-13,2024-11-15,2024,11,3,2,0,0,232.5,3037.56,13.06,Celaya,Tier1,49-ARN,Arneses,412.82,3527,162,3365,21.77,México,QRO-SJR
4894,2022-03-24,2022-03-28,2022,3,4,4,1,1,266.9,3556.37,13.32,El Marqués,Planta,80-FRE,Frenos,1456.89,1654,528,1126,3.13,Japón,QRO-SJR
4895,2022-04-24,2022-04-26,2022,4,0,2,0,0,58.7,949.97,16.18,San Luis Potosí,Tier1,61-ELE,Electrónica,1772.26,1011,456,555,2.22,China,QRO-SJR
4896,2023-11-09,2023-11-10,2023,11,4,1,0,0,53.5,806.25,15.07,Querétaro,Tier1,7-ARN,Arneses,2965.42,1199,206,993,5.82,USA,QRO-SLP
4897,2026-05-23,2026-05-27,2026,5,6,4,0,0,111,1201.47,10.82,San Juan del Río,Taller,42-ARN,Arneses,4312.83,3536,833,2703,4.24,Japón,QRO-SLP
4898,2026-05-10,2026-05-31,2026,5,0,21,1,12,344.4,5100.73,14.81,Querétaro,Distribuidor,79-SEN,Sensores,3466.99,835,695,140,1.2,Alemania,QRO-SLP
4899,2022-11-11,2022-11-16,2022,11,5,5,1,2,297.6,2665.25,8.96,León,Tier1,19-SEN,Sensores,1116.53,4535,959,3576,4.73,Alemania,QRO-SJR
4900,2026-05-25,2026-06-08,2026,5,1,14,0,0,72.4,710.1,9.81,San Juan del Río,Tier1,87-FRE,Frenos,4868.31,520,545,-25,0.95,Alemania,QRO-CEL
4901,2026-05-08,2026-05-31,2026,5,5,23,1,14,184.3,2110.13,11.45,Celaya,Planta,77-SEN,Sensores,2481.2,2143,179,1964,11.97,China,QRO-CEL
4902,2023-03-10,2023-03-17,2023,3,5,7,1,4,333.8,5085.63,15.24,Corregidora,Distribuidor,9-FRE,Frenos,366.33,1374,473,901,2.9,México,QRO-MQZ
4903,2025-09-13,2025-09-14,2025,9,6,1,0,0,132.6,1064.98,8.03,León,Tier1,5-ARN,Arneses,2099.43,479,838,-359,0.57,Alemania,QRO-SLP
4904,2023-04-22,2023-04-27,2023,4,6,5,1,2,35.3,466.32,13.21,Celaya,Distribuidor,26-FRE,Frenos,4994.24,4421,624,3797,7.08,China,QRO-SJR
4905,2023-03-30,2023-04-07,2023,3,4,8,1,5,55.8,689.73,12.36,Querétaro,Distribuidor,24-SEN,Sensores,2113.06,4735,936,3799,5.06,Japón,QRO-MQZ
4906,2026-05-14,2026-06-01,2026,5,4,18,1,8,322.2,5856.55,18.18,San Juan del Río,Tier1,91-SUS,Suspensión,3680.26,3837,791,3046,4.85,Alemania,QRO-SJR
4907,2025-07-17,2025-07-22,2025,7,4,5,1,2,217.2,3712.16,17.09,Celaya,Distribuidor,86-SUS,Suspensión,1070.24,3068,901,2167,3.41,México,QRO-SJR
4908,2022-10-16,2022-10-23,2022,10,0,7,1,4,71.7,912.51,12.73,Celaya,Distribuidor,30-FRE,Frenos,2601.88,1085,192,893,5.65,México,QRO-SLP
4909,2022-05-21,2022-05-23,2022,5,6,2,0,0,248.4,4167.42,16.78,Corregidora,Tier1,54-SUS,Suspensión,456.95,529,846,-317,0.63,México,QRO-SJR
4910,2026-05-23,2026-05-31,2026,5,6,8,0,0,64.9,969.29,14.94,El Marqués,Tier1,25-SUS,Suspensión,2863.6,1207,249,958,4.85,China,QRO-SLP
4911,2022-10-14,2022-10-15,2022,10,5,1,0,0,263.5,3885.33,14.75,El Marqués,Taller,12-ELE,Electrónica,2050.98,4806,509,4297,9.44,México,QRO-CEL
4912,2025-09-07,2025-09-14,2025,9,0,7,1,4,297.6,4586.06,15.41,San Luis Potosí,Tier1,95-SEN,Sensores,3843.72,3856,664,3192,5.81,Japón,QRO-MQZ
4913,2021-04-06,2021-04-14,2021,4,2,8,1,5,34.4,475.79,13.83,Querétaro,Distribuidor,33-ARN,Arneses,4073.72,1315,307,1008,4.28,México,QRO-MQZ
4914,2023-01-22,2023-01-29,2023,1,0,7,1,4,123.7,2096.53,16.95,Corregidora,Distribuidor,66-SUS,Suspensión,3813.62,870,354,516,2.46,Japón,QRO-SLP
4915,2026-05-10,2026-05-14,2026,5,0,4,1,1,334.2,5420.83,16.22,San Juan del Río,Planta,56-SUS,Suspensión,4497.66,4064,966,3098,4.21,Japón,QRO-SLP
4916,2024-07-29,2024-08-02,2024,7,1,4,1,1,250.8,3733.89,14.89,Corregidora,Planta,23-SEN,Sensores,1056.26,3445,649,2796,5.31,México,QRO-MQZ
4917,2026-05-12,2026-05-26,2026,5,2,14,1,10,106.2,1368.79,12.89,León,Tier1,19-SUS,Suspensión,4085.71,2770,814,1956,3.4,México,QRO-CEL
4918,2021-05-04,2021-05-06,2021,5,2,2,0,0,130.4,2011.27,15.42,Corregidora,Distribuidor,97-SEN,Sensores,396.7,1142,502,640,2.27,Japón,QRO-SJR
4919,2026-05-08,2026-06-01,2026,5,5,24,1,14,153.2,2619.31,17.1,Corregidora,Taller,81-ARN,Arneses,4391.37,366,872,-506,0.42,México,QRO-MQZ
4920,2026-05-05,2026-05-29,2026,5,2,24,1,17,70.1,844.2,12.04,León,Taller,32-ARN,Arneses,1534.06,183,367,-184,0.5,China,QRO-MQZ
4921,2024-03-26,2024-03-28,2024,3,2,2,0,0,55.6,975.56,17.55,León,Planta,68-SEN,Sensores,3619.25,1156,733,423,1.58,México,QRO-MQZ
4922,2023-05-29,2023-06-05,2023,5,1,7,1,4,39.7,654.96,16.5,Corregidora,Planta,83-SUS,Suspensión,3433.69,358,401,-43,0.89,México,QRO-MQZ
4923,2026-05-01,2026-05-30,2026,5,5,29,1,21,297.5,2491.71,8.38,Corregidora,Taller,23-FRE,Frenos,3759.37,4902,886,4016,5.53,México,QRO-SLP
4924,2024-08-08,2024-08-14,2024,8,4,6,1,3,264.4,4404.92,16.66,Querétaro,Tier1,65-SEN,Sensores,3356.68,3642,308,3334,11.82,Alemania,QRO-CEL
4925,2022-07-05,2022-07-13,2022,7,2,8,1,5,175,1864.57,10.65,Corregidora,Tier1,87-SEN,Sensores,1243.01,2731,878,1853,3.11,México,QRO-SLP
4926,2021-11-16,2021-11-18,2021,11,2,2,0,0,243.9,2693.1,11.04,San Juan del Río,Planta,30-SUS,Suspensión,506.69,2378,235,2143,10.12,China,QRO-SJR
4927,2026-05-12,2026-05-28,2026,5,2,16,1,10,161.8,2110.3,13.04,Corregidora,Taller,60-SUS,Suspensión,2653.99,2128,369,1759,5.77,USA,QRO-SJR
4928,2026-05-06,2026-06-01,2026,5,3,26,1,16,121.3,1256.72,10.36,Querétaro,Tier1,15-ELE,Electrónica,1562.18,742,986,-244,0.75,Japón,QRO-CEL
4929,2026-01-23,2026-01-31,2026,1,5,8,1,5,198,1694.38,8.56,El Marqués,Tier1,45-FRE,Frenos,1728.34,1258,154,1104,8.17,Alemania,QRO-SJR
4930,2026-05-17,2026-05-27,2026,5,0,10,1,5,336,6634.51,19.75,San Luis Potosí,Distribuidor,35-ELE,Electrónica,1141.28,3576,681,2895,5.25,Alemania,QRO-MQZ
4931,2022-10-24,2022-10-30,2022,10,1,6,1,3,315.1,3854.3,12.23,Querétaro,Tier1,77-FRE,Frenos,1286.73,3721,625,3096,5.95,Japón,QRO-SLP
4932,2023-06-05,2023-06-07,2023,6,1,2,0,0,53.6,996.56,18.59,León,Tier1,44-ELE,Electrónica,1705.75,4295,341,3954,12.6,México,QRO-SJR
4933,2023-06-09,2023-06-14,2023,6,5,5,1,2,105.3,1833.35,17.41,León,Planta,21-FRE,Frenos,4833.89,4818,201,4617,23.97,China,QRO-SLP
4934,2023-07-18,2023-07-21,2023,7,2,3,0,0,308,5038.23,16.36,Querétaro,Distribuidor,18-FRE,Frenos,2478.97,2322,407,1915,5.71,China,QRO-SLP
4935,2023-08-25,2023-08-29,2023,8,5,4,1,1,289.6,3072.35,10.61,El Marqués,Tier1,11-ELE,Electrónica,2731.07,2870,828,2042,3.47,China,QRO-SJR
4936,2026-05-15,2026-05-29,2026,5,5,14,1,7,234,2867.98,12.26,Corregidora,Tier1,87-ELE,Electrónica,370.62,1029,479,550,2.15,Japón,QRO-CEL
4937,2025-06-02,2025-06-03,2025,6,1,1,0,0,149.3,1863.82,12.48,Celaya,Planta,2-FRE,Frenos,2261.86,2629,314,2315,8.37,Alemania,QRO-SJR
4938,2024-03-01,2024-03-08,2024,3,5,7,1,4,130.9,1107.63,8.46,El Marqués,Tier1,16-SUS,Suspensión,2880.89,356,123,233,2.89,China,QRO-SJR
4939,2025-10-17,2025-10-20,2025,10,5,3,0,0,212.4,2847.31,13.41,San Juan del Río,Taller,30-SEN,Sensores,3410.75,196,590,-394,0.33,China,QRO-SJR
4940,2024-11-18,2024-11-25,2024,11,1,7,1,4,315,2875.33,9.13,San Juan del Río,Planta,75-ARN,Arneses,783.6,3454,262,3192,13.18,Japón,QRO-SLP
4941,2022-07-17,2022-07-19,2022,7,0,2,0,0,82.2,976.16,11.88,Corregidora,Distribuidor,15-SUS,Suspensión,3336.34,35,212,-177,0.17,USA,QRO-CEL
4942,2026-05-18,2026-05-25,2026,5,1,7,1,4,321.1,3775.6,11.76,Querétaro,Planta,79-SEN,Sensores,3466.99,835,695,140,1.2,México,QRO-SLP
4943,2022-05-26,2022-06-01,2022,5,4,6,1,3,294.6,4530.1,15.38,Querétaro,Tier1,18-SUS,Suspensión,340.23,926,375,551,2.47,China,QRO-SJR
4944,2021-01-01,2021-01-08,2021,1,5,7,1,4,280.2,4694.03,16.75,Celaya,Tier1,80-ELE,Electrónica,3933.63,4561,222,4339,20.55,USA,QRO-SJR
4945,2026-05-10,2026-05-29,2026,5,0,19,1,12,178.6,2853.34,15.98,El Marqués,Taller,46-ARN,Arneses,2665.1,3109,331,2778,9.39,México,QRO-CEL
4946,2021-03-17,2021-03-19,2021,3,3,2,0,0,276.6,2999.26,10.84,Celaya,Taller,22-SUS,Suspensión,895.84,3847,874,2973,4.4,China,QRO-MQZ
4947,2023-10-08,2023-10-11,2023,10,0,3,0,0,25.6,215.75,8.43,Corregidora,Planta,88-SUS,Suspensión,1941.02,3880,832,3048,4.66,México,QRO-MQZ
4948,2023-01-22,2023-01-23,2023,1,0,1,0,0,44.8,652.07,14.56,Celaya,Distribuidor,64-SUS,Suspensión,4312.74,583,450,133,1.3,Japón,QRO-SLP
4949,2026-05-09,2026-05-28,2026,5,6,19,1,13,261.2,3144.38,12.04,San Juan del Río,Planta,20-FRE,Frenos,3362.99,3735,334,3401,11.18,México,QRO-CEL
4950,2023-05-09,2023-05-13,2023,5,2,4,1,1,269.9,2984.22,11.06,León,Taller,15-ELE,Electrónica,1562.18,742,986,-244,0.75,China,QRO-CEL
4951,2021-06-09,2021-06-12,2021,6,3,3,0,0,141.6,2427.59,17.14,Querétaro,Tier1,62-SEN,Sensores,61.64,976,325,651,3,Alemania,QRO-MQZ
4952,2021-08-22,2021-08-30,2021,8,0,8,1,5,299,4681.34,15.66,Corregidora,Planta,48-ARN,Arneses,4531.54,4813,716,4097,6.72,México,QRO-MQZ
4953,2026-05-24,2026-06-02,2026,5,0,9,0,0,217.1,3423.52,15.77,León,Tier1,48-SUS,Suspensión,3762.52,1609,412,1197,3.91,Japón,QRO-CEL
4954,2023-06-27,2023-07-02,2023,6,2,5,1,2,334.3,4282.73,12.81,Corregidora,Tier1,11-ARN,Arneses,4060.25,1703,426,1277,4,México,QRO-SLP
4955,2026-05-04,2026-05-25,2026,5,1,21,1,18,161.3,1406.95,8.72,San Juan del Río,Tier1,69-ARN,Arneses,2131.09,4430,982,3448,4.51,Japón,QRO-MQZ
4956,2023-07-29,2023-07-30,2023,7,6,1,0,0,33.1,533.66,16.12,León,Taller,72-SEN,Sensores,2907.83,4310,751,3559,5.74,México,QRO-CEL
4957,2023-08-10,2023-08-16,2023,8,4,6,1,3,57.5,615.55,10.71,Corregidora,Tier1,76-ELE,Electrónica,1417.28,705,976,-271,0.72,China,QRO-CEL
4958,2026-05-21,2026-05-31,2026,5,4,10,1,1,124,2199.26,17.74,León,Tier1,67-ELE,Electrónica,2438.18,3104,587,2517,5.29,China,QRO-CEL
4959,2026-05-16,2026-05-27,2026,5,6,11,1,6,82.4,1430.29,17.36,San Luis Potosí,Tier1,64-SUS,Suspensión,4312.74,583,450,133,1.3,USA,QRO-SLP
4960,2026-05-15,2026-05-31,2026,5,5,16,1,7,284.3,4601.18,16.18,Corregidora,Planta,67-ARN,Arneses,250.33,2392,600,1792,3.99,México,QRO-SJR
4961,2026-05-06,2026-05-31,2026,5,3,25,1,16,50.2,405.81,8.08,Corregidora,Distribuidor,59-SUS,Suspensión,149.53,1044,359,685,2.91,USA,QRO-SLP
4962,2023-09-27,2023-10-05,2023,9,3,8,1,5,64.4,825.68,12.82,Celaya,Distribuidor,43-SUS,Suspensión,2851.8,2949,285,2664,10.35,Japón,QRO-SLP
4963,2022-06-18,2022-06-20,2022,6,6,2,0,0,221.9,2768.77,12.48,Celaya,Planta,14-SUS,Suspensión,1917.93,1250,616,634,2.03,USA,QRO-SLP
4964,2025-07-15,2025-07-20,2025,7,2,5,1,2,154.3,3052.06,19.78,El Marqués,Planta,70-FRE,Frenos,3370.05,2773,737,2036,3.76,Japón,QRO-MQZ
4965,2026-05-07,2026-06-01,2026,5,4,25,1,15,247.6,3859.97,15.59,Querétaro,Planta,83-ELE,Electrónica,2047.97,1307,286,1021,4.57,China,QRO-SJR
4966,2026-05-18,2026-05-27,2026,5,1,9,1,4,118.5,1309.81,11.05,León,Planta,53-ELE,Electrónica,2503.62,2992,933,2059,3.21,México,QRO-CEL
4967,2022-08-04,2022-08-10,2022,8,4,6,1,3,241.6,2476.92,10.25,León,Tier1,86-ARN,Arneses,2813.21,4833,175,4658,27.62,Japón,QRO-MQZ
4968,2026-05-01,2026-05-30,2026,5,5,29,1,21,297.5,5246.24,17.63,León,Planta,66-ELE,Electrónica,1657.94,1756,172,1584,10.21,Japón,QRO-SLP
4969,2022-01-18,2022-01-21,2022,1,2,3,0,0,57.7,552.18,9.57,El Marqués,Taller,9-ELE,Electrónica,3081.81,4325,472,3853,9.16,México,QRO-SJR
4970,2023-07-08,2023-07-09,2023,7,6,1,0,0,72.7,1215.29,16.72,El Marqués,Taller,78-ARN,Arneses,3156.74,4864,828,4036,5.87,México,QRO-SJR
4971,2023-02-26,2023-02-27,2023,2,0,1,0,0,194.1,3181.52,16.39,San Juan del Río,Planta,44-ARN,Arneses,4310.1,1228,335,893,3.67,Alemania,QRO-SLP
4972,2026-05-05,2026-05-30,2026,5,2,25,1,17,259.1,2958.97,11.42,León,Tier1,66-SUS,Suspensión,3813.62,870,354,516,2.46,Japón,QRO-MQZ
4973,2024-04-13,2024-04-15,2024,4,6,2,0,0,106.9,1446.33,13.53,San Luis Potosí,Tier1,57-SUS,Suspensión,4521.23,466,706,-240,0.66,Japón,QRO-CEL
4974,2024-07-30,2024-07-31,2024,7,2,1,0,0,92.6,1318,14.23,El Marqués,Taller,16-FRE,Frenos,4639.47,4174,516,3658,8.09,Alemania,QRO-SJR
4975,2021-01-28,2021-01-31,2021,1,4,3,0,0,43.8,362.99,8.29,León,Taller,8-SUS,Suspensión,926.42,4541,250,4291,18.16,Alemania,QRO-SLP
4976,2026-05-10,2026-05-28,2026,5,0,18,1,12,234.2,2847.24,12.16,Corregidora,Tier1,12-ARN,Arneses,4577.37,1662,429,1233,3.87,China,QRO-SLP
4977,2025-05-13,2025-05-16,2025,5,2,3,0,0,91.9,1467.13,15.96,Celaya,Distribuidor,27-FRE,Frenos,4045.05,2920,947,1973,3.08,USA,QRO-SJR
4978,2024-06-08,2024-06-13,2024,6,6,5,1,2,53.5,806.35,15.07,Celaya,Tier1,83-ELE,Electrónica,2047.97,1307,286,1021,4.57,USA,QRO-SLP
4979,2026-05-05,2026-05-28,2026,5,2,23,1,17,192.6,2481.8,12.89,Corregidora,Planta,37-ELE,Electrónica,3241.13,791,710,81,1.11,Alemania,QRO-CEL
4980,2025-08-30,2025-09-04,2025,8,6,5,1,2,123.7,1936.62,15.66,El Marqués,Taller,94-FRE,Frenos,4473.89,3060,162,2898,18.89,Japón,QRO-SJR
4981,2022-03-23,2022-03-27,2022,3,3,4,1,1,63.6,726.61,11.42,San Juan del Río,Tier1,16-ARN,Arneses,1385.97,4731,948,3783,4.99,Japón,QRO-CEL
4982,2024-04-26,2024-04-29,2024,4,5,3,0,0,202.5,3692.04,18.23,Celaya,Planta,43-FRE,Frenos,2378.13,401,657,-256,0.61,Japón,QRO-SJR
4983,2021-04-09,2021-04-14,2021,4,5,5,1,2,91.7,824.22,8.99,Querétaro,Tier1,28-SUS,Suspensión,2679.89,2559,178,2381,14.38,China,QRO-MQZ
4984,2026-05-13,2026-05-30,2026,5,3,17,1,9,97.5,1520.93,15.6,El Marqués,Taller,32-SUS,Suspensión,4111.1,4658,655,4003,7.11,Japón,QRO-SLP
4985,2022-01-19,2022-01-23,2022,1,3,4,1,1,257.9,4152.02,16.1,Celaya,Tier1,6-SEN,Sensores,1099.61,3877,502,3375,7.72,México,QRO-CEL
4986,2025-08-11,2025-08-12,2025,8,1,1,0,0,144,2028,14.08,Celaya,Planta,86-FRE,Frenos,4599.2,3868,867,3001,4.46,Alemania,QRO-SLP
4987,2023-12-10,2023-12-16,2023,12,0,6,1,3,322.5,5419.92,16.81,Querétaro,Planta,40-ARN,Arneses,288.05,1674,857,817,1.95,Japón,QRO-SJR
4988,2024-02-22,2024-02-23,2024,2,4,1,0,0,311.6,5236.23,16.8,Corregidora,Planta,4-SEN,Sensores,415.57,4942,295,4647,16.75,USA,QRO-SJR
4989,2026-05-09,2026-06-01,2026,5,6,23,1,13,241.6,1974.03,8.17,Celaya,Tier1,58-ELE,Electrónica,2903.09,691,258,433,2.68,Alemania,QRO-SLP
4990,2024-03-17,2024-03-23,2024,3,0,6,1,3,269.9,3766.69,13.96,El Marqués,Taller,61-ARN,Arneses,4744.31,4892,624,4268,7.84,México,QRO-MQZ
4991,2024-11-15,2024-11-21,2024,11,5,6,1,3,105.2,1854.65,17.63,Querétaro,Distribuidor,42-ELE,Electrónica,3324.88,3038,963,2075,3.15,Alemania,QRO-SJR
4992,2024-07-18,2024-07-20,2024,7,4,2,0,0,337.9,5297.21,15.68,San Luis Potosí,Planta,13-FRE,Frenos,1618.96,1055,651,404,1.62,México,QRO-SLP
4993,2024-10-18,2024-10-19,2024,10,5,1,0,0,68.2,1141.74,16.74,San Juan del Río,Planta,27-SUS,Suspensión,4748.31,2962,518,2444,5.72,USA,QRO-MQZ
4994,2021-03-12,2021-03-16,2021,3,5,4,1,1,118.7,965.49,8.13,El Marqués,Taller,81-ELE,Electrónica,140.61,1480,170,1310,8.71,China,QRO-SJR
4995,2025-04-13,2025-04-19,2025,4,0,6,1,3,276.4,4390.22,15.88,El Marqués,Taller,2-ARN,Arneses,3272.1,4817,709,4108,6.79,China,QRO-CEL
4996,2026-05-24,2026-06-04,2026,5,0,11,0,0,332.4,6524.85,19.63,El Marqués,Tier1,52-SUS,Suspensión,2988.75,658,311,347,2.12,México,QRO-SLP
4997,2026-05-17,2026-05-27,2026,5,0,10,1,5,243.7,2524.62,10.36,Querétaro,Distribuidor,50-SEN,Sensores,4354.41,2670,213,2457,12.54,China,QRO-CEL
4998,2022-10-31,2022-11-07,2022,10,1,7,1,4,132.1,1916.72,14.51,Corregidora,Tier1,32-SEN,Sensores,1196.78,3120,728,2392,4.29,México,QRO-SJR
4999,2026-05-10,2026-05-25,2026,5,0,15,1,12,259.1,3017.57,11.65,El Marqués,Taller,64-SUS,Suspensión,4312.74,583,450,133,1.3,Japón,QRO-MQZ
5000,2021-06-17,2021-06-18,2021,6,4,1,0,0,260,2362.92,9.09,San Juan del Río,Taller,86-ARN,Arneses,2813.21,4833,175,4658,27.62,China,QRO-MQZ
5001,2026-05-04,2026-05-30,2026,5,1,26,1,18,216.3,4302.16,19.89,Corregidora,Tier1,12-FRE,Frenos,2256.16,1344,843,501,1.59,USA,QRO-SLP
5002,2026-05-13,2026-05-25,2026,5,3,12,1,9,270.6,3410.5,12.6,Corregidora,Planta,3-SUS,Suspensión,3159.17,1739,584,1155,2.98,USA,QRO-SLP
5003,2024-11-19,2024-11-22,2024,11,2,3,0,0,280.4,4301.12,15.34,Celaya,Tier1,3-ELE,Electrónica,4739.2,4636,173,4463,26.8,China,QRO-CEL
5004,2026-01-29,2026-01-30,2026,1,4,1,0,0,149.6,1450.77,9.7,León,Planta,39-ARN,Arneses,1573.02,936,723,213,1.29,China,QRO-MQZ
5005,2026-05-03,2026-05-29,2026,5,0,26,1,19,282.2,2815.06,9.98,San Juan del Río,Tier1,93-SUS,Suspensión,251.29,694,704,-10,0.99,China,QRO-MQZ
5006,2024-03-18,2024-03-25,2024,3,1,7,1,4,275.1,3564.54,12.96,San Juan del Río,Taller,69-ARN,Arneses,2131.09,4430,982,3448,4.51,Alemania,QRO-CEL
5007,2026-05-10,2026-05-29,2026,5,0,19,1,12,295.8,5255.75,17.77,Querétaro,Tier1,73-SUS,Suspensión,1205.2,139,592,-453,0.23,China,QRO-MQZ
5008,2026-05-20,2026-05-27,2026,5,3,7,1,4,300.4,3756.4,12.5,León,Planta,73-ARN,Arneses,3687.85,3796,460,3336,8.25,China,QRO-SLP
5009,2022-04-22,2022-04-30,2022,4,5,8,1,5,318.8,6192.25,19.42,Corregidora,Distribuidor,26-SEN,Sensores,2283.16,2773,396,2377,7,México,QRO-SJR
5010,2021-06-12,2021-06-14,2021,6,6,2,0,0,119.6,1275.54,10.67,El Marqués,Taller,94-SUS,Suspensión,345.62,2291,202,2089,11.34,Alemania,QRO-SLP
5011,2022-10-29,2022-11-05,2022,10,6,7,1,4,118.9,1509.71,12.7,Corregidora,Planta,24-SEN,Sensores,2113.06,4735,936,3799,5.06,USA,QRO-MQZ
5012,2023-12-25,2024-01-02,2023,12,1,8,1,5,165.1,2042.17,12.37,Celaya,Distribuidor,74-SEN,Sensores,3564.35,956,699,257,1.37,China,QRO-SJR
5013,2024-01-11,2024-01-16,2024,1,4,5,1,2,310.1,4663.86,15.04,El Marqués,Taller,26-SEN,Sensores,2283.16,2773,396,2377,7,Japón,QRO-SLP
5014,2023-07-04,2023-07-05,2023,7,2,1,0,0,255.4,4959.59,19.42,León,Tier1,82-FRE,Frenos,3559.78,1290,296,994,4.36,Alemania,QRO-SJR
5015,2025-11-13,2025-11-19,2025,11,4,6,1,3,316.5,5226.05,16.51,Corregidora,Tier1,56-ARN,Arneses,1558.68,1866,703,1163,2.65,USA,QRO-SLP
5016,2026-05-12,2026-05-30,2026,5,2,18,1,10,238.7,3797.48,15.91,León,Planta,87-SEN,Sensores,1243.01,2731,878,1853,3.11,China,QRO-CEL
5017,2025-08-24,2025-08-27,2025,8,0,3,0,0,116.2,1238.72,10.66,Corregidora,Planta,35-FRE,Frenos,2222.63,4456,817,3639,5.45,USA,QRO-MQZ
5018,2026-05-13,2026-05-31,2026,5,3,18,1,9,140.3,1255.99,8.95,San Juan del Río,Taller,47-ELE,Electrónica,129.58,3309,950,2359,3.48,USA,QRO-MQZ
5019,2025-08-14,2025-08-16,2025,8,4,2,0,0,23.7,434.81,18.35,Celaya,Taller,82-SUS,Suspensión,998.09,2299,178,2121,12.92,Japón,QRO-MQZ
5020,2022-12-17,2022-12-18,2022,12,6,1,0,0,273.4,4299.46,15.73,Celaya,Distribuidor,34-FRE,Frenos,1708.23,2340,807,1533,2.9,China,QRO-MQZ
5021,2026-05-09,2026-05-28,2026,5,6,19,1,13,312.5,2903.5,9.29,León,Tier1,34-ARN,Arneses,4771.65,2699,606,2093,4.45,Alemania,QRO-MQZ
5022,2026-05-19,2026-05-31,2026,5,2,12,1,3,76.4,1010.95,13.23,Corregidora,Planta,48-SUS,Suspensión,3762.52,1609,412,1197,3.91,Alemania,QRO-MQZ
5023,2021-03-30,2021-03-31,2021,3,2,1,0,0,346.5,3212.13,9.27,Querétaro,Tier1,80-FRE,Frenos,1456.89,1654,528,1126,3.13,Japón,QRO-CEL
5024,2022-04-06,2022-04-11,2022,4,3,5,1,2,287.3,5530.21,19.25,Celaya,Planta,12-FRE,Frenos,2256.16,1344,843,501,1.59,Japón,QRO-SJR
5025,2025-05-07,2025-05-08,2025,5,3,1,0,0,266.2,3779.85,14.2,Corregidora,Taller,75-SUS,Suspensión,269.17,1657,967,690,1.71,Alemania,QRO-SLP
5026,2026-04-06,2026-04-09,2026,4,1,3,0,0,306.1,3456.42,11.29,Celaya,Tier1,42-SUS,Suspensión,1516.88,2245,576,1669,3.9,Alemania,QRO-SLP
5027,2026-05-04,2026-05-29,2026,5,1,25,1,18,176.6,2764.11,15.65,San Luis Potosí,Tier1,31-FRE,Frenos,259.79,2493,478,2015,5.22,Alemania,QRO-MQZ
5028,2023-11-26,2023-11-27,2023,11,0,1,0,0,54.6,945.12,17.31,León,Tier1,78-SEN,Sensores,1084.74,2183,681,1502,3.21,Japón,QRO-SLP
5029,2025-07-07,2025-07-13,2025,7,1,6,1,3,272.5,2289.57,8.4,San Juan del Río,Planta,57-ARN,Arneses,607.05,602,337,265,1.79,Alemania,QRO-MQZ
5030,2023-03-23,2023-03-26,2023,3,4,3,0,0,347.8,5329.31,15.32,San Luis Potosí,Tier1,28-ARN,Arneses,615.82,4597,278,4319,16.54,México,QRO-SLP
5031,2022-03-04,2022-03-09,2022,3,5,5,1,2,213.8,4021.12,18.81,Querétaro,Taller,59-ELE,Electrónica,3153.37,470,478,-8,0.98,China,QRO-SJR
5032,2022-01-29,2022-02-05,2022,1,6,7,1,4,262.7,4983.75,18.97,San Luis Potosí,Tier1,74-ELE,Electrónica,4728.06,3772,558,3214,6.76,Japón,QRO-MQZ
5033,2021-07-07,2021-07-08,2021,7,3,1,0,0,349.3,2913.63,8.34,San Luis Potosí,Taller,56-SEN,Sensores,1253.34,3707,620,3087,5.98,China,QRO-MQZ
5034,2026-05-16,2026-05-27,2026,5,6,11,1,6,175.4,3446.59,19.65,San Juan del Río,Tier1,37-SUS,Suspensión,1200.77,1755,358,1397,4.9,USA,QRO-MQZ
5035,2025-04-23,2025-04-24,2025,4,3,1,0,0,77.4,1336.92,17.27,Celaya,Tier1,2-ARN,Arneses,3272.1,4817,709,4108,6.79,Japón,QRO-SLP
5036,2022-06-21,2022-06-23,2022,6,2,2,0,0,319.2,4391.74,13.76,León,Planta,28-ELE,Electrónica,4684.29,2156,661,1495,3.26,China,QRO-CEL
5037,2023-11-19,2023-11-20,2023,11,0,1,0,0,69.2,1279.16,18.48,San Luis Potosí,Planta,19-FRE,Frenos,2228.63,130,180,-50,0.72,Japón,QRO-SJR
5038,2025-06-28,2025-07-03,2025,6,6,5,1,2,171.6,1999.28,11.65,San Luis Potosí,Tier1,44-ELE,Electrónica,1705.75,4295,341,3954,12.6,México,QRO-MQZ
5039,2021-01-29,2021-02-03,2021,1,5,5,1,2,50.4,416.54,8.26,León,Planta,45-SEN,Sensores,754.06,1135,113,1022,10.04,México,QRO-MQZ
5040,2023-03-30,2023-04-04,2023,3,4,5,1,2,87.8,819.56,9.33,San Luis Potosí,Planta,31-SEN,Sensores,2188.74,120,548,-428,0.22,Japón,QRO-SJR
5041,2026-05-15,2026-05-25,2026,5,5,10,1,7,25,451.94,18.08,El Marqués,Tier1,29-SEN,Sensores,3933.04,3258,672,2586,4.85,Alemania,QRO-SJR
5042,2024-11-17,2024-11-18,2024,11,0,1,0,0,100.6,1928.63,19.17,San Juan del Río,Planta,54-ARN,Arneses,3425.08,4574,874,3700,5.23,México,QRO-SLP
5043,2021-11-30,2021-12-06,2021,11,2,6,1,3,119.8,1636.65,13.66,Celaya,Tier1,17-ARN,Arneses,1311.09,4802,363,4439,13.23,Japón,QRO-CEL
5044,2026-05-02,2026-06-01,2026,5,6,30,1,20,256.9,2491.96,9.7,San Luis Potosí,Planta,44-ARN,Arneses,4310.1,1228,335,893,3.67,Japón,QRO-CEL
5045,2025-07-12,2025-07-18,2025,7,6,6,1,3,178.6,2407.02,13.48,San Luis Potosí,Tier1,10-ELE,Electrónica,3951.78,1728,872,856,1.98,Japón,QRO-SJR
5046,2026-05-05,2026-05-26,2026,5,2,21,1,17,161.6,2155.19,13.34,Querétaro,Tier1,2-FRE,Frenos,2261.86,2629,314,2315,8.37,Alemania,QRO-CEL
5047,2025-04-13,2025-04-20,2025,4,0,7,1,4,227.5,2886.38,12.69,San Juan del Río,Tier1,32-ARN,Arneses,1534.06,183,367,-184,0.5,Alemania,QRO-CEL
5048,2022-02-13,2022-02-17,2022,2,0,4,1,1,251.2,3156.14,12.56,San Luis Potosí,Tier1,43-FRE,Frenos,2378.13,401,657,-256,0.61,Alemania,QRO-MQZ
5049,2024-12-22,2024-12-26,2024,12,0,4,1,1,91.4,1143.41,12.51,Corregidora,Planta,35-ELE,Electrónica,1141.28,3576,681,2895,5.25,Japón,QRO-CEL
5050,2024-04-13,2024-04-18,2024,4,6,5,1,2,287.8,3015.15,10.48,Querétaro,Distribuidor,68-ELE,Electrónica,428.16,3609,688,2921,5.25,USA,QRO-SLP
5051,2026-05-05,2026-05-31,2026,5,2,26,1,17,291,3698.39,12.71,Celaya,Distribuidor,94-ELE,Electrónica,673.59,2723,409,2314,6.66,Alemania,QRO-SLP
5052,2024-11-07,2024-11-13,2024,11,4,6,1,3,275.7,2309.13,8.38,Corregidora,Distribuidor,81-SUS,Suspensión,2394.84,4181,399,3782,10.48,China,QRO-SJR
5053,2026-05-12,2026-05-27,2026,5,2,15,1,10,178.4,2653.63,14.87,El Marqués,Tier1,18-SEN,Sensores,2642.38,2763,311,2452,8.88,China,QRO-SLP
5054,2023-09-23,2023-09-26,2023,9,6,3,0,0,152.8,2491.64,16.31,San Juan del Río,Taller,29-SUS,Suspensión,2268.03,800,134,666,5.97,México,QRO-MQZ
5055,2023-10-29,2023-11-04,2023,10,0,6,1,3,263.9,4202.53,15.92,San Juan del Río,Planta,66-ELE,Electrónica,1657.94,1756,172,1584,10.21,Japón,QRO-SJR
5056,2026-05-05,2026-05-28,2026,5,2,23,1,17,318.7,3403.2,10.68,Querétaro,Distribuidor,86-FRE,Frenos,4599.2,3868,867,3001,4.46,México,QRO-SLP
5057,2026-05-09,2026-05-28,2026,5,6,19,1,13,221.3,4043.88,18.27,Corregidora,Planta,1-SUS,Suspensión,3019.89,3188,814,2374,3.92,USA,QRO-CEL
5058,2026-05-13,2026-05-18,2026,5,3,5,1,2,294.2,3844.39,13.07,Corregidora,Distribuidor,93-SEN,Sensores,4236.96,1229,379,850,3.24,Japón,QRO-SJR
5059,2026-05-19,2026-05-28,2026,5,2,9,1,3,197,3399.23,17.25,San Luis Potosí,Tier1,55-SUS,Suspensión,105.27,1887,966,921,1.95,Alemania,QRO-CEL
5060,2026-05-06,2026-05-29,2026,5,3,23,1,16,134.7,2034.63,15.1,San Juan del Río,Planta,77-ARN,Arneses,4833.11,3865,647,3218,5.97,Alemania,QRO-MQZ
5061,2022-05-03,2022-05-06,2022,5,2,3,0,0,219.2,3330.72,15.19,Celaya,Planta,60-FRE,Frenos,4591.5,2619,968,1651,2.71,USA,QRO-CEL
5062,2025-02-13,2025-02-14,2025,2,4,1,0,0,243.7,2763,11.34,San Luis Potosí,Tier1,85-SUS,Suspensión,2247.84,2925,536,2389,5.46,México,QRO-CEL
5063,2025-10-25,2025-10-30,2025,10,6,5,1,2,48.1,906.11,18.84,León,Tier1,82-ELE,Electrónica,4169.44,3032,267,2765,11.36,USA,QRO-SJR
5064,2022-03-16,2022-03-17,2022,3,3,1,0,0,280.3,3360.72,11.99,El Marqués,Tier1,2-ELE,Electrónica,1189.72,3706,870,2836,4.26,Alemania,QRO-SJR
5065,2022-04-11,2022-04-15,2022,4,1,4,1,1,23.7,455.3,19.21,San Juan del Río,Tier1,88-SEN,Sensores,674.64,467,107,360,4.36,China,QRO-SJR
5066,2025-12-13,2025-12-15,2025,12,6,2,0,0,188.7,2260.95,11.98,San Luis Potosí,Taller,73-SUS,Suspensión,1205.2,139,592,-453,0.23,México,QRO-SJR
5067,2026-05-24,2026-05-28,2026,5,0,4,0,0,135.8,1267.41,9.33,San Luis Potosí,Planta,72-ARN,Arneses,3783.02,2196,705,1491,3.11,Japón,QRO-SLP
5068,2026-05-01,2026-05-25,2026,5,5,24,1,21,27.6,547.44,19.83,El Marqués,Planta,51-ELE,Electrónica,807.84,2612,676,1936,3.86,China,QRO-SJR
5069,2026-05-02,2026-05-28,2026,5,6,26,1,20,36.5,674.23,18.47,San Luis Potosí,Planta,33-ELE,Electrónica,3571.92,3016,937,2079,3.22,China,QRO-SLP
5070,2026-05-22,2026-05-30,2026,5,5,8,0,0,276.3,4764.17,17.24,San Luis Potosí,Tier1,17-ELE,Electrónica,2928.48,3082,652,2430,4.73,China,QRO-SJR
5071,2022-03-28,2022-04-02,2022,3,1,5,1,2,187.1,1852.71,9.9,El Marqués,Taller,30-ARN,Arneses,1865.58,2831,105,2726,26.96,USA,QRO-CEL
5072,2026-05-22,2026-05-29,2026,5,5,7,0,0,186.9,2123.53,11.36,Corregidora,Distribuidor,5-ELE,Electrónica,92.23,1679,445,1234,3.77,China,QRO-SJR
5073,2025-04-22,2025-04-25,2025,4,2,3,0,0,153.2,1491.52,9.74,León,Planta,15-ELE,Electrónica,1562.18,742,986,-244,0.75,Alemania,QRO-MQZ
5074,2021-09-14,2021-09-19,2021,9,2,5,1,2,51.1,803.6,15.73,Corregidora,Distribuidor,60-FRE,Frenos,4591.5,2619,968,1651,2.71,USA,QRO-CEL
5075,2026-05-14,2026-05-30,2026,5,4,16,1,8,190.2,3664.01,19.26,San Luis Potosí,Taller,25-SEN,Sensores,4979.92,3606,752,2854,4.8,Alemania,QRO-MQZ
5076,2024-10-31,2024-11-05,2024,10,4,5,1,2,244.5,2604.45,10.65,Corregidora,Tier1,44-SUS,Suspensión,504.34,1272,969,303,1.31,China,QRO-CEL
5077,2025-06-08,2025-06-11,2025,6,0,3,0,0,341.2,6142.97,18,El Marqués,Distribuidor,55-ELE,Electrónica,4107.15,2573,998,1575,2.58,Japón,QRO-SLP
5078,2026-05-23,2026-06-01,2026,5,6,9,0,0,190.3,3591.84,18.87,El Marqués,Taller,91-ARN,Arneses,3259.69,1994,705,1289,2.83,México,QRO-SLP
5079,2026-05-13,2026-05-31,2026,5,3,18,1,9,327.6,2999.7,9.16,Querétaro,Planta,7-ARN,Arneses,2965.42,1199,206,993,5.82,Japón,QRO-CEL
5080,2026-05-14,2026-05-29,2026,5,4,15,1,8,16.5,151.68,9.19,Querétaro,Planta,72-ELE,Electrónica,892.6,1623,479,1144,3.39,Alemania,QRO-SJR
5081,2021-10-13,2021-10-14,2021,10,3,1,0,0,85.9,1011.38,11.77,San Juan del Río,Planta,15-FRE,Frenos,886.52,1011,947,64,1.07,Japón,QRO-CEL
5082,2025-07-11,2025-07-13,2025,7,5,2,0,0,73.3,990.7,13.52,Querétaro,Tier1,69-SUS,Suspensión,2311.07,1018,914,104,1.11,China,QRO-CEL
5083,2022-12-09,2022-12-11,2022,12,5,2,0,0,243.6,1989.29,8.17,Querétaro,Tier1,98-ELE,Electrónica,2480.68,142,273,-131,0.52,China,QRO-MQZ
5084,2022-09-21,2022-09-24,2022,9,3,3,0,0,313.1,4172.39,13.33,San Juan del Río,Taller,68-ELE,Electrónica,428.16,3609,688,2921,5.25,China,QRO-CEL
5085,2026-05-07,2026-05-29,2026,5,4,22,1,15,238.5,4310.32,18.07,San Juan del Río,Taller,80-ARN,Arneses,2549.16,1887,973,914,1.94,China,QRO-SLP
5086,2024-01-02,2024-01-03,2024,1,2,1,0,0,42.7,822.1,19.25,San Juan del Río,Planta,9-SUS,Suspensión,3312.62,269,343,-74,0.78,USA,QRO-SJR
5087,2026-05-16,2026-05-29,2026,5,6,13,1,6,210.1,2386.8,11.36,San Juan del Río,Taller,20-SEN,Sensores,595.92,674,866,-192,0.78,México,QRO-SJR
5088,2024-09-16,2024-09-24,2024,9,1,8,1,5,196.7,2648.48,13.46,León,Taller,3-ARN,Arneses,4070.75,2695,779,1916,3.46,Alemania,QRO-SJR
5089,2022-06-26,2022-06-28,2022,6,0,2,0,0,323.8,5443.96,16.81,Corregidora,Planta,92-SEN,Sensores,4469.2,3130,154,2976,20.32,Alemania,QRO-MQZ
5090,2022-03-31,2022-04-07,2022,3,4,7,1,4,108.4,1539.89,14.21,San Juan del Río,Taller,22-ELE,Electrónica,4549.91,3883,821,3062,4.73,USA,QRO-SLP
5091,2022-02-15,2022-02-17,2022,2,2,2,0,0,85.2,1304.28,15.31,El Marqués,Planta,7-FRE,Frenos,3386.88,9,821,-812,0.01,Alemania,QRO-CEL
5092,2023-11-05,2023-11-13,2023,11,0,8,1,5,271.6,4253.5,15.66,León,Planta,53-SEN,Sensores,2001.95,4699,843,3856,5.57,Alemania,QRO-MQZ
5093,2024-09-24,2024-09-28,2024,9,2,4,1,1,46.6,421.15,9.04,Celaya,Tier1,60-SUS,Suspensión,2653.99,2128,369,1759,5.77,Alemania,QRO-CEL
5094,2026-05-24,2026-06-06,2026,5,0,13,0,0,48,389.12,8.11,León,Planta,32-FRE,Frenos,1130.95,2420,760,1660,3.18,México,QRO-MQZ
5095,2026-05-07,2026-05-26,2026,5,4,19,1,15,226,3036.35,13.44,San Luis Potosí,Planta,57-ELE,Electrónica,4825.73,3798,194,3604,19.58,Japón,QRO-SLP
5096,2021-03-20,2021-03-24,2021,3,6,4,1,1,106.2,1846.86,17.39,Querétaro,Distribuidor,67-ARN,Arneses,250.33,2392,600,1792,3.99,China,QRO-SLP
5097,2021-06-26,2021-07-03,2021,6,6,7,1,4,22.1,331.28,14.99,Celaya,Tier1,34-FRE,Frenos,1708.23,2340,807,1533,2.9,USA,QRO-SJR
5098,2022-05-05,2022-05-09,2022,5,4,4,1,1,154.3,3022.26,19.59,San Juan del Río,Taller,34-FRE,Frenos,1708.23,2340,807,1533,2.9,China,QRO-SJR
5099,2021-04-08,2021-04-10,2021,4,4,2,0,0,299.8,2914.73,9.72,Corregidora,Planta,64-ELE,Electrónica,4488.81,2018,103,1915,19.59,Alemania,QRO-CEL
5100,2026-03-06,2026-03-11,2026,3,5,5,1,2,37.1,627.12,16.9,Celaya,Tier1,40-ELE,Electrónica,3251.02,3372,892,2480,3.78,China,QRO-MQZ
5101,2021-06-15,2021-06-23,2021,6,2,8,1,5,110.3,1917.92,17.39,El Marqués,Taller,9-SEN,Sensores,3506.81,652,938,-286,0.7,Alemania,QRO-MQZ
5102,2023-10-30,2023-11-01,2023,10,1,2,0,0,123.2,1392.22,11.3,Celaya,Distribuidor,100-SUS,Suspensión,4542.37,1415,190,1225,7.45,Alemania,QRO-SJR
5103,2021-05-27,2021-06-04,2021,5,4,8,1,5,142.3,1427.57,10.03,San Luis Potosí,Tier1,23-SEN,Sensores,1056.26,3445,649,2796,5.31,Alemania,QRO-SJR
5104,2025-02-19,2025-02-21,2025,2,3,2,0,0,122.8,1016.46,8.28,León,Tier1,35-FRE,Frenos,2222.63,4456,817,3639,5.45,USA,QRO-CEL
5105,2021-07-24,2021-07-26,2021,7,6,2,0,0,13.1,216.58,16.53,San Juan del Río,Tier1,51-ELE,Electrónica,807.84,2612,676,1936,3.86,Alemania,QRO-SLP
5106,2023-06-13,2023-06-16,2023,6,2,3,0,0,12.7,218.44,17.2,San Luis Potosí,Tier1,35-FRE,Frenos,2222.63,4456,817,3639,5.45,Japón,QRO-SJR
5107,2024-03-16,2024-03-18,2024,3,6,2,0,0,245.8,3821.14,15.55,San Juan del Río,Planta,49-ELE,Electrónica,3034.43,2749,539,2210,5.1,Japón,QRO-SLP
5108,2026-05-14,2026-06-01,2026,5,4,18,1,8,38.9,688.29,17.69,San Juan del Río,Planta,84-FRE,Frenos,3127.21,853,327,526,2.61,México,QRO-SJR
5109,2022-11-09,2022-11-13,2022,11,3,4,1,1,175.4,2793.13,15.92,León,Tier1,51-SUS,Suspensión,1327.15,4912,621,4291,7.91,Japón,QRO-SLP
5110,2026-05-11,2026-06-01,2026,5,1,21,1,11,243.8,4623.74,18.97,El Marqués,Taller,98-SEN,Sensores,2084.79,1561,258,1303,6.05,Japón,QRO-MQZ
5111,2026-05-25,2026-06-02,2026,5,1,8,0,0,156.2,2056.63,13.17,El Marqués,Taller,21-ARN,Arneses,2688.88,472,527,-55,0.9,Alemania,QRO-SJR
5112,2023-12-06,2023-12-14,2023,12,3,8,1,5,159.4,1991.88,12.5,Querétaro,Tier1,16-FRE,Frenos,4639.47,4174,516,3658,8.09,Alemania,QRO-SJR
5113,2023-09-10,2023-09-16,2023,9,0,6,1,3,211.6,2889.85,13.66,El Marqués,Tier1,12-FRE,Frenos,2256.16,1344,843,501,1.59,China,QRO-SLP
5114,2026-05-20,2026-06-01,2026,5,3,12,1,2,228.1,2273.04,9.97,León,Tier1,73-SUS,Suspensión,1205.2,139,592,-453,0.23,Japón,QRO-SLP
5115,2026-05-14,2026-05-26,2026,5,4,12,1,8,286.9,4156.91,14.49,Corregidora,Distribuidor,46-FRE,Frenos,3166.98,4682,146,4536,32.07,Alemania,QRO-SLP
5116,2022-08-22,2022-08-26,2022,8,1,4,1,1,20.7,399.26,19.29,Corregidora,Distribuidor,85-SEN,Sensores,1521.2,2920,544,2376,5.37,China,QRO-MQZ
5117,2023-09-24,2023-09-30,2023,9,0,6,1,3,84.6,1326.78,15.68,Celaya,Tier1,54-SEN,Sensores,2229.64,971,924,47,1.05,México,QRO-MQZ
5118,2024-01-05,2024-01-06,2024,1,5,1,0,0,99.7,1529.81,15.34,El Marqués,Tier1,38-FRE,Frenos,2176.42,4632,529,4103,8.76,México,QRO-CEL
5119,2023-12-05,2023-12-10,2023,12,2,5,1,2,71.7,1429.66,19.94,Celaya,Distribuidor,40-SUS,Suspensión,1400.65,52,574,-522,0.09,Alemania,QRO-MQZ
5120,2026-05-23,2026-05-28,2026,5,6,5,0,0,148.7,2634.85,17.72,San Juan del Río,Planta,83-SUS,Suspensión,3433.69,358,401,-43,0.89,México,QRO-MQZ
5121,2022-05-20,2022-05-28,2022,5,5,8,1,5,138.9,2364.08,17.02,San Juan del Río,Planta,81-ELE,Electrónica,140.61,1480,170,1310,8.71,Japón,QRO-CEL
5122,2024-07-19,2024-07-20,2024,7,5,1,0,0,162,1912.17,11.8,San Luis Potosí,Tier1,80-SEN,Sensores,4961.03,2089,880,1209,2.37,Japón,QRO-CEL
5123,2026-05-06,2026-05-28,2026,5,3,22,1,16,205.6,3738.23,18.18,Querétaro,Taller,96-ELE,Electrónica,4610.48,3616,228,3388,15.86,México,QRO-MQZ
5124,2022-01-26,2022-01-28,2022,1,3,2,0,0,148.3,2222.08,14.98,Corregidora,Distribuidor,17-FRE,Frenos,4203.61,2829,138,2691,20.5,Alemania,QRO-MQZ
5125,2024-10-21,2024-10-22,2024,10,1,1,0,0,219.4,4279.15,19.5,El Marqués,Tier1,59-ARN,Arneses,757.6,2440,393,2047,6.21,USA,QRO-MQZ
5126,2024-08-21,2024-08-29,2024,8,3,8,1,5,184.9,2615.72,14.15,Corregidora,Distribuidor,99-ELE,Electrónica,1359.1,1089,262,827,4.16,Japón,QRO-SLP
5127,2025-09-25,2025-10-03,2025,9,4,8,1,5,81.9,1505.97,18.39,Querétaro,Taller,52-ELE,Electrónica,4788.22,421,203,218,2.07,USA,QRO-CEL
5128,2023-03-08,2023-03-14,2023,3,3,6,1,3,119.8,1025.53,8.56,Corregidora,Tier1,4-SEN,Sensores,415.57,4942,295,4647,16.75,USA,QRO-SLP
5129,2022-04-01,2022-04-03,2022,4,5,2,0,0,348,6698.34,19.25,El Marqués,Planta,53-FRE,Frenos,818.13,4754,550,4204,8.64,China,QRO-SJR
5130,2022-02-14,2022-02-17,2022,2,1,3,0,0,153.4,1314.52,8.57,Corregidora,Planta,96-SUS,Suspensión,3516.22,1894,371,1523,5.11,Japón,QRO-MQZ
5131,2021-10-13,2021-10-14,2021,10,3,1,0,0,253.7,3184.71,12.55,San Luis Potosí,Taller,80-SEN,Sensores,4961.03,2089,880,1209,2.37,México,QRO-CEL
5132,2026-05-06,2026-05-28,2026,5,3,22,1,16,93.6,1479.29,15.8,San Juan del Río,Tier1,85-FRE,Frenos,2849.37,4143,705,3438,5.88,USA,QRO-SJR
5133,2025-01-26,2025-02-01,2025,1,0,6,1,3,308.9,4686.5,15.17,San Luis Potosí,Tier1,23-FRE,Frenos,3759.37,4902,886,4016,5.53,México,QRO-CEL
5134,2021-05-19,2021-05-27,2021,5,3,8,1,5,88.8,1242.19,13.99,Querétaro,Tier1,68-SUS,Suspensión,4427.01,2107,162,1945,13.01,Alemania,QRO-SJR
5135,2026-01-01,2026-01-06,2026,1,4,5,1,2,298,3808.29,12.78,Corregidora,Distribuidor,98-ARN,Arneses,3240.05,314,373,-59,0.84,Alemania,QRO-SJR
5136,2026-05-21,2026-05-27,2026,5,4,6,1,1,338.9,3799.59,11.21,Corregidora,Taller,24-FRE,Frenos,3167.6,1248,407,841,3.07,China,QRO-CEL
5137,2026-05-08,2026-05-25,2026,5,5,17,1,14,117.1,1868.18,15.95,Querétaro,Planta,35-SUS,Suspensión,3998.45,2100,715,1385,2.94,Japón,QRO-CEL
5138,2026-05-22,2026-05-29,2026,5,5,7,0,0,316.1,2663.21,8.43,León,Planta,28-SUS,Suspensión,2679.89,2559,178,2381,14.38,USA,QRO-SLP
5139,2025-02-16,2025-02-20,2025,2,0,4,1,1,107.8,1213.67,11.26,Corregidora,Distribuidor,64-FRE,Frenos,3469.29,4865,898,3967,5.42,Alemania,QRO-SJR
5140,2022-11-11,2022-11-12,2022,11,5,1,0,0,180.4,1741.03,9.65,Corregidora,Planta,55-SUS,Suspensión,105.27,1887,966,921,1.95,México,QRO-SJR
5141,2024-09-23,2024-09-26,2024,9,1,3,0,0,196.4,1724.44,8.78,San Juan del Río,Taller,53-SUS,Suspensión,2062.9,3440,719,2721,4.78,China,QRO-CEL
5142,2025-03-22,2025-03-27,2025,3,6,5,1,2,195.6,3145.52,16.08,Querétaro,Tier1,38-ELE,Electrónica,2360.54,3797,195,3602,19.47,USA,QRO-SLP
5143,2024-06-19,2024-06-26,2024,6,3,7,1,4,204,2428.18,11.9,León,Tier1,52-ELE,Electrónica,4788.22,421,203,218,2.07,USA,QRO-CEL
5144,2026-05-22,2026-06-04,2026,5,5,13,0,0,259.5,2497.16,9.62,San Juan del Río,Planta,61-FRE,Frenos,2992.6,2417,256,2161,9.44,USA,QRO-CEL
5145,2023-04-13,2023-04-20,2023,4,4,7,1,4,252.1,4558.83,18.08,San Luis Potosí,Tier1,45-FRE,Frenos,1728.34,1258,154,1104,8.17,USA,QRO-MQZ
5146,2023-05-01,2023-05-02,2023,5,1,1,0,0,300.9,5827.03,19.37,El Marqués,Taller,39-FRE,Frenos,1372.38,2726,706,2020,3.86,China,QRO-MQZ
5147,2026-05-06,2026-05-30,2026,5,3,24,1,16,21.9,392.12,17.91,Querétaro,Tier1,26-ARN,Arneses,1872.84,4883,185,4698,26.39,Alemania,QRO-CEL
5148,2024-04-15,2024-04-23,2024,4,1,8,1,5,125.8,1229.04,9.77,San Juan del Río,Taller,86-SUS,Suspensión,1070.24,3068,901,2167,3.41,USA,QRO-SJR
5149,2024-02-02,2024-02-10,2024,2,5,8,1,5,177.4,2498.58,14.08,El Marqués,Taller,73-SEN,Sensores,1840.37,2686,730,1956,3.68,China,QRO-CEL
5150,2021-02-03,2021-02-11,2021,2,3,8,1,5,35.6,484.9,13.62,Corregidora,Distribuidor,97-ELE,Electrónica,2011.22,862,727,135,1.19,Alemania,QRO-SJR
5151,2024-07-29,2024-08-01,2024,7,1,3,0,0,292.4,3078.76,10.53,León,Planta,95-ELE,Electrónica,4863.69,3953,627,3326,6.3,Alemania,QRO-CEL
5152,2025-11-17,2025-11-24,2025,11,1,7,1,4,53.9,639.32,11.86,Celaya,Distribuidor,58-SEN,Sensores,2617.63,4219,411,3808,10.27,Alemania,QRO-SJR
5153,2026-05-14,2026-05-29,2026,5,4,15,1,8,86.1,754.5,8.76,León,Taller,37-SEN,Sensores,3969.15,3602,841,2761,4.28,Japón,QRO-CEL
5154,2026-05-18,2026-05-30,2026,5,1,12,1,4,143.3,2233.19,15.58,San Luis Potosí,Tier1,2-ARN,Arneses,3272.1,4817,709,4108,6.79,China,QRO-MQZ
5155,2023-03-31,2023-04-01,2023,3,5,1,0,0,40.6,765.53,18.86,El Marqués,Tier1,83-ARN,Arneses,4089.81,3819,304,3515,12.56,China,QRO-SLP
5156,2025-06-26,2025-07-02,2025,6,4,6,1,3,300.9,3907.59,12.99,Querétaro,Distribuidor,27-ELE,Electrónica,1768.11,2885,368,2517,7.84,Alemania,QRO-MQZ
5157,2026-05-08,2026-05-30,2026,5,5,22,1,14,148.4,2010.78,13.55,El Marqués,Planta,34-ELE,Electrónica,4829.03,4110,965,3145,4.26,China,QRO-SLP
5158,2021-03-26,2021-04-02,2021,3,5,7,1,4,23.3,333.39,14.31,Corregidora,Planta,48-ELE,Electrónica,2929.89,2314,767,1547,3.02,USA,QRO-SLP
5159,2021-10-22,2021-10-27,2021,10,5,5,1,2,96.2,1786.2,18.57,Celaya,Planta,25-SEN,Sensores,4979.92,3606,752,2854,4.8,China,QRO-SJR
5160,2026-05-18,2026-05-25,2026,5,1,7,1,4,85,1610.29,18.94,San Luis Potosí,Distribuidor,60-FRE,Frenos,4591.5,2619,968,1651,2.71,México,QRO-MQZ
5161,2024-10-29,2024-11-01,2024,10,2,3,0,0,31.1,495.49,15.93,Querétaro,Distribuidor,27-ELE,Electrónica,1768.11,2885,368,2517,7.84,México,QRO-SJR
5162,2021-11-08,2021-11-14,2021,11,1,6,1,3,88.6,1634.56,18.45,Querétaro,Tier1,9-ELE,Electrónica,3081.81,4325,472,3853,9.16,México,QRO-SLP
5163,2026-05-03,2026-05-29,2026,5,0,26,1,19,116.1,1686.5,14.53,Celaya,Tier1,88-ELE,Electrónica,952.75,1483,288,1195,5.15,USA,QRO-SLP
5164,2026-05-25,2026-06-01,2026,5,1,7,0,0,121.7,2097.95,17.24,León,Planta,36-SUS,Suspensión,787.36,3511,115,3396,30.53,Japón,QRO-MQZ
5165,2024-12-04,2024-12-08,2024,12,3,4,1,1,146.7,2017.06,13.75,San Juan del Río,Taller,88-FRE,Frenos,4043.96,2439,113,2326,21.58,Alemania,QRO-SLP
5166,2021-02-09,2021-02-12,2021,2,2,3,0,0,346.7,6164.57,17.78,Corregidora,Distribuidor,93-SUS,Suspensión,251.29,694,704,-10,0.99,Alemania,QRO-SLP
5167,2022-09-12,2022-09-16,2022,9,1,4,1,1,138.4,1255.92,9.07,León,Taller,46-SEN,Sensores,4891.28,2915,405,2510,7.2,USA,QRO-SJR
5168,2026-05-15,2026-06-01,2026,5,5,17,1,7,234.1,2833.25,12.1,San Juan del Río,Tier1,48-ELE,Electrónica,2929.89,2314,767,1547,3.02,Japón,QRO-MQZ
5169,2025-12-30,2026-01-02,2025,12,2,3,0,0,289.4,4599.39,15.89,León,Planta,96-ELE,Electrónica,4610.48,3616,228,3388,15.86,USA,QRO-MQZ
5170,2022-10-20,2022-10-25,2022,10,4,5,1,2,14.4,144.93,10.06,Celaya,Distribuidor,24-SEN,Sensores,2113.06,4735,936,3799,5.06,USA,QRO-CEL
5171,2022-09-24,2022-09-26,2022,9,6,2,0,0,308.7,3320.42,10.76,San Luis Potosí,Tier1,43-ARN,Arneses,913.85,1716,755,961,2.27,Alemania,QRO-SJR
5172,2022-12-31,2023-01-08,2022,12,6,8,1,5,315.8,5830.44,18.46,San Luis Potosí,Taller,97-SUS,Suspensión,3611.27,2315,112,2203,20.67,Japón,QRO-CEL
5173,2023-08-29,2023-09-05,2023,8,2,7,1,4,130.2,1164.09,8.94,San Luis Potosí,Taller,66-ELE,Electrónica,1657.94,1756,172,1584,10.21,Japón,QRO-SJR
5174,2026-05-24,2026-05-30,2026,5,0,6,0,0,12.6,218.45,17.34,Celaya,Distribuidor,91-SEN,Sensores,4666.99,2159,152,2007,14.2,China,QRO-SJR
5175,2026-05-23,2026-05-31,2026,5,6,8,0,0,312.6,4175.99,13.36,El Marqués,Tier1,84-SEN,Sensores,3879.48,1645,209,1436,7.87,Alemania,QRO-SJR
5176,2024-05-03,2024-05-05,2024,5,5,2,0,0,118.2,1772,14.99,León,Tier1,95-FRE,Frenos,4724.44,71,925,-854,0.08,China,QRO-MQZ
5177,2022-03-14,2022-03-22,2022,3,1,8,1,5,290.6,5522.59,19,Querétaro,Distribuidor,70-SEN,Sensores,1991.74,2888,241,2647,11.98,USA,QRO-CEL
5178,2025-01-21,2025-01-28,2025,1,2,7,1,4,42.2,440.04,10.43,San Juan del Río,Taller,9-SUS,Suspensión,3312.62,269,343,-74,0.78,USA,QRO-MQZ
5179,2023-01-25,2023-01-30,2023,1,3,5,1,2,246.4,3840.14,15.58,Corregidora,Distribuidor,57-ARN,Arneses,607.05,602,337,265,1.79,USA,QRO-CEL
5180,2026-05-11,2026-06-01,2026,5,1,21,1,11,232.8,4193.04,18.01,El Marqués,Tier1,23-FRE,Frenos,3759.37,4902,886,4016,5.53,Alemania,QRO-SJR
5181,2024-01-03,2024-01-10,2024,1,3,7,1,4,166.3,1688.04,10.15,San Luis Potosí,Taller,12-FRE,Frenos,2256.16,1344,843,501,1.59,México,QRO-MQZ
5182,2022-09-06,2022-09-11,2022,9,2,5,1,2,186,2908.35,15.64,León,Taller,43-SEN,Sensores,2429.63,4819,141,4678,34.18,USA,QRO-SLP
5183,2026-05-23,2026-05-25,2026,5,6,2,0,0,165.8,1554.07,9.37,San Luis Potosí,Planta,30-ELE,Electrónica,3031.07,2212,562,1650,3.94,China,QRO-MQZ
5184,2026-05-18,2026-05-28,2026,5,1,10,1,4,284.9,5485.94,19.26,Querétaro,Distribuidor,3-FRE,Frenos,3775.29,2212,377,1835,5.87,China,QRO-MQZ
5185,2023-06-22,2023-06-23,2023,6,4,1,0,0,16.1,134.43,8.35,Corregidora,Distribuidor,60-ELE,Electrónica,1065.78,4715,596,4119,7.91,Japón,QRO-CEL
5186,2026-05-14,2026-05-27,2026,5,4,13,1,8,137.3,1520.14,11.07,El Marqués,Tier1,55-ARN,Arneses,3941.75,4751,961,3790,4.94,Japón,QRO-SJR
5187,2026-05-18,2026-05-26,2026,5,1,8,1,4,141.4,2741.65,19.39,León,Tier1,21-SUS,Suspensión,3922.67,482,217,265,2.22,China,QRO-MQZ
5188,2023-12-11,2023-12-18,2023,12,1,7,1,4,294.5,4368.4,14.83,Celaya,Taller,98-ELE,Electrónica,2480.68,142,273,-131,0.52,USA,QRO-SJR
5189,2021-04-09,2021-04-10,2021,4,5,1,0,0,308.7,3169.41,10.27,San Juan del Río,Tier1,81-FRE,Frenos,857.33,1893,403,1490,4.7,Alemania,QRO-SJR
5190,2021-03-28,2021-03-30,2021,3,0,2,0,0,322.5,5328.42,16.52,Corregidora,Distribuidor,11-SUS,Suspensión,588.59,823,217,606,3.79,USA,QRO-CEL
5191,2023-02-21,2023-02-22,2023,2,2,1,0,0,120.9,1162.84,9.62,San Luis Potosí,Tier1,26-ARN,Arneses,1872.84,4883,185,4698,26.39,Alemania,QRO-SJR
5192,2023-05-18,2023-05-26,2023,5,4,8,1,5,182.1,2606.35,14.31,Querétaro,Planta,27-SUS,Suspensión,4748.31,2962,518,2444,5.72,Alemania,QRO-SJR
5193,2025-05-12,2025-05-15,2025,5,1,3,0,0,315.7,4571.88,14.48,Celaya,Taller,16-SUS,Suspensión,2880.89,356,123,233,2.89,China,QRO-SLP
5194,2026-05-24,2026-06-03,2026,5,0,10,0,0,176.2,1848.93,10.49,León,Planta,52-ARN,Arneses,4854.61,3039,358,2681,8.49,China,QRO-MQZ
5195,2021-05-05,2021-05-08,2021,5,3,3,0,0,277.9,2957.27,10.64,Corregidora,Tier1,58-SEN,Sensores,2617.63,4219,411,3808,10.27,USA,QRO-SJR
5196,2025-02-15,2025-02-20,2025,2,6,5,1,2,254.3,4501.22,17.7,Corregidora,Distribuidor,4-ELE,Electrónica,1583.34,802,919,-117,0.87,China,QRO-MQZ
5197,2022-10-15,2022-10-20,2022,10,6,5,1,2,126.1,1915.39,15.19,Celaya,Tier1,85-SEN,Sensores,1521.2,2920,544,2376,5.37,China,QRO-SLP
5198,2025-02-20,2025-02-27,2025,2,4,7,1,4,195.1,3090.17,15.84,Celaya,Distribuidor,75-SEN,Sensores,2324.33,2246,115,2131,19.53,China,QRO-SJR
5199,2021-10-05,2021-10-12,2021,10,2,7,1,4,63.1,737.22,11.68,León,Taller,75-SEN,Sensores,2324.33,2246,115,2131,19.53,USA,QRO-SJR
5200,2022-07-11,2022-07-12,2022,7,1,1,0,0,87.2,1536.16,17.62,El Marqués,Taller,25-ELE,Electrónica,1552.43,1189,817,372,1.46,Alemania,QRO-MQZ
5201,2026-05-14,2026-05-22,2026,5,4,8,1,5,86.9,1428.4,16.44,San Juan del Río,Taller,22-ELE,Electrónica,4549.91,3883,821,3062,4.73,Alemania,QRO-CEL
5202,2026-05-20,2026-05-26,2026,5,3,6,1,2,45.9,739.49,16.11,León,Tier1,37-ARN,Arneses,1422.73,3772,947,2825,3.98,Alemania,QRO-SLP
5203,2026-05-19,2026-05-28,2026,5,2,9,1,3,278.9,3359.57,12.05,Corregidora,Taller,92-SUS,Suspensión,3033.85,4447,428,4019,10.39,Japón,QRO-SJR
5204,2026-01-25,2026-02-02,2026,1,0,8,1,5,93.9,1235.69,13.16,San Juan del Río,Tier1,58-ARN,Arneses,2254.49,3722,381,3341,9.77,USA,QRO-SLP
5205,2022-02-16,2022-02-24,2022,2,3,8,1,5,327.8,5743.54,17.52,Corregidora,Distribuidor,6-ARN,Arneses,1073.65,2312,666,1646,3.47,Japón,QRO-MQZ
5206,2026-05-22,2026-05-31,2026,5,5,9,0,0,280.3,4709.3,16.8,El Marqués,Taller,55-ELE,Electrónica,4107.15,2573,998,1575,2.58,Alemania,QRO-MQZ
5207,2022-10-31,2022-11-08,2022,10,1,8,1,5,189.3,2175.12,11.49,Celaya,Tier1,15-SUS,Suspensión,3336.34,35,212,-177,0.17,Alemania,QRO-SLP
5208,2024-11-23,2024-11-28,2024,11,6,5,1,2,48.1,681.87,14.18,Corregidora,Distribuidor,60-ELE,Electrónica,1065.78,4715,596,4119,7.91,Alemania,QRO-MQZ
5209,2021-06-27,2021-06-28,2021,6,0,1,0,0,294.5,4986.76,16.93,Querétaro,Tier1,20-SUS,Suspensión,1687.63,629,800,-171,0.79,México,QRO-SJR
5210,2021-06-22,2021-06-28,2021,6,2,6,1,3,200.5,3443.43,17.17,Celaya,Planta,58-SUS,Suspensión,1458.38,4972,879,4093,5.66,México,QRO-CEL
5211,2024-03-06,2024-03-07,2024,3,3,1,0,0,169.1,2447.47,14.47,Querétaro,Tier1,83-FRE,Frenos,4864.67,2926,560,2366,5.22,USA,QRO-MQZ
5212,2023-04-05,2023-04-12,2023,4,3,7,1,4,329.2,6052.62,18.39,San Juan del Río,Taller,48-SEN,Sensores,2080.46,31,818,-787,0.04,USA,QRO-SLP
5213,2023-02-04,2023-02-06,2023,2,6,2,0,0,337.4,5960.22,17.67,San Luis Potosí,Tier1,100-SUS,Suspensión,4542.37,1415,190,1225,7.45,USA,QRO-MQZ
5214,2025-06-05,2025-06-12,2025,6,4,7,1,4,173.3,3377.95,19.49,Celaya,Distribuidor,15-FRE,Frenos,886.52,1011,947,64,1.07,Japón,QRO-SLP
5215,2023-03-14,2023-03-18,2023,3,2,4,1,1,331.5,2803.85,8.46,San Luis Potosí,Tier1,27-SEN,Sensores,2154.77,2124,891,1233,2.38,Japón,QRO-MQZ
5216,2023-02-06,2023-02-14,2023,2,1,8,1,5,296.9,3744.21,12.61,Celaya,Tier1,38-ARN,Arneses,2157.65,2477,447,2030,5.54,Alemania,QRO-CEL
5217,2026-05-24,2026-05-26,2026,5,0,2,0,0,70.9,777.87,10.97,Celaya,Planta,73-SEN,Sensores,1840.37,2686,730,1956,3.68,China,QRO-MQZ
5218,2024-11-20,2024-11-25,2024,11,3,5,1,2,33.2,625.17,18.83,San Luis Potosí,Tier1,99-SEN,Sensores,779.25,3054,160,2894,19.09,Alemania,QRO-MQZ
5219,2022-10-28,2022-11-03,2022,10,5,6,1,3,47.5,694.63,14.62,Querétaro,Tier1,8-SEN,Sensores,4374.33,2187,777,1410,2.81,Alemania,QRO-CEL
5220,2026-05-24,2026-06-04,2026,5,0,11,0,0,138.1,1987.19,14.39,San Juan del Río,Planta,23-ELE,Electrónica,1997.95,1627,354,1273,4.6,China,QRO-SLP
5221,2026-05-19,2026-05-27,2026,5,2,8,1,3,340.2,6758.82,19.87,Querétaro,Tier1,65-ELE,Electrónica,4175.41,3316,875,2441,3.79,USA,QRO-MQZ
5222,2026-03-12,2026-03-18,2026,3,4,6,1,3,135.2,1433.74,10.6,Querétaro,Distribuidor,98-SUS,Suspensión,1541.04,2575,226,2349,11.39,China,QRO-SJR
5223,2023-11-18,2023-11-23,2023,11,6,5,1,2,207.7,1756.82,8.46,El Marqués,Tier1,60-ELE,Electrónica,1065.78,4715,596,4119,7.91,México,QRO-CEL
5224,2022-03-14,2022-03-16,2022,3,1,2,0,0,331.6,4900.79,14.78,San Juan del Río,Taller,15-ARN,Arneses,2004.45,403,614,-211,0.66,China,QRO-MQZ
5225,2026-05-22,2026-05-31,2026,5,5,9,0,0,275.8,3225.99,11.7,San Luis Potosí,Tier1,100-ELE,Electrónica,3513.62,1971,804,1167,2.45,Japón,QRO-CEL
5226,2026-05-01,2026-05-25,2026,5,5,24,1,21,103.2,1465.14,14.2,Querétaro,Planta,6-SUS,Suspensión,2576.41,2042,642,1400,3.18,Japón,QRO-CEL
5227,2023-07-21,2023-07-26,2023,7,5,5,1,2,98.8,992.64,10.05,San Luis Potosí,Distribuidor,5-SUS,Suspensión,1510.97,1853,254,1599,7.3,México,QRO-SJR
5228,2025-07-06,2025-07-10,2025,7,0,4,1,1,207.2,3190.77,15.4,Celaya,Distribuidor,83-ELE,Electrónica,2047.97,1307,286,1021,4.57,China,QRO-MQZ
5229,2026-05-22,2026-06-02,2026,5,5,11,0,0,157,2772.62,17.66,El Marqués,Tier1,50-SEN,Sensores,4354.41,2670,213,2457,12.54,China,QRO-SJR
5230,2023-03-19,2023-03-26,2023,3,0,7,1,4,326.1,3075.4,9.43,San Luis Potosí,Distribuidor,34-ARN,Arneses,4771.65,2699,606,2093,4.45,Japón,QRO-MQZ
5231,2024-04-07,2024-04-10,2024,4,0,3,0,0,183.4,2049.06,11.17,El Marqués,Taller,49-ARN,Arneses,412.82,3527,162,3365,21.77,China,QRO-SJR
5232,2022-05-05,2022-05-11,2022,5,4,6,1,3,291.4,4999.67,17.16,San Juan del Río,Taller,10-FRE,Frenos,553.07,572,283,289,2.02,México,QRO-SJR
5233,2026-05-09,2026-05-26,2026,5,6,17,1,13,258.6,4536.84,17.54,León,Taller,88-ELE,Electrónica,952.75,1483,288,1195,5.15,México,QRO-MQZ
5234,2026-05-21,2026-05-27,2026,5,4,6,1,1,80.8,1581.79,19.58,Corregidora,Tier1,53-SEN,Sensores,2001.95,4699,843,3856,5.57,México,QRO-CEL
5235,2026-05-07,2026-05-26,2026,5,4,19,1,15,82.9,838.8,10.12,Querétaro,Distribuidor,26-FRE,Frenos,4994.24,4421,624,3797,7.08,China,QRO-SLP
5236,2024-05-12,2024-05-19,2024,5,0,7,1,4,209.3,3532.81,16.88,Celaya,Taller,81-ARN,Arneses,4391.37,366,872,-506,0.42,México,QRO-SJR
5237,2026-04-11,2026-04-19,2026,4,6,8,1,5,332.8,2999.8,9.01,San Luis Potosí,Taller,4-ELE,Electrónica,1583.34,802,919,-117,0.87,México,QRO-CEL
5238,2022-09-10,2022-09-13,2022,9,6,3,0,0,290,3145.86,10.85,Celaya,Tier1,80-FRE,Frenos,1456.89,1654,528,1126,3.13,China,QRO-SJR
5239,2026-05-14,2026-05-27,2026,5,4,13,1,8,167.4,2838.97,16.96,Corregidora,Distribuidor,28-ARN,Arneses,615.82,4597,278,4319,16.54,México,QRO-SLP
5240,2026-05-12,2026-05-30,2026,5,2,18,1,10,332.2,3252.3,9.79,Celaya,Taller,10-FRE,Frenos,553.07,572,283,289,2.02,China,QRO-SLP
5241,2024-05-07,2024-05-13,2024,5,2,6,1,3,325,6338.51,19.5,Corregidora,Tier1,34-ARN,Arneses,4771.65,2699,606,2093,4.45,China,QRO-MQZ
5242,2024-01-04,2024-01-07,2024,1,4,3,0,0,197,2037.34,10.34,El Marqués,Taller,13-SUS,Suspensión,186.07,4142,666,3476,6.22,USA,QRO-MQZ
5243,2026-05-03,2026-05-25,2026,5,0,22,1,19,346.6,5452.75,15.73,San Luis Potosí,Taller,6-ELE,Electrónica,1689.54,135,497,-362,0.27,Alemania,QRO-SJR
5244,2026-05-01,2026-05-26,2026,5,5,25,1,21,349.9,5347.87,15.28,Querétaro,Tier1,39-ARN,Arneses,1573.02,936,723,213,1.29,México,QRO-SJR
5245,2024-07-22,2024-07-29,2024,7,1,7,1,4,14.6,206.59,14.15,San Juan del Río,Taller,49-FRE,Frenos,163.61,2823,238,2585,11.86,USA,QRO-MQZ
5246,2025-03-24,2025-03-30,2025,3,1,6,1,3,342.5,6368.95,18.6,El Marqués,Tier1,23-SEN,Sensores,1056.26,3445,649,2796,5.31,China,QRO-SLP
5247,2024-12-19,2024-12-21,2024,12,4,2,0,0,61.4,627.17,10.21,San Juan del Río,Taller,91-FRE,Frenos,4291.8,4493,112,4381,40.12,USA,QRO-MQZ
5248,2026-05-01,2026-05-04,2026,5,5,3,0,0,300,5042.36,16.81,Corregidora,Planta,6-ELE,Electrónica,1689.54,135,497,-362,0.27,México,QRO-CEL
5249,2024-03-30,2024-04-01,2024,3,6,2,0,0,14.9,223.12,14.97,San Luis Potosí,Tier1,61-SUS,Suspensión,1710.59,631,965,-334,0.65,Japón,QRO-SLP
5250,2023-02-23,2023-02-27,2023,2,4,4,1,1,343,4861.02,14.17,Querétaro,Distribuidor,16-SEN,Sensores,498.65,4923,754,4169,6.53,México,QRO-SLP
5251,2021-05-29,2021-06-03,2021,5,6,5,1,2,134.8,2417.68,17.94,San Juan del Río,Tier1,71-ARN,Arneses,4201.41,2624,106,2518,24.75,USA,QRO-SLP
5252,2026-01-23,2026-01-29,2026,1,5,6,1,3,345.2,5708.61,16.54,León,Taller,87-ARN,Arneses,4993.62,4977,367,4610,13.56,USA,QRO-SLP
5253,2024-05-12,2024-05-19,2024,5,0,7,1,4,345,5458.32,15.82,Querétaro,Taller,5-ELE,Electrónica,92.23,1679,445,1234,3.77,China,QRO-MQZ
5254,2022-01-17,2022-01-23,2022,1,1,6,1,3,51.1,608.71,11.91,León,Tier1,47-ELE,Electrónica,129.58,3309,950,2359,3.48,China,QRO-CEL
5255,2023-07-13,2023-07-20,2023,7,4,7,1,4,45.2,673.69,14.9,Querétaro,Distribuidor,98-SUS,Suspensión,1541.04,2575,226,2349,11.39,Japón,QRO-CEL
5256,2026-05-25,2026-06-04,2026,5,1,10,0,0,272.3,2768.41,10.17,El Marqués,Tier1,37-ARN,Arneses,1422.73,3772,947,2825,3.98,México,QRO-MQZ
5257,2021-02-11,2021-02-19,2021,2,4,8,1,5,227.7,4272.88,18.77,León,Planta,69-FRE,Frenos,186.87,4709,419,4290,11.24,USA,QRO-MQZ
5258,2026-05-01,2026-05-26,2026,5,5,25,1,21,234.9,2751.87,11.72,El Marqués,Taller,83-ARN,Arneses,4089.81,3819,304,3515,12.56,México,QRO-CEL
5259,2026-05-25,2026-06-02,2026,5,1,8,0,0,85.1,803.6,9.44,San Luis Potosí,Planta,46-SEN,Sensores,4891.28,2915,405,2510,7.2,Alemania,QRO-CEL
5260,2021-10-31,2021-11-01,2021,10,0,1,0,0,149.3,1521.26,10.19,Querétaro,Tier1,46-SUS,Suspensión,1653.36,4322,935,3387,4.62,Alemania,QRO-SJR
5261,2026-05-22,2026-05-26,2026,5,5,4,0,0,66.7,560.42,8.4,San Luis Potosí,Taller,28-ARN,Arneses,615.82,4597,278,4319,16.54,USA,QRO-SLP
5262,2024-01-17,2024-01-25,2024,1,3,8,1,5,145.7,2280.23,15.65,Celaya,Planta,44-ELE,Electrónica,1705.75,4295,341,3954,12.6,China,QRO-MQZ
5263,2026-04-23,2026-04-27,2026,4,4,4,1,1,343.2,3077.59,8.97,León,Tier1,78-ELE,Electrónica,2160.49,2923,533,2390,5.48,México,QRO-SLP
5264,2024-11-07,2024-11-14,2024,11,4,7,1,4,207.6,2162.02,10.41,León,Planta,96-SUS,Suspensión,3516.22,1894,371,1523,5.11,México,QRO-MQZ
5265,2021-10-21,2021-10-24,2021,10,4,3,0,0,167.1,1597.86,9.56,Celaya,Distribuidor,78-FRE,Frenos,641.45,617,398,219,1.55,México,QRO-SLP
5266,2026-02-22,2026-02-28,2026,2,0,6,1,3,87.8,1356.61,15.45,El Marqués,Taller,36-ELE,Electrónica,1042.23,3858,726,3132,5.31,Japón,QRO-SLP
5267,2022-12-06,2022-12-10,2022,12,2,4,1,1,306.8,5037.15,16.42,Corregidora,Tier1,100-SEN,Sensores,1884.18,1812,275,1537,6.59,China,QRO-SLP
5268,2024-04-05,2024-04-06,2024,4,5,1,0,0,284.4,4243.95,14.92,San Juan del Río,Planta,12-ELE,Electrónica,2050.98,4806,509,4297,9.44,China,QRO-CEL
5269,2026-03-26,2026-04-01,2026,3,4,6,1,3,16.7,173.35,10.38,El Marqués,Taller,17-SEN,Sensores,2051.63,4952,131,4821,37.8,China,QRO-MQZ
5270,2022-01-05,2022-01-13,2022,1,3,8,1,5,174.1,2552.71,14.66,San Luis Potosí,Taller,55-ARN,Arneses,3941.75,4751,961,3790,4.94,Alemania,QRO-SLP
5271,2021-08-07,2021-08-09,2021,8,6,2,0,0,155.7,1266.88,8.14,Corregidora,Planta,48-FRE,Frenos,3081.99,4282,516,3766,8.3,USA,QRO-MQZ
5272,2026-05-25,2026-06-02,2026,5,1,8,0,0,102.9,953.21,9.26,El Marqués,Taller,3-SUS,Suspensión,3159.17,1739,584,1155,2.98,USA,QRO-MQZ
5273,2026-05-07,2026-05-31,2026,5,4,24,1,15,325.8,4168.09,12.79,Querétaro,Planta,82-ARN,Arneses,1708.12,766,973,-207,0.79,Alemania,QRO-MQZ
5274,2026-05-05,2026-05-27,2026,5,2,22,1,17,61.9,775.15,12.52,Querétaro,Tier1,100-ARN,Arneses,1116.73,659,716,-57,0.92,Alemania,QRO-MQZ
5275,2025-04-18,2025-04-23,2025,4,5,5,1,2,244,4334.49,17.76,San Juan del Río,Planta,50-SEN,Sensores,4354.41,2670,213,2457,12.54,México,QRO-SJR
5276,2026-05-19,2026-05-26,2026,5,2,7,1,3,30.5,428.35,14.04,León,Planta,51-SEN,Sensores,3785.32,2882,317,2565,9.09,Japón,QRO-CEL
5277,2023-04-22,2023-04-28,2023,4,6,6,1,3,103.9,1037.4,9.98,El Marqués,Tier1,15-ELE,Electrónica,1562.18,742,986,-244,0.75,Japón,QRO-SJR
5278,2021-08-25,2021-08-30,2021,8,3,5,1,2,260.2,3464.97,13.32,Querétaro,Tier1,84-FRE,Frenos,3127.21,853,327,526,2.61,USA,QRO-SJR
5279,2022-09-04,2022-09-12,2022,9,0,8,1,5,310.4,3078.1,9.92,León,Taller,61-SEN,Sensores,110.24,3207,891,2316,3.6,México,QRO-SLP
5280,2024-10-20,2024-10-22,2024,10,0,2,0,0,241.9,3992.2,16.5,Corregidora,Tier1,36-SEN,Sensores,591.08,3132,264,2868,11.86,México,QRO-SJR
5281,2024-05-28,2024-06-02,2024,5,2,5,1,2,22.5,293.96,13.06,El Marqués,Taller,9-FRE,Frenos,366.33,1374,473,901,2.9,USA,QRO-MQZ
5282,2026-05-18,2026-05-27,2026,5,1,9,1,4,349.9,4584.72,13.1,Querétaro,Tier1,74-ARN,Arneses,1238.29,2950,908,2042,3.25,Alemania,QRO-MQZ
5283,2026-05-21,2026-05-31,2026,5,4,10,1,1,218.6,3445.37,15.76,León,Tier1,69-SEN,Sensores,2210.85,4509,513,3996,8.79,Japón,QRO-CEL
5284,2026-05-01,2026-05-31,2026,5,5,30,1,21,15.2,248.68,16.36,Querétaro,Tier1,13-ARN,Arneses,1454.25,4822,879,3943,5.49,México,QRO-SLP
5285,2022-05-19,2022-05-23,2022,5,4,4,1,1,120.1,1866.82,15.54,Corregidora,Tier1,88-ARN,Arneses,4573.3,1325,367,958,3.61,Japón,QRO-MQZ
5286,2023-12-15,2023-12-16,2023,12,5,1,0,0,115.6,2212.26,19.14,San Juan del Río,Taller,1-ARN,Arneses,3422.68,3382,224,3158,15.1,USA,QRO-SJR
5287,2024-05-27,2024-05-30,2024,5,1,3,0,0,218.1,3008.37,13.79,El Marqués,Tier1,94-SUS,Suspensión,345.62,2291,202,2089,11.34,China,QRO-CEL
5288,2021-11-20,2021-11-23,2021,11,6,3,0,0,134.3,1575.22,11.73,León,Planta,37-FRE,Frenos,4079.98,4495,915,3580,4.91,China,QRO-SJR
5289,2024-09-09,2024-09-15,2024,9,1,6,1,3,105.4,1222.26,11.6,Querétaro,Tier1,96-SUS,Suspensión,3516.22,1894,371,1523,5.11,China,QRO-MQZ
5290,2026-01-04,2026-01-05,2026,1,0,1,0,0,191.5,2035.87,10.63,León,Taller,26-ARN,Arneses,1872.84,4883,185,4698,26.39,Japón,QRO-SJR
5291,2026-04-22,2026-04-23,2026,4,3,1,0,0,318.7,3828.41,12.01,San Juan del Río,Tier1,90-ELE,Electrónica,2914.45,2443,282,2161,8.66,USA,QRO-SLP
5292,2026-05-09,2026-05-29,2026,5,6,20,1,13,312.7,4111.84,13.15,Querétaro,Planta,53-SEN,Sensores,2001.95,4699,843,3856,5.57,Japón,QRO-CEL
5293,2026-05-16,2026-05-31,2026,5,6,15,1,6,24.6,351.35,14.28,Celaya,Taller,81-ARN,Arneses,4391.37,366,872,-506,0.42,Japón,QRO-MQZ
5294,2026-05-10,2026-05-28,2026,5,0,18,1,12,79.2,1532.3,19.35,Querétaro,Tier1,29-SEN,Sensores,3933.04,3258,672,2586,4.85,México,QRO-SLP
5295,2026-05-19,2026-05-26,2026,5,2,7,1,3,137.5,1280.37,9.31,León,Taller,71-ELE,Electrónica,3176.69,1574,322,1252,4.89,China,QRO-CEL
5296,2024-03-02,2024-03-05,2024,3,6,3,0,0,25.7,474.51,18.46,Querétaro,Taller,21-ARN,Arneses,2688.88,472,527,-55,0.9,China,QRO-MQZ
5297,2024-07-29,2024-08-02,2024,7,1,4,1,1,137.7,1102.34,8.01,Querétaro,Tier1,76-ELE,Electrónica,1417.28,705,976,-271,0.72,Japón,QRO-CEL
5298,2026-05-23,2026-05-27,2026,5,6,4,0,0,250.8,3720.12,14.83,Corregidora,Distribuidor,100-SUS,Suspensión,4542.37,1415,190,1225,7.45,China,QRO-SLP
5299,2024-08-07,2024-08-14,2024,8,3,7,1,4,32.7,644.16,19.7,San Juan del Río,Planta,89-ELE,Electrónica,2876,159,938,-779,0.17,Japón,QRO-CEL
5300,2026-05-11,2026-05-30,2026,5,1,19,1,11,34.5,687.79,19.94,Celaya,Distribuidor,75-FRE,Frenos,2586.79,1278,749,529,1.71,Japón,QRO-SJR
5301,2026-03-09,2026-03-10,2026,3,1,1,0,0,136.5,1366.15,10.01,León,Tier1,88-ELE,Electrónica,952.75,1483,288,1195,5.15,Alemania,QRO-MQZ
5302,2026-05-05,2026-06-01,2026,5,2,27,1,17,145.7,2248.9,15.44,Querétaro,Tier1,8-ELE,Electrónica,1771.55,3926,741,3185,5.3,China,QRO-CEL
5303,2023-10-24,2023-11-01,2023,10,2,8,1,5,165.9,2911.98,17.55,León,Planta,57-ARN,Arneses,607.05,602,337,265,1.79,USA,QRO-CEL
5304,2025-10-14,2025-10-19,2025,10,2,5,1,2,143.9,2812.11,19.54,Celaya,Taller,40-SEN,Sensores,1730.14,4560,975,3585,4.68,USA,QRO-SLP
5305,2024-08-22,2024-08-25,2024,8,4,3,0,0,274.4,4684.01,17.07,Querétaro,Distribuidor,1-SUS,Suspensión,3019.89,3188,814,2374,3.92,Japón,QRO-SJR
5306,2024-10-31,2024-11-08,2024,10,4,8,1,5,230.1,2876.56,12.5,Celaya,Tier1,98-ELE,Electrónica,2480.68,142,273,-131,0.52,Japón,QRO-SLP
5307,2026-01-01,2026-01-09,2026,1,4,8,1,5,226.2,2224.28,9.83,León,Tier1,95-ELE,Electrónica,4863.69,3953,627,3326,6.3,Alemania,QRO-MQZ
5308,2026-05-15,2026-05-29,2026,5,5,14,1,7,169.7,2410.05,14.2,San Juan del Río,Taller,57-ELE,Electrónica,4825.73,3798,194,3604,19.58,Japón,QRO-SLP
5309,2024-12-23,2024-12-27,2024,12,1,4,1,1,127,1311.89,10.33,San Luis Potosí,Tier1,51-ARN,Arneses,2205.11,3816,443,3373,8.61,Japón,QRO-MQZ
5310,2024-10-18,2024-10-21,2024,10,5,3,0,0,255.2,4857.07,19.03,El Marqués,Planta,80-ARN,Arneses,2549.16,1887,973,914,1.94,Alemania,QRO-SLP
5311,2022-03-15,2022-03-20,2022,3,2,5,1,2,49,827.63,16.89,Celaya,Tier1,79-SEN,Sensores,3466.99,835,695,140,1.2,China,QRO-SLP
5312,2025-09-16,2025-09-21,2025,9,2,5,1,2,72.4,1014.42,14.01,León,Tier1,69-ELE,Electrónica,1827.32,416,556,-140,0.75,Japón,QRO-SLP
5313,2025-11-12,2025-11-16,2025,11,3,4,1,1,129.1,1874.39,14.52,Celaya,Distribuidor,73-SUS,Suspensión,1205.2,139,592,-453,0.23,USA,QRO-MQZ
5314,2026-05-05,2026-05-26,2026,5,2,21,1,17,320.1,5305.74,16.58,Corregidora,Tier1,86-SUS,Suspensión,1070.24,3068,901,2167,3.41,USA,QRO-SJR
5315,2026-03-23,2026-03-24,2026,3,1,1,0,0,146,1808.43,12.39,León,Tier1,60-SEN,Sensores,4618.25,4938,354,4584,13.95,México,QRO-SLP
5316,2022-04-24,2022-04-28,2022,4,0,4,1,1,66.9,674.15,10.08,Celaya,Planta,37-FRE,Frenos,4079.98,4495,915,3580,4.91,China,QRO-SLP
5317,2025-03-23,2025-03-24,2025,3,0,1,0,0,238.1,2673.16,11.23,Corregidora,Distribuidor,58-SUS,Suspensión,1458.38,4972,879,4093,5.66,Japón,QRO-MQZ
5318,2026-05-03,2026-05-28,2026,5,0,25,1,19,46.6,784.7,16.84,León,Tier1,92-SUS,Suspensión,3033.85,4447,428,4019,10.39,México,QRO-SJR
5319,2023-07-13,2023-07-21,2023,7,4,8,1,5,112.8,1432.51,12.7,León,Tier1,14-FRE,Frenos,3534.94,4023,455,3568,8.84,México,QRO-SLP
5320,2022-03-10,2022-03-18,2022,3,4,8,1,5,336.3,3537.61,10.52,Querétaro,Tier1,14-SEN,Sensores,1286.42,722,555,167,1.3,Japón,QRO-MQZ
5321,2022-10-12,2022-10-14,2022,10,3,2,0,0,230.8,3793.64,16.44,El Marqués,Taller,3-FRE,Frenos,3775.29,2212,377,1835,5.87,Japón,QRO-SJR
5322,2022-02-02,2022-02-03,2022,2,3,1,0,0,24.9,291.03,11.69,León,Planta,21-SUS,Suspensión,3922.67,482,217,265,2.22,USA,QRO-SJR
5323,2025-03-11,2025-03-17,2025,3,2,6,1,3,14.9,143.84,9.65,Corregidora,Tier1,19-ARN,Arneses,3708.16,4895,837,4058,5.85,México,QRO-SLP
5324,2022-09-03,2022-09-07,2022,9,6,4,1,1,108.4,2024.3,18.67,San Juan del Río,Taller,55-FRE,Frenos,3030.18,3583,896,2687,4,México,QRO-CEL
5325,2026-05-22,2026-06-03,2026,5,5,12,0,0,264.3,4409.11,16.68,San Luis Potosí,Tier1,75-SUS,Suspensión,269.17,1657,967,690,1.71,Alemania,QRO-CEL
5326,2026-05-22,2026-05-25,2026,5,5,3,0,0,219.8,4327.66,19.69,León,Planta,23-FRE,Frenos,3759.37,4902,886,4016,5.53,Alemania,QRO-SJR
5327,2025-01-13,2025-01-14,2025,1,1,1,0,0,241,2131.51,8.84,Corregidora,Tier1,42-FRE,Frenos,4554.59,2399,529,1870,4.53,China,QRO-SJR
5328,2026-01-31,2026-02-01,2026,1,6,1,0,0,62.9,1009.68,16.05,León,Tier1,19-SEN,Sensores,1116.53,4535,959,3576,4.73,USA,QRO-SLP
5329,2026-05-01,2026-05-26,2026,5,5,25,1,21,159.5,2647.93,16.6,Corregidora,Taller,35-ELE,Electrónica,1141.28,3576,681,2895,5.25,Alemania,QRO-MQZ
5330,2021-12-20,2021-12-21,2021,12,1,1,0,0,10.6,205.55,19.39,León,Tier1,23-ELE,Electrónica,1997.95,1627,354,1273,4.6,México,QRO-SLP
5331,2025-09-27,2025-10-04,2025,9,6,7,1,4,273.6,3492.77,12.77,Corregidora,Distribuidor,74-FRE,Frenos,4844.7,4945,375,4570,13.19,China,QRO-MQZ
5332,2026-05-03,2026-05-28,2026,5,0,25,1,19,68.9,988.06,14.34,Corregidora,Planta,21-ARN,Arneses,2688.88,472,527,-55,0.9,China,QRO-CEL
5333,2024-03-28,2024-04-02,2024,3,4,5,1,2,259.9,2929.61,11.27,Celaya,Taller,49-SUS,Suspensión,2456.79,4682,791,3891,5.92,Alemania,QRO-MQZ
5334,2026-05-17,2026-05-29,2026,5,0,12,1,5,18.1,348.83,19.27,San Juan del Río,Taller,87-SEN,Sensores,1243.01,2731,878,1853,3.11,Japón,QRO-SJR
5335,2025-04-18,2025-04-26,2025,4,5,8,1,5,334.1,5048.91,15.11,San Luis Potosí,Tier1,15-SEN,Sensores,4743.16,142,448,-306,0.32,Alemania,QRO-SJR
5336,2022-09-19,2022-09-27,2022,9,1,8,1,5,273.9,4212.65,15.38,San Juan del Río,Taller,76-FRE,Frenos,3738.99,1682,676,1006,2.49,Alemania,QRO-SLP
5337,2026-05-20,2026-05-31,2026,5,3,11,1,2,90.2,1749.46,19.4,Querétaro,Taller,30-ARN,Arneses,1865.58,2831,105,2726,26.96,China,QRO-MQZ
5338,2026-05-12,2026-05-29,2026,5,2,17,1,10,48.8,907.27,18.59,San Juan del Río,Tier1,65-ARN,Arneses,844,2641,720,1921,3.67,USA,QRO-MQZ
5339,2025-04-02,2025-04-03,2025,4,3,1,0,0,243.6,1975.23,8.11,San Juan del Río,Planta,10-ARN,Arneses,1421.89,2478,555,1923,4.46,México,QRO-SLP
5340,2024-12-10,2024-12-17,2024,12,2,7,1,4,331.1,4228.93,12.77,El Marqués,Tier1,32-ARN,Arneses,1534.06,183,367,-184,0.5,China,QRO-SLP
5341,2022-01-23,2022-01-29,2022,1,0,6,1,3,196.9,3521.39,17.88,Querétaro,Tier1,70-ARN,Arneses,1874.06,2106,688,1418,3.06,Japón,QRO-CEL
5342,2026-05-17,2026-05-31,2026,5,0,14,1,5,194.9,3870.59,19.86,Querétaro,Distribuidor,69-ELE,Electrónica,1827.32,416,556,-140,0.75,Japón,QRO-SLP
5343,2021-10-09,2021-10-17,2021,10,6,8,1,5,209.3,1957.31,9.35,León,Tier1,51-FRE,Frenos,1270.56,3380,623,2757,5.43,Japón,QRO-CEL
5344,2022-09-11,2022-09-12,2022,9,0,1,0,0,55.7,938.06,16.84,Corregidora,Distribuidor,3-FRE,Frenos,3775.29,2212,377,1835,5.87,Alemania,QRO-SLP
5345,2021-03-29,2021-04-02,2021,3,1,4,1,1,270.6,4012.88,14.83,Querétaro,Tier1,44-ARN,Arneses,4310.1,1228,335,893,3.67,China,QRO-CEL
5346,2023-03-30,2023-04-06,2023,3,4,7,1,4,57,865.43,15.18,Querétaro,Tier1,6-FRE,Frenos,4765.97,4975,994,3981,5.01,México,QRO-SLP
5347,2021-04-05,2021-04-09,2021,4,1,4,1,1,128.9,1719.99,13.34,Querétaro,Tier1,96-FRE,Frenos,3819.86,1364,751,613,1.82,China,QRO-MQZ
5348,2023-04-07,2023-04-15,2023,4,5,8,1,5,203.5,1964.06,9.65,San Juan del Río,Planta,96-SEN,Sensores,4971.73,4377,915,3462,4.78,China,QRO-SJR
5349,2025-09-22,2025-09-28,2025,9,1,6,1,3,139,2180.63,15.69,San Juan del Río,Tier1,54-ARN,Arneses,3425.08,4574,874,3700,5.23,Japón,QRO-SLP
5350,2026-05-08,2026-06-01,2026,5,5,24,1,14,221.8,1785.57,8.05,San Juan del Río,Tier1,88-ARN,Arneses,4573.3,1325,367,958,3.61,China,QRO-SLP
5351,2022-02-09,2022-02-16,2022,2,3,7,1,4,313.7,4614.67,14.71,Querétaro,Distribuidor,33-SUS,Suspensión,3309.06,3967,660,3307,6.01,México,QRO-SLP
5352,2026-05-09,2026-05-27,2026,5,6,18,1,13,254.4,3608.93,14.19,Corregidora,Tier1,40-ARN,Arneses,288.05,1674,857,817,1.95,China,QRO-MQZ
5353,2026-05-16,2026-05-27,2026,5,6,11,1,6,29.9,490.2,16.39,El Marqués,Planta,20-FRE,Frenos,3362.99,3735,334,3401,11.18,China,QRO-CEL
5354,2025-03-14,2025-03-19,2025,3,5,5,1,2,133.4,2402.74,18.01,Celaya,Planta,20-SUS,Suspensión,1687.63,629,800,-171,0.79,China,QRO-SJR
5355,2026-05-20,2026-05-25,2026,5,3,5,1,2,122.1,1575.77,12.91,Celaya,Tier1,15-ARN,Arneses,2004.45,403,614,-211,0.66,Japón,QRO-CEL
5356,2024-01-16,2024-01-21,2024,1,2,5,1,2,299.5,2527.37,8.44,San Luis Potosí,Tier1,57-ARN,Arneses,607.05,602,337,265,1.79,México,QRO-CEL
5357,2021-02-20,2021-02-22,2021,2,6,2,0,0,66,1090.92,16.53,Celaya,Tier1,77-ARN,Arneses,4833.11,3865,647,3218,5.97,Japón,QRO-SLP
5358,2026-03-30,2026-04-01,2026,3,1,2,0,0,209.5,3070.34,14.66,León,Tier1,70-SUS,Suspensión,3232.39,1824,203,1621,8.99,México,QRO-MQZ
5359,2025-03-27,2025-04-02,2025,3,4,6,1,3,172.2,2097.44,12.18,Querétaro,Planta,57-SEN,Sensores,1514.51,438,789,-351,0.56,Japón,QRO-CEL
5360,2026-05-04,2026-06-01,2026,5,1,28,1,18,319.2,4803.99,15.05,Celaya,Distribuidor,90-ELE,Electrónica,2914.45,2443,282,2161,8.66,México,QRO-MQZ
5361,2022-03-22,2022-03-25,2022,3,2,3,0,0,80.2,741.67,9.25,San Juan del Río,Taller,86-FRE,Frenos,4599.2,3868,867,3001,4.46,Alemania,QRO-SLP
5362,2026-05-23,2026-06-03,2026,5,6,11,0,0,255.7,2981.89,11.66,San Luis Potosí,Distribuidor,87-ELE,Electrónica,370.62,1029,479,550,2.15,Alemania,QRO-MQZ
5363,2026-05-04,2026-06-01,2026,5,1,28,1,18,277,4848.38,17.5,El Marqués,Taller,18-SUS,Suspensión,340.23,926,375,551,2.47,USA,QRO-SJR
5364,2025-03-04,2025-03-11,2025,3,2,7,1,4,321.5,5162.66,16.06,Querétaro,Planta,45-FRE,Frenos,1728.34,1258,154,1104,8.17,Alemania,QRO-MQZ
5365,2026-05-16,2026-05-30,2026,5,6,14,1,6,70.9,870.66,12.28,Corregidora,Distribuidor,98-FRE,Frenos,1762.7,3662,966,2696,3.79,China,QRO-SJR
5366,2023-01-11,2023-01-18,2023,1,3,7,1,4,317.1,2711.52,8.55,León,Tier1,29-SUS,Suspensión,2268.03,800,134,666,5.97,Alemania,QRO-SLP
5367,2026-05-04,2026-06-01,2026,5,1,28,1,18,116.5,1328.51,11.4,León,Planta,38-FRE,Frenos,2176.42,4632,529,4103,8.76,China,QRO-CEL
5368,2021-11-05,2021-11-07,2021,11,5,2,0,0,196,3484.41,17.78,Celaya,Planta,99-FRE,Frenos,4195.98,3122,126,2996,24.78,USA,QRO-SJR
5369,2023-02-28,2023-03-04,2023,2,2,4,1,1,138.4,1421.1,10.27,Querétaro,Distribuidor,38-SUS,Suspensión,1970.13,3514,114,3400,30.82,Alemania,QRO-SLP
5370,2025-08-01,2025-08-09,2025,8,5,8,1,5,260.3,3129.03,12.02,Querétaro,Taller,77-SUS,Suspensión,2408.66,2567,263,2304,9.76,México,QRO-SLP
5371,2024-11-11,2024-11-16,2024,11,1,5,1,2,326.6,6490.42,19.87,León,Tier1,12-ARN,Arneses,4577.37,1662,429,1233,3.87,México,QRO-SJR
5372,2023-09-01,2023-09-05,2023,9,5,4,1,1,278.7,2410.28,8.65,San Juan del Río,Planta,1-ARN,Arneses,3422.68,3382,224,3158,15.1,USA,QRO-SLP
5373,2022-01-26,2022-01-30,2022,1,3,4,1,1,122.5,1899.96,15.51,Querétaro,Tier1,75-ARN,Arneses,783.6,3454,262,3192,13.18,China,QRO-CEL
5374,2026-05-08,2026-05-25,2026,5,5,17,1,14,183.4,1656.05,9.03,Corregidora,Planta,97-SUS,Suspensión,3611.27,2315,112,2203,20.67,México,QRO-SLP
5375,2023-11-25,2023-11-27,2023,11,6,2,0,0,262.1,2618.83,9.99,Querétaro,Tier1,86-ELE,Electrónica,4667.98,3468,649,2819,5.34,China,QRO-SJR
5376,2022-09-06,2022-09-10,2022,9,2,4,1,1,124.9,1538.23,12.32,Querétaro,Planta,32-SEN,Sensores,1196.78,3120,728,2392,4.29,Alemania,QRO-MQZ
5377,2023-06-26,2023-06-30,2023,6,1,4,1,1,126.5,1466.57,11.59,San Juan del Río,Planta,55-ARN,Arneses,3941.75,4751,961,3790,4.94,Japón,QRO-SLP
5378,2026-05-01,2026-05-26,2026,5,5,25,1,21,117.7,1530.28,13,Celaya,Distribuidor,92-FRE,Frenos,3332.83,2180,940,1240,2.32,Alemania,QRO-CEL
5379,2024-11-22,2024-11-29,2024,11,5,7,1,4,129,1280.98,9.93,El Marqués,Tier1,8-SUS,Suspensión,926.42,4541,250,4291,18.16,China,QRO-CEL
5380,2023-11-10,2023-11-17,2023,11,5,7,1,4,337.9,4122.79,12.2,El Marqués,Taller,5-ELE,Electrónica,92.23,1679,445,1234,3.77,USA,QRO-MQZ
5381,2022-12-24,2022-12-28,2022,12,6,4,1,1,331.3,5443.86,16.43,León,Taller,8-ELE,Electrónica,1771.55,3926,741,3185,5.3,México,QRO-MQZ
5382,2026-05-24,2026-05-31,2026,5,0,7,0,0,199.3,1690.6,8.48,Querétaro,Distribuidor,82-SUS,Suspensión,998.09,2299,178,2121,12.92,Alemania,QRO-CEL
5383,2022-03-29,2022-04-06,2022,3,2,8,1,5,257,4676.02,18.19,San Juan del Río,Planta,7-ARN,Arneses,2965.42,1199,206,993,5.82,Alemania,QRO-CEL
5384,2023-01-19,2023-01-21,2023,1,4,2,0,0,225.6,2698.65,11.96,San Luis Potosí,Distribuidor,42-FRE,Frenos,4554.59,2399,529,1870,4.53,USA,QRO-SLP
5385,2024-06-25,2024-06-29,2024,6,2,4,1,1,124,2191.31,17.67,Querétaro,Distribuidor,76-SUS,Suspensión,1064.99,2521,492,2029,5.12,China,QRO-SJR
5386,2023-04-21,2023-04-22,2023,4,5,1,0,0,237.4,2070.28,8.72,San Juan del Río,Planta,26-FRE,Frenos,4994.24,4421,624,3797,7.08,México,QRO-SLP
5387,2026-05-24,2026-06-06,2026,5,0,13,0,0,297.3,3372.84,11.34,El Marqués,Tier1,85-ARN,Arneses,182.43,4967,727,4240,6.83,Japón,QRO-SLP
5388,2023-03-10,2023-03-18,2023,3,5,8,1,5,162.5,1558.75,9.59,Celaya,Planta,60-ARN,Arneses,4406.3,1,551,-550,0,México,QRO-SJR
5389,2026-02-08,2026-02-16,2026,2,0,8,1,5,204,2219.98,10.88,Corregidora,Tier1,73-SEN,Sensores,1840.37,2686,730,1956,3.68,Japón,QRO-CEL
5390,2026-04-15,2026-04-18,2026,4,3,3,0,0,45.3,436.82,9.64,Celaya,Tier1,29-ARN,Arneses,4197.3,2125,821,1304,2.59,Japón,QRO-MQZ
5391,2026-05-11,2026-05-31,2026,5,1,20,1,11,141.3,2076.52,14.7,Celaya,Distribuidor,91-ARN,Arneses,3259.69,1994,705,1289,2.83,USA,QRO-SLP
5392,2026-05-08,2026-05-29,2026,5,5,21,1,14,17.9,274.76,15.35,San Juan del Río,Planta,1-SEN,Sensores,1859.2,2796,887,1909,3.15,México,QRO-CEL
5393,2023-07-25,2023-07-27,2023,7,2,2,0,0,204.4,1771.15,8.67,El Marqués,Tier1,66-SEN,Sensores,2796.85,2735,811,1924,3.37,USA,QRO-SJR
5394,2026-05-11,2026-05-27,2026,5,1,16,1,11,306.7,5492.06,17.91,Corregidora,Planta,10-SEN,Sensores,4186.41,1042,960,82,1.09,Japón,QRO-MQZ
5395,2023-09-09,2023-09-17,2023,9,6,8,1,5,20.7,324.97,15.7,El Marqués,Taller,61-FRE,Frenos,2992.6,2417,256,2161,9.44,México,QRO-MQZ
5396,2022-03-29,2022-03-31,2022,3,2,2,0,0,147.6,1630.36,11.05,León,Planta,3-SEN,Sensores,523.6,1191,770,421,1.55,USA,QRO-CEL
5397,2024-09-14,2024-09-19,2024,9,6,5,1,2,229,2471.03,10.79,Corregidora,Distribuidor,13-FRE,Frenos,1618.96,1055,651,404,1.62,China,QRO-SLP
5398,2026-05-21,2026-05-30,2026,5,4,9,1,1,221,1977.94,8.95,Corregidora,Distribuidor,65-ARN,Arneses,844,2641,720,1921,3.67,México,QRO-SLP
5399,2026-05-18,2026-05-26,2026,5,1,8,1,4,30.1,350.03,11.63,San Luis Potosí,Planta,99-ELE,Electrónica,1359.1,1089,262,827,4.16,México,QRO-CEL
5400,2026-05-23,2026-05-31,2026,5,6,8,0,0,134.2,1129.66,8.42,León,Tier1,77-SEN,Sensores,2481.2,2143,179,1964,11.97,Japón,QRO-MQZ
5401,2026-05-01,2026-05-26,2026,5,5,25,1,21,210.8,2333.35,11.07,Querétaro,Tier1,99-ELE,Electrónica,1359.1,1089,262,827,4.16,Alemania,QRO-CEL
5402,2023-08-05,2023-08-12,2023,8,6,7,1,4,249.3,4535.76,18.19,Corregidora,Tier1,54-ARN,Arneses,3425.08,4574,874,3700,5.23,China,QRO-CEL
5403,2026-05-04,2026-05-25,2026,5,1,21,1,18,293.5,4651.92,15.85,León,Tier1,41-FRE,Frenos,402.6,1519,142,1377,10.7,China,QRO-SJR
5404,2026-03-13,2026-03-17,2026,3,5,4,1,1,218,2863.86,13.14,El Marqués,Planta,98-SEN,Sensores,2084.79,1561,258,1303,6.05,USA,QRO-MQZ
5405,2025-03-09,2025-03-11,2025,3,0,2,0,0,300.2,3777.67,12.58,El Marqués,Distribuidor,12-ELE,Electrónica,2050.98,4806,509,4297,9.44,Japón,QRO-CEL
5406,2021-03-15,2021-03-16,2021,3,1,1,0,0,232,2029.62,8.75,El Marqués,Taller,9-ARN,Arneses,1971.31,2328,930,1398,2.5,Alemania,QRO-MQZ
5407,2026-05-21,2026-05-29,2026,5,4,8,1,1,170.7,1369.66,8.02,Querétaro,Tier1,48-FRE,Frenos,3081.99,4282,516,3766,8.3,China,QRO-SJR
5408,2026-05-09,2026-05-25,2026,5,6,16,1,13,52.2,892.89,17.11,Corregidora,Distribuidor,32-SEN,Sensores,1196.78,3120,728,2392,4.29,México,QRO-SJR
5409,2026-05-23,2026-05-26,2026,5,6,3,0,0,135.6,2296.95,16.94,Querétaro,Tier1,37-ARN,Arneses,1422.73,3772,947,2825,3.98,USA,QRO-SJR
5410,2026-05-14,2026-05-27,2026,5,4,13,1,8,58.1,572.74,9.86,San Juan del Río,Planta,44-ARN,Arneses,4310.1,1228,335,893,3.67,México,QRO-MQZ
5411,2022-08-25,2022-08-29,2022,8,4,4,1,1,254.4,2992.46,11.76,Corregidora,Distribuidor,14-ARN,Arneses,4946.12,2364,110,2254,21.49,México,QRO-SLP
5412,2021-09-28,2021-10-02,2021,9,2,4,1,1,88.4,1597.66,18.07,León,Tier1,7-ELE,Electrónica,246.58,4554,646,3908,7.05,USA,QRO-SLP
5413,2026-01-24,2026-01-26,2026,1,6,2,0,0,286.3,5192.78,18.14,San Juan del Río,Planta,4-FRE,Frenos,2773.92,2500,334,2166,7.49,USA,QRO-SLP
5414,2026-05-14,2026-05-25,2026,5,4,11,1,8,167.3,2603.61,15.56,León,Tier1,7-ELE,Electrónica,246.58,4554,646,3908,7.05,USA,QRO-SLP
5415,2024-01-24,2024-01-27,2024,1,3,3,0,0,49.5,796.03,16.08,Corregidora,Distribuidor,57-SUS,Suspensión,4521.23,466,706,-240,0.66,China,QRO-CEL
5416,2026-05-23,2026-05-30,2026,5,6,7,0,0,347.6,4232.88,12.18,Querétaro,Distribuidor,26-ELE,Electrónica,922.82,3095,331,2764,9.35,Japón,QRO-MQZ
5417,2023-08-01,2023-08-04,2023,8,2,3,0,0,27.8,232.32,8.36,León,Planta,88-SUS,Suspensión,1941.02,3880,832,3048,4.66,Alemania,QRO-MQZ
5418,2023-06-01,2023-06-07,2023,6,4,6,1,3,264.6,3260.71,12.32,El Marqués,Tier1,39-SUS,Suspensión,3757.25,1049,806,243,1.3,México,QRO-SLP
5419,2021-01-23,2021-01-24,2021,1,6,1,0,0,305.2,5550.14,18.19,Querétaro,Tier1,5-ARN,Arneses,2099.43,479,838,-359,0.57,USA,QRO-CEL
5420,2023-08-19,2023-08-23,2023,8,6,4,1,1,323.3,5424.42,16.78,El Marqués,Taller,87-ARN,Arneses,4993.62,4977,367,4610,13.56,Japón,QRO-SLP
5421,2026-05-02,2026-05-27,2026,5,6,25,1,20,238.3,4596.25,19.29,León,Planta,41-ARN,Arneses,2258.51,2697,698,1999,3.86,Japón,QRO-CEL
5422,2024-01-25,2024-01-30,2024,1,4,5,1,2,94.8,999.89,10.55,Corregidora,Distribuidor,64-SUS,Suspensión,4312.74,583,450,133,1.3,Alemania,QRO-SLP
5423,2026-05-16,2026-05-25,2026,5,6,9,1,6,193.4,2018.93,10.44,Querétaro,Tier1,85-ARN,Arneses,182.43,4967,727,4240,6.83,Alemania,QRO-CEL
5424,2022-09-27,2022-10-03,2022,9,2,6,1,3,195.8,2956.1,15.1,Celaya,Planta,5-SUS,Suspensión,1510.97,1853,254,1599,7.3,China,QRO-SLP
5425,2023-11-13,2023-11-18,2023,11,1,5,1,2,140.4,2656.54,18.92,San Juan del Río,Taller,78-ELE,Electrónica,2160.49,2923,533,2390,5.48,Alemania,QRO-SLP
5426,2023-03-19,2023-03-26,2023,3,0,7,1,4,234.4,2408.14,10.27,Querétaro,Tier1,87-ELE,Electrónica,370.62,1029,479,550,2.15,China,QRO-CEL
5427,2023-08-25,2023-09-01,2023,8,5,7,1,4,219.1,2359.56,10.77,Corregidora,Distribuidor,34-FRE,Frenos,1708.23,2340,807,1533,2.9,USA,QRO-SJR
5428,2022-12-25,2022-12-30,2022,12,0,5,1,2,128.6,2094.16,16.28,Querétaro,Distribuidor,87-FRE,Frenos,4868.31,520,545,-25,0.95,Alemania,QRO-SLP
5429,2026-05-15,2026-05-28,2026,5,5,13,1,7,97.3,1531.71,15.74,León,Tier1,81-SEN,Sensores,3476.55,1073,855,218,1.25,Alemania,QRO-MQZ
5430,2026-05-04,2026-05-31,2026,5,1,27,1,18,212,2279.14,10.75,San Juan del Río,Taller,1-ARN,Arneses,3422.68,3382,224,3158,15.1,Japón,QRO-SJR
5431,2025-02-04,2025-02-12,2025,2,2,8,1,5,228.8,1988.43,8.69,San Juan del Río,Taller,81-SUS,Suspensión,2394.84,4181,399,3782,10.48,Alemania,QRO-MQZ
5432,2024-03-12,2024-03-17,2024,3,2,5,1,2,43.7,716.63,16.4,León,Planta,1-ARN,Arneses,3422.68,3382,224,3158,15.1,Alemania,QRO-SLP
5433,2022-09-19,2022-09-21,2022,9,1,2,0,0,21.3,410.28,19.26,Corregidora,Tier1,5-ELE,Electrónica,92.23,1679,445,1234,3.77,USA,QRO-SJR
5434,2023-04-09,2023-04-11,2023,4,0,2,0,0,275.5,5360.94,19.46,San Luis Potosí,Planta,39-SUS,Suspensión,3757.25,1049,806,243,1.3,México,QRO-MQZ
5435,2023-10-08,2023-10-12,2023,10,0,4,1,1,18.4,283.28,15.4,Corregidora,Planta,16-ARN,Arneses,1385.97,4731,948,3783,4.99,Japón,QRO-MQZ
5436,2022-09-03,2022-09-04,2022,9,6,1,0,0,136.5,2614.92,19.16,San Juan del Río,Tier1,52-FRE,Frenos,1237.74,4520,880,3640,5.14,Alemania,QRO-CEL
5437,2023-07-21,2023-07-26,2023,7,5,5,1,2,93.2,1430.12,15.34,San Luis Potosí,Planta,43-ARN,Arneses,913.85,1716,755,961,2.27,Japón,QRO-CEL
5438,2025-01-29,2025-01-31,2025,1,3,2,0,0,25.9,341.43,13.18,León,Tier1,41-SUS,Suspensión,754.34,4179,350,3829,11.94,Japón,QRO-CEL
5439,2023-03-01,2023-03-05,2023,3,3,4,1,1,68.6,596.72,8.7,León,Planta,40-ARN,Arneses,288.05,1674,857,817,1.95,México,QRO-MQZ
5440,2023-11-26,2023-12-04,2023,11,0,8,1,5,304.4,4235.6,13.91,El Marqués,Planta,58-SUS,Suspensión,1458.38,4972,879,4093,5.66,USA,QRO-SJR
5441,2024-03-12,2024-03-18,2024,3,2,6,1,3,65.6,1071.54,16.33,Corregidora,Distribuidor,15-ELE,Electrónica,1562.18,742,986,-244,0.75,USA,QRO-SLP
5442,2024-12-11,2024-12-17,2024,12,3,6,1,3,216.6,3394.35,15.67,Celaya,Planta,15-FRE,Frenos,886.52,1011,947,64,1.07,Japón,QRO-SJR
5443,2024-06-25,2024-07-02,2024,6,2,7,1,4,318.6,4475.92,14.05,El Marqués,Tier1,50-SUS,Suspensión,1449.41,272,798,-526,0.34,México,QRO-SJR
5444,2022-05-06,2022-05-12,2022,5,5,6,1,3,171.2,1869.81,10.92,Corregidora,Planta,67-ELE,Electrónica,2438.18,3104,587,2517,5.29,Japón,QRO-MQZ
5445,2026-05-04,2026-05-30,2026,5,1,26,1,18,312.7,5062.66,16.19,León,Planta,44-SUS,Suspensión,504.34,1272,969,303,1.31,China,QRO-MQZ
5446,2026-05-20,2026-05-30,2026,5,3,10,1,2,101.4,1105.95,10.91,San Juan del Río,Taller,75-SUS,Suspensión,269.17,1657,967,690,1.71,China,QRO-SJR
5447,2025-01-03,2025-01-06,2025,1,5,3,0,0,74.1,1479.12,19.96,El Marqués,Tier1,49-FRE,Frenos,163.61,2823,238,2585,11.86,China,QRO-CEL
5448,2026-05-22,2026-05-25,2026,5,5,3,0,0,88.3,812.21,9.2,Celaya,Planta,37-ARN,Arneses,1422.73,3772,947,2825,3.98,Alemania,QRO-SJR
5449,2026-05-06,2026-05-26,2026,5,3,20,1,16,194.1,3407.45,17.56,Querétaro,Tier1,52-ARN,Arneses,4854.61,3039,358,2681,8.49,China,QRO-SJR
5450,2026-05-01,2026-05-31,2026,5,5,30,1,21,278.7,5094.24,18.28,San Luis Potosí,Tier1,12-ARN,Arneses,4577.37,1662,429,1233,3.87,China,QRO-SJR
5451,2021-03-06,2021-03-12,2021,3,6,6,1,3,237.6,3920,16.5,Querétaro,Tier1,18-SEN,Sensores,2642.38,2763,311,2452,8.88,USA,QRO-SLP
5452,2026-05-17,2026-05-26,2026,5,0,9,1,5,115.9,1714.99,14.8,San Juan del Río,Taller,16-SEN,Sensores,498.65,4923,754,4169,6.53,China,QRO-CEL
5453,2022-08-26,2022-08-30,2022,8,5,4,1,1,169,2703.04,15.99,Celaya,Taller,29-SEN,Sensores,3933.04,3258,672,2586,4.85,Japón,QRO-MQZ
5454,2026-03-30,2026-04-07,2026,3,1,8,1,5,33.6,657.64,19.57,Celaya,Distribuidor,77-SUS,Suspensión,2408.66,2567,263,2304,9.76,Japón,QRO-SLP
5455,2022-11-23,2022-11-29,2022,11,3,6,1,3,288.2,5757.42,19.98,Querétaro,Planta,66-FRE,Frenos,1624.56,4540,510,4030,8.9,Japón,QRO-SLP
5456,2023-09-21,2023-09-24,2023,9,4,3,0,0,167.4,3333.94,19.92,León,Tier1,10-FRE,Frenos,553.07,572,283,289,2.02,México,QRO-SLP
5457,2026-05-13,2026-06-01,2026,5,3,19,1,9,219.5,2229.15,10.16,León,Tier1,13-SEN,Sensores,1929.65,2670,406,2264,6.58,México,QRO-SLP
5458,2026-05-19,2026-05-29,2026,5,2,10,1,3,213.9,4011.5,18.75,Celaya,Tier1,59-ARN,Arneses,757.6,2440,393,2047,6.21,México,QRO-SJR
5459,2022-06-11,2022-06-13,2022,6,6,2,0,0,136.5,2711.7,19.87,San Juan del Río,Taller,20-FRE,Frenos,3362.99,3735,334,3401,11.18,China,QRO-SJR
5460,2026-05-11,2026-05-27,2026,5,1,16,1,11,299.4,4787.78,15.99,Querétaro,Distribuidor,4-ELE,Electrónica,1583.34,802,919,-117,0.87,Japón,QRO-SJR
5461,2022-12-06,2022-12-08,2022,12,2,2,0,0,332.5,6495.64,19.54,San Luis Potosí,Tier1,71-SUS,Suspensión,1916.47,1253,659,594,1.9,USA,QRO-CEL
5462,2022-03-31,2022-04-01,2022,3,4,1,0,0,220.7,2493.95,11.3,El Marqués,Tier1,2-ELE,Electrónica,1189.72,3706,870,2836,4.26,Japón,QRO-MQZ
5463,2024-03-11,2024-03-12,2024,3,1,1,0,0,105.5,998.91,9.47,San Luis Potosí,Taller,40-SEN,Sensores,1730.14,4560,975,3585,4.68,China,QRO-SJR
5464,2026-05-16,2026-05-31,2026,5,6,15,1,6,234.7,2401.05,10.23,León,Tier1,37-ARN,Arneses,1422.73,3772,947,2825,3.98,Japón,QRO-SLP
5465,2026-05-09,2026-06-01,2026,5,6,23,1,13,134.4,1507.72,11.22,Querétaro,Planta,94-ARN,Arneses,584.4,1245,705,540,1.77,Japón,QRO-SJR
5466,2026-05-01,2026-05-31,2026,5,5,30,1,21,172,1679.41,9.76,Celaya,Tier1,64-SEN,Sensores,4961.2,4001,258,3743,15.51,México,QRO-SJR
5467,2025-03-16,2025-03-23,2025,3,0,7,1,4,280.9,4806.15,17.11,San Juan del Río,Planta,85-ELE,Electrónica,2849.32,3481,180,3301,19.34,Japón,QRO-CEL
5468,2025-07-19,2025-07-22,2025,7,6,3,0,0,235.9,4473.39,18.96,Corregidora,Distribuidor,95-SEN,Sensores,3843.72,3856,664,3192,5.81,USA,QRO-SLP
5469,2026-05-02,2026-05-25,2026,5,6,23,1,20,283.9,2401.58,8.46,San Juan del Río,Taller,89-ELE,Electrónica,2876,159,938,-779,0.17,China,QRO-SJR
5470,2026-05-13,2026-06-01,2026,5,3,19,1,9,225.1,2432.79,10.81,El Marqués,Taller,93-SEN,Sensores,4236.96,1229,379,850,3.24,Japón,QRO-CEL
5471,2022-04-09,2022-04-11,2022,4,6,2,0,0,185,3502.89,18.93,San Luis Potosí,Tier1,5-FRE,Frenos,3547.92,1323,978,345,1.35,China,QRO-SLP
5472,2021-03-14,2021-03-19,2021,3,0,5,1,2,26.5,380.53,14.36,San Juan del Río,Planta,7-ARN,Arneses,2965.42,1199,206,993,5.82,Alemania,QRO-CEL
5473,2025-01-30,2025-02-02,2025,1,4,3,0,0,124.6,2110.65,16.94,León,Tier1,29-ARN,Arneses,4197.3,2125,821,1304,2.59,México,QRO-MQZ
5474,2021-07-10,2021-07-17,2021,7,6,7,1,4,62.2,1048.26,16.85,Querétaro,Planta,8-SEN,Sensores,4374.33,2187,777,1410,2.81,USA,QRO-SLP
5475,2024-04-20,2024-04-22,2024,4,6,2,0,0,204,3911.59,19.17,San Luis Potosí,Tier1,30-ARN,Arneses,1865.58,2831,105,2726,26.96,USA,QRO-CEL
5476,2021-12-25,2021-12-31,2021,12,6,6,1,3,61.5,1118.94,18.19,Celaya,Tier1,50-FRE,Frenos,3207.27,2881,413,2468,6.98,Japón,QRO-CEL
5477,2023-12-06,2023-12-13,2023,12,3,7,1,4,19.8,168.26,8.5,El Marqués,Taller,15-ARN,Arneses,2004.45,403,614,-211,0.66,Japón,QRO-MQZ
5478,2022-05-27,2022-06-03,2022,5,5,7,1,4,328,4494.65,13.7,San Luis Potosí,Taller,90-SUS,Suspensión,679.84,1842,357,1485,5.16,México,QRO-MQZ
5479,2022-03-16,2022-03-24,2022,3,3,8,1,5,314.1,5603.67,17.84,Corregidora,Distribuidor,45-SUS,Suspensión,2909.13,3021,431,2590,7.01,Japón,QRO-SJR
5480,2025-01-07,2025-01-14,2025,1,2,7,1,4,233.1,3927.46,16.85,León,Planta,48-ELE,Electrónica,2929.89,2314,767,1547,3.02,China,QRO-SJR
5481,2025-07-29,2025-07-31,2025,7,2,2,0,0,210.5,3378.4,16.05,Celaya,Tier1,45-ARN,Arneses,944.57,3020,180,2840,16.78,Japón,QRO-SLP
5482,2021-05-11,2021-05-15,2021,5,2,4,1,1,347.9,5464.27,15.71,Celaya,Distribuidor,77-SEN,Sensores,2481.2,2143,179,1964,11.97,Alemania,QRO-MQZ
5483,2026-05-09,2026-05-31,2026,5,6,22,1,13,332.5,3465.59,10.42,Querétaro,Distribuidor,2-ARN,Arneses,3272.1,4817,709,4108,6.79,USA,QRO-CEL
5484,2026-05-10,2026-05-31,2026,5,0,21,1,12,339.3,6502.38,19.16,Querétaro,Tier1,68-ELE,Electrónica,428.16,3609,688,2921,5.25,China,QRO-SJR
5485,2026-05-21,2026-05-30,2026,5,4,9,1,1,216.6,4052.17,18.71,San Juan del Río,Tier1,50-ELE,Electrónica,3253.74,3790,410,3380,9.24,USA,QRO-MQZ
5486,2021-02-03,2021-02-09,2021,2,3,6,1,3,272.6,4667.02,17.12,San Juan del Río,Taller,54-SEN,Sensores,2229.64,971,924,47,1.05,Alemania,QRO-SLP
5487,2026-05-24,2026-06-02,2026,5,0,9,0,0,293.4,2717.18,9.26,León,Planta,99-ARN,Arneses,1390.25,230,392,-162,0.59,China,QRO-SLP
5488,2021-11-24,2021-12-01,2021,11,3,7,1,4,317.6,4509.73,14.2,San Luis Potosí,Tier1,90-ARN,Arneses,2855.44,3929,856,3073,4.59,China,QRO-MQZ
5489,2026-05-21,2026-06-01,2026,5,4,11,1,1,215,2574.44,11.97,San Luis Potosí,Tier1,49-ARN,Arneses,412.82,3527,162,3365,21.77,USA,QRO-CEL
5490,2025-05-10,2025-05-16,2025,5,6,6,1,3,209.6,3090.22,14.74,Celaya,Planta,83-ARN,Arneses,4089.81,3819,304,3515,12.56,México,QRO-CEL
5491,2026-05-04,2026-05-27,2026,5,1,23,1,18,99.8,900.52,9.02,San Juan del Río,Planta,49-SEN,Sensores,1664.17,3963,807,3156,4.91,México,QRO-CEL
5492,2025-03-19,2025-03-23,2025,3,3,4,1,1,90.5,1159.02,12.81,Querétaro,Distribuidor,78-FRE,Frenos,641.45,617,398,219,1.55,Alemania,QRO-CEL
5493,2021-06-26,2021-07-03,2021,6,6,7,1,4,310.7,3660.96,11.78,San Luis Potosí,Planta,100-ELE,Electrónica,3513.62,1971,804,1167,2.45,México,QRO-SLP
5494,2026-05-25,2026-06-02,2026,5,1,8,0,0,154.6,1772.5,11.47,San Luis Potosí,Tier1,88-FRE,Frenos,4043.96,2439,113,2326,21.58,Alemania,QRO-CEL
5495,2026-05-10,2026-06-01,2026,5,0,22,1,12,99.4,1306.25,13.14,El Marqués,Taller,90-FRE,Frenos,2310.29,1160,815,345,1.42,Japón,QRO-SLP
5496,2024-04-30,2024-05-01,2024,4,2,1,0,0,281.9,3661.63,12.99,El Marqués,Taller,20-SUS,Suspensión,1687.63,629,800,-171,0.79,China,QRO-MQZ
5497,2026-05-11,2026-06-01,2026,5,1,21,1,11,24.1,449.36,18.65,San Juan del Río,Taller,70-FRE,Frenos,3370.05,2773,737,2036,3.76,Japón,QRO-SJR
5498,2021-07-13,2021-07-18,2021,7,2,5,1,2,205.9,2108.75,10.24,León,Tier1,54-SEN,Sensores,2229.64,971,924,47,1.05,Japón,QRO-MQZ
5499,2024-10-21,2024-10-26,2024,10,1,5,1,2,130,1347.04,10.36,Querétaro,Distribuidor,13-ARN,Arneses,1454.25,4822,879,3943,5.49,USA,QRO-SLP
5500,2022-06-06,2022-06-13,2022,6,1,7,1,4,163.3,2364.97,14.48,León,Planta,46-SUS,Suspensión,1653.36,4322,935,3387,4.62,China,QRO-SJR
5501,2022-08-21,2022-08-22,2022,8,0,1,0,0,39.7,663.87,16.72,Corregidora,Distribuidor,59-ARN,Arneses,757.6,2440,393,2047,6.21,México,QRO-SJR
5502,2024-04-04,2024-04-09,2024,4,4,5,1,2,48.1,720.66,14.98,Corregidora,Planta,24-SUS,Suspensión,712.49,4064,852,3212,4.77,Alemania,QRO-SJR
5503,2021-04-05,2021-04-09,2021,4,1,4,1,1,108.9,1223.44,11.23,Celaya,Tier1,98-SUS,Suspensión,1541.04,2575,226,2349,11.39,China,QRO-MQZ
5504,2021-06-02,2021-06-08,2021,6,3,6,1,3,135.8,1361.3,10.02,San Juan del Río,Planta,54-ARN,Arneses,3425.08,4574,874,3700,5.23,China,QRO-SJR
5505,2022-04-09,2022-04-13,2022,4,6,4,1,1,305.7,5519.04,18.05,San Luis Potosí,Planta,22-SEN,Sensores,4518.66,3974,785,3189,5.06,Alemania,QRO-SLP
5506,2026-05-07,2026-05-29,2026,5,4,22,1,15,72.3,885.29,12.24,San Luis Potosí,Tier1,58-SEN,Sensores,2617.63,4219,411,3808,10.27,USA,QRO-CEL
5507,2023-02-01,2023-02-03,2023,2,3,2,0,0,81.9,1311.69,16.02,El Marqués,Tier1,82-SUS,Suspensión,998.09,2299,178,2121,12.92,USA,QRO-SJR
5508,2026-05-11,2026-05-31,2026,5,1,20,1,11,314.2,4075.51,12.97,Corregidora,Distribuidor,43-SEN,Sensores,2429.63,4819,141,4678,34.18,China,QRO-SLP
5509,2026-05-19,2026-05-27,2026,5,2,8,1,5,291.6,5553.2,19.04,El Marqués,Taller,27-ARN,Arneses,1335.52,4511,497,4014,9.08,México,QRO-MQZ
5510,2024-02-28,2024-03-04,2024,2,3,5,1,2,190.8,3356.07,17.59,El Marqués,Taller,3-SUS,Suspensión,3159.17,1739,584,1155,2.98,México,QRO-SJR
5511,2026-05-08,2026-05-25,2026,5,5,17,1,14,102.4,1605.57,15.68,San Luis Potosí,Tier1,49-SUS,Suspensión,2456.79,4682,791,3891,5.92,México,QRO-SLP
5512,2026-05-24,2026-06-04,2026,5,0,11,0,0,184.7,3468.9,18.78,León,Tier1,59-SUS,Suspensión,149.53,1044,359,685,2.91,Japón,QRO-CEL
5513,2024-04-01,2024-04-04,2024,4,1,3,0,0,113.6,1613.86,14.21,San Juan del Río,Planta,65-ARN,Arneses,844,2641,720,1921,3.67,México,QRO-CEL
5514,2022-08-24,2022-08-27,2022,8,3,3,0,0,85.2,1340.75,15.74,San Juan del Río,Planta,51-SEN,Sensores,3785.32,2882,317,2565,9.09,China,QRO-MQZ
5515,2026-04-15,2026-04-18,2026,4,3,3,0,0,156.4,2662.75,17.03,Corregidora,Distribuidor,74-FRE,Frenos,4844.7,4945,375,4570,13.19,China,QRO-MQZ
5516,2026-05-03,2026-05-31,2026,5,0,28,1,19,196.4,3407.99,17.35,León,Tier1,40-SUS,Suspensión,1400.65,52,574,-522,0.09,USA,QRO-MQZ
5517,2023-02-09,2023-02-12,2023,2,4,3,0,0,179,1938.76,10.83,Querétaro,Distribuidor,99-ARN,Arneses,1390.25,230,392,-162,0.59,Japón,QRO-CEL
5518,2024-04-12,2024-04-18,2024,4,5,6,1,3,98,1459.98,14.9,Celaya,Planta,6-FRE,Frenos,4765.97,4975,994,3981,5.01,USA,QRO-CEL
5519,2025-06-04,2025-06-10,2025,6,3,6,1,3,93.3,1042.15,11.17,San Juan del Río,Planta,64-SEN,Sensores,4961.2,4001,258,3743,15.51,China,QRO-SJR
5520,2026-05-24,2026-06-02,2026,5,0,9,0,0,74.6,1277.64,17.13,Querétaro,Tier1,27-SUS,Suspensión,4748.31,2962,518,2444,5.72,USA,QRO-MQZ
5521,2025-06-16,2025-06-19,2025,6,1,3,0,0,21.5,244.8,11.39,Celaya,Distribuidor,45-FRE,Frenos,1728.34,1258,154,1104,8.17,Alemania,QRO-MQZ
5522,2022-02-22,2022-02-23,2022,2,2,1,0,0,233.9,3079.49,13.17,San Luis Potosí,Tier1,67-SEN,Sensores,1150.29,310,108,202,2.87,Japón,QRO-SJR
5523,2025-08-22,2025-08-30,2025,8,5,8,1,5,47,620.39,13.2,San Luis Potosí,Tier1,49-SUS,Suspensión,2456.79,4682,791,3891,5.92,México,QRO-SJR
5524,2026-05-23,2026-05-27,2026,5,6,4,1,1,60.7,1075.83,17.72,San Luis Potosí,Tier1,60-FRE,Frenos,4591.5,2619,968,1651,2.71,China,QRO-MQZ
5525,2025-02-06,2025-02-12,2025,2,4,6,1,3,130.8,1443.55,11.04,San Luis Potosí,Planta,100-ARN,Arneses,1116.73,659,716,-57,0.92,Japón,QRO-SJR
5526,2025-10-08,2025-10-13,2025,10,3,5,1,2,224.3,3348.84,14.93,El Marqués,Taller,4-SUS,Suspensión,4325.44,2289,793,1496,2.89,USA,QRO-SJR
5527,2026-05-10,2026-06-01,2026,5,0,22,1,12,227.5,2804.7,12.33,Querétaro,Tier1,97-SUS,Suspensión,3611.27,2315,112,2203,20.67,USA,QRO-MQZ
5528,2026-05-12,2026-05-28,2026,5,2,16,1,10,139.3,2364.68,16.98,Corregidora,Distribuidor,76-ARN,Arneses,690.12,2510,973,1537,2.58,Alemania,QRO-MQZ
5529,2021-03-28,2021-03-29,2021,3,0,1,0,0,203.9,2691.12,13.2,León,Tier1,17-FRE,Frenos,4203.61,2829,138,2691,20.5,Alemania,QRO-MQZ
5530,2022-01-21,2022-01-24,2022,1,5,3,0,0,223.8,3906.64,17.46,San Luis Potosí,Tier1,38-FRE,Frenos,2176.42,4632,529,4103,8.76,USA,QRO-SLP
5531,2024-05-28,2024-06-05,2024,5,2,8,1,5,111.4,1866.92,16.76,León,Taller,35-ARN,Arneses,3574.66,2983,906,2077,3.29,México,QRO-SLP
5532,2026-05-19,2026-05-25,2026,5,2,6,1,3,109,1815.24,16.65,San Juan del Río,Tier1,2-SUS,Suspensión,2244.37,1376,919,457,1.5,China,QRO-MQZ
5533,2021-08-28,2021-09-01,2021,8,6,4,1,1,13.1,166.56,12.71,León,Planta,49-FRE,Frenos,163.61,2823,238,2585,11.86,México,QRO-SLP
5534,2026-05-10,2026-05-30,2026,5,0,20,1,12,56.4,469.59,8.33,El Marqués,Tier1,5-ARN,Arneses,2099.43,479,838,-359,0.57,USA,QRO-MQZ
5535,2026-05-20,2026-05-25,2026,5,3,5,1,2,243.8,3928.3,16.11,Corregidora,Tier1,14-SUS,Suspensión,1917.93,1250,616,634,2.03,USA,QRO-MQZ
5536,2024-10-31,2024-11-04,2024,10,4,4,1,1,47.1,863.3,18.33,León,Planta,56-FRE,Frenos,1990.85,504,987,-483,0.51,Alemania,QRO-MQZ
5537,2022-06-15,2022-06-19,2022,6,3,4,1,1,348.4,6797.89,19.51,Querétaro,Tier1,91-ELE,Electrónica,4015.73,261,463,-202,0.56,China,QRO-CEL
5538,2026-05-13,2026-05-31,2026,5,3,18,1,9,171.9,1869.73,10.88,Celaya,Distribuidor,8-SUS,Suspensión,926.42,4541,250,4291,18.16,México,QRO-SLP
5539,2023-06-24,2023-06-26,2023,6,6,2,0,0,259.6,2843.22,10.95,León,Taller,37-ARN,Arneses,1422.73,3772,947,2825,3.98,México,QRO-SLP
5540,2021-03-13,2021-03-15,2021,3,6,2,0,0,181.4,3019.74,16.65,El Marqués,Tier1,14-SEN,Sensores,1286.42,722,555,167,1.3,China,QRO-MQZ
5541,2026-05-14,2026-05-25,2026,5,4,11,1,8,239.3,4201.91,17.56,San Luis Potosí,Planta,14-FRE,Frenos,3534.94,4023,455,3568,8.84,USA,QRO-CEL
5542,2026-04-25,2026-05-02,2026,4,6,7,1,4,214.4,3157.92,14.73,Querétaro,Tier1,69-ELE,Electrónica,1827.32,416,556,-140,0.75,Japón,QRO-MQZ
5543,2023-03-25,2023-04-02,2023,3,6,8,1,5,164.2,2192.42,13.35,San Luis Potosí,Tier1,8-SUS,Suspensión,926.42,4541,250,4291,18.16,México,QRO-SJR
5544,2025-09-29,2025-10-01,2025,9,1,2,0,0,21.5,347.73,16.17,El Marqués,Taller,70-SEN,Sensores,1991.74,2888,241,2647,11.98,USA,QRO-CEL
5545,2026-05-16,2026-05-28,2026,5,6,12,1,6,200.6,2609.25,13.01,León,Taller,47-FRE,Frenos,1952.37,1312,523,789,2.51,Alemania,QRO-MQZ
5546,2021-08-10,2021-08-13,2021,8,2,3,0,0,345.3,3623.08,10.49,Querétaro,Planta,38-ARN,Arneses,2157.65,2477,447,2030,5.54,USA,QRO-SLP
5547,2026-05-01,2026-05-26,2026,5,5,25,1,21,172.4,3067.4,17.79,San Juan del Río,Planta,99-ELE,Electrónica,1359.1,1089,262,827,4.16,Japón,QRO-CEL
5548,2021-11-22,2021-11-24,2021,11,1,2,0,0,230.9,3196.95,13.85,El Marqués,Tier1,72-ARN,Arneses,3783.02,2196,705,1491,3.11,Japón,QRO-CEL
5549,2026-05-15,2026-05-27,2026,5,5,12,1,7,201,3699.65,18.41,San Juan del Río,Tier1,51-SUS,Suspensión,1327.15,4912,621,4291,7.91,Alemania,QRO-MQZ
5550,2024-09-04,2024-09-09,2024,9,3,5,1,2,32.4,284.11,8.77,El Marqués,Distribuidor,14-ELE,Electrónica,1218.61,173,107,66,1.62,Alemania,QRO-MQZ
5551,2021-03-23,2021-03-29,2021,3,2,6,1,3,294.1,3967.12,13.49,Corregidora,Distribuidor,14-ELE,Electrónica,1218.61,173,107,66,1.62,Alemania,QRO-SLP
5552,2026-05-19,2026-05-30,2026,5,2,11,1,3,74.9,600.37,8.02,Querétaro,Distribuidor,23-SUS,Suspensión,3508.58,2134,799,1335,2.67,China,QRO-SJR
5553,2026-05-01,2026-05-29,2026,5,5,28,1,21,269.7,2898.48,10.75,San Luis Potosí,Tier1,96-SEN,Sensores,4971.73,4377,915,3462,4.78,Alemania,QRO-MQZ
5554,2022-12-14,2022-12-17,2022,12,3,3,0,0,19.4,342.57,17.66,San Juan del Río,Tier1,16-ELE,Electrónica,316.27,2849,664,2185,4.29,USA,QRO-CEL
5555,2026-05-02,2026-05-25,2026,5,6,23,1,20,197,2295.79,11.65,León,Planta,33-FRE,Frenos,4635.35,4897,202,4695,24.24,China,QRO-SJR
5556,2026-05-25,2026-06-05,2026,5,1,11,0,0,174.3,1910.78,10.96,Corregidora,Tier1,60-ELE,Electrónica,1065.78,4715,596,4119,7.91,Japón,QRO-SLP
5557,2026-05-07,2026-05-28,2026,5,4,21,1,15,172.8,2749.75,15.91,San Juan del Río,Tier1,84-FRE,Frenos,3127.21,853,327,526,2.61,Japón,QRO-SLP
5558,2026-05-05,2026-05-27,2026,5,2,22,1,17,37.7,667.53,17.71,Querétaro,Planta,2-FRE,Frenos,2261.86,2629,314,2315,8.37,Alemania,QRO-CEL
5559,2026-05-11,2026-06-01,2026,5,1,21,1,11,342.6,6580.99,19.21,Celaya,Planta,96-ARN,Arneses,1067.24,3998,883,3115,4.53,USA,QRO-SLP
5560,2021-03-24,2021-03-25,2021,3,3,1,0,0,202.2,2065.21,10.21,Corregidora,Distribuidor,35-ARN,Arneses,3574.66,2983,906,2077,3.29,México,QRO-MQZ
5561,2026-05-02,2026-05-27,2026,5,6,25,1,20,31.1,331.91,10.67,Querétaro,Distribuidor,84-SEN,Sensores,3879.48,1645,209,1436,7.87,Japón,QRO-SJR
5562,2021-07-13,2021-07-15,2021,7,2,2,0,0,233.6,3887.2,16.64,Querétaro,Tier1,2-FRE,Frenos,2261.86,2629,314,2315,8.37,China,QRO-CEL
5563,2025-06-09,2025-06-14,2025,6,1,5,1,2,190.6,2768.34,14.52,Celaya,Planta,15-SUS,Suspensión,3336.34,35,212,-177,0.17,Alemania,QRO-SLP
5564,2026-05-17,2026-05-31,2026,5,0,14,1,5,182.9,2492.14,13.63,San Luis Potosí,Tier1,80-FRE,Frenos,1456.89,1654,528,1126,3.13,China,QRO-SLP
5565,2025-05-12,2025-05-20,2025,5,1,8,1,5,15.7,257.04,16.37,Querétaro,Planta,52-SEN,Sensores,2701.62,2240,729,1511,3.07,Japón,QRO-MQZ
5566,2026-05-16,2026-05-25,2026,5,6,9,1,6,140.5,1169.78,8.33,Celaya,Taller,66-ARN,Arneses,3511.95,1519,764,755,1.99,México,QRO-MQZ
5567,2025-10-29,2025-11-03,2025,10,3,5,1,2,343.4,3841.93,11.19,Corregidora,Distribuidor,25-FRE,Frenos,2232.98,3690,225,3465,16.4,USA,QRO-SJR
5568,2024-08-06,2024-08-10,2024,8,2,4,1,1,134.7,1787.02,13.27,El Marqués,Taller,62-SUS,Suspensión,2758.99,4916,257,4659,19.13,USA,QRO-MQZ
5569,2026-05-25,2026-05-28,2026,5,1,3,0,0,169.1,2735.25,16.18,Celaya,Distribuidor,27-ELE,Electrónica,1768.11,2885,368,2517,7.84,Japón,QRO-SJR
5570,2021-09-18,2021-09-20,2021,9,6,2,0,0,73.5,645.05,8.78,Corregidora,Distribuidor,18-ARN,Arneses,3932.93,125,138,-13,0.91,China,QRO-SJR
5571,2021-05-19,2021-05-24,2021,5,3,5,1,2,151.5,1628.12,10.75,Querétaro,Tier1,16-FRE,Frenos,4639.47,4174,516,3658,8.09,USA,QRO-MQZ
5572,2025-12-14,2025-12-22,2025,12,0,8,1,5,187.2,2174.54,11.62,Corregidora,Planta,30-SUS,Suspensión,506.69,2378,235,2143,10.12,USA,QRO-SLP
5573,2022-07-08,2022-07-15,2022,7,5,7,1,4,196.4,2951.6,15.03,León,Planta,66-FRE,Frenos,1624.56,4540,510,4030,8.9,Alemania,QRO-CEL
5574,2026-05-17,2026-05-29,2026,5,0,12,1,5,161.7,1503.53,9.3,San Luis Potosí,Tier1,3-SUS,Suspensión,3159.17,1739,584,1155,2.98,Japón,QRO-CEL
5575,2024-12-10,2024-12-16,2024,12,2,6,1,3,308,5158.72,16.75,Querétaro,Planta,87-SUS,Suspensión,2152.64,3435,242,3193,14.19,Alemania,QRO-CEL
5576,2026-05-17,2026-05-26,2026,5,0,9,1,5,71.8,1408.45,19.62,San Juan del Río,Planta,64-SUS,Suspensión,4312.74,583,450,133,1.3,USA,QRO-SLP
5577,2026-05-12,2026-05-29,2026,5,2,17,1,10,178.5,2314.45,12.97,San Luis Potosí,Tier1,32-ARN,Arneses,1534.06,183,367,-184,0.5,México,QRO-CEL
5578,2025-11-21,2025-11-24,2025,11,5,3,0,0,175.5,1530.19,8.72,Corregidora,Planta,20-SEN,Sensores,595.92,674,866,-192,0.78,Alemania,QRO-SLP
5579,2026-05-16,2026-05-30,2026,5,6,14,1,6,201.5,3130.08,15.53,Celaya,Tier1,73-SEN,Sensores,1840.37,2686,730,1956,3.68,México,QRO-SJR
5580,2022-04-26,2022-05-02,2022,4,2,6,1,3,300.4,4469.39,14.88,Querétaro,Planta,22-ARN,Arneses,4301.5,1604,436,1168,3.68,Japón,QRO-CEL
5581,2021-01-28,2021-02-03,2021,1,4,6,1,3,67.3,1166.84,17.34,San Luis Potosí,Tier1,75-FRE,Frenos,2586.79,1278,749,529,1.71,USA,QRO-SLP
5582,2026-05-15,2026-05-26,2026,5,5,11,1,7,326.3,3688.05,11.3,Corregidora,Tier1,65-ELE,Electrónica,4175.41,3316,875,2441,3.79,Alemania,QRO-MQZ
5583,2026-03-29,2026-04-04,2026,3,0,6,1,3,309.7,3766.18,12.16,León,Planta,69-SUS,Suspensión,2311.07,1018,914,104,1.11,China,QRO-SJR
5584,2026-05-11,2026-05-28,2026,5,1,17,1,11,72.8,1264.81,17.37,San Luis Potosí,Tier1,41-FRE,Frenos,402.6,1519,142,1377,10.7,México,QRO-SLP
5585,2025-03-09,2025-03-14,2025,3,0,5,1,2,47.5,661.24,13.92,El Marqués,Tier1,91-SEN,Sensores,4666.99,2159,152,2007,14.2,México,QRO-CEL
5586,2026-05-01,2026-05-06,2026,5,5,5,1,2,48.5,730.68,15.07,León,Taller,38-ARN,Arneses,2157.65,2477,447,2030,5.54,Alemania,QRO-MQZ
5587,2026-05-20,2026-05-28,2026,5,3,8,1,2,311.3,4932.24,15.84,San Luis Potosí,Tier1,15-FRE,Frenos,886.52,1011,947,64,1.07,China,QRO-CEL
5588,2022-06-19,2022-06-22,2022,6,0,3,0,0,251.4,2295.94,9.13,León,Tier1,69-FRE,Frenos,186.87,4709,419,4290,11.24,USA,QRO-CEL
5589,2022-04-17,2022-04-19,2022,4,0,2,0,0,253.4,2567.9,10.13,Querétaro,Tier1,90-ARN,Arneses,2855.44,3929,856,3073,4.59,México,QRO-MQZ
5590,2023-10-19,2023-10-26,2023,10,4,7,1,4,109.9,2063.3,18.77,San Luis Potosí,Tier1,13-FRE,Frenos,1618.96,1055,651,404,1.62,Alemania,QRO-SLP
5591,2025-11-12,2025-11-16,2025,11,3,4,1,1,141.6,1152.64,8.14,Corregidora,Tier1,89-ARN,Arneses,2647.36,4434,738,3696,6.01,Japón,QRO-SJR
5592,2026-05-08,2026-06-01,2026,5,5,24,1,14,126.8,1891.1,14.91,Celaya,Taller,44-ELE,Electrónica,1705.75,4295,341,3954,12.6,USA,QRO-CEL
5593,2023-12-15,2023-12-22,2023,12,5,7,1,4,108.6,893.61,8.23,Corregidora,Taller,95-SEN,Sensores,3843.72,3856,664,3192,5.81,China,QRO-CEL
5594,2026-05-01,2026-05-28,2026,5,5,27,1,21,67.9,683.14,10.06,Celaya,Tier1,77-FRE,Frenos,1286.73,3721,625,3096,5.95,China,QRO-MQZ
5595,2026-05-06,2026-05-30,2026,5,3,24,1,16,316.5,5475.83,17.3,El Marqués,Distribuidor,13-ELE,Electrónica,1731.24,4181,159,4022,26.3,México,QRO-CEL
5596,2025-02-19,2025-02-24,2025,2,3,5,1,2,17.5,175.9,10.05,León,Tier1,75-ELE,Electrónica,216.11,4758,831,3927,5.73,Alemania,QRO-SLP
5597,2024-01-01,2024-01-07,2024,1,1,6,1,3,82.5,1644.16,19.93,San Luis Potosí,Distribuidor,38-ELE,Electrónica,2360.54,3797,195,3602,19.47,USA,QRO-CEL
5598,2026-05-05,2026-05-27,2026,5,2,22,1,17,48.3,467.32,9.68,Querétaro,Planta,21-SUS,Suspensión,3922.67,482,217,265,2.22,Japón,QRO-SJR
5599,2024-04-17,2024-04-23,2024,4,3,6,1,3,72.7,892.78,12.28,Celaya,Distribuidor,72-SUS,Suspensión,234.19,3605,243,3362,14.84,USA,QRO-SLP
5600,2025-01-15,2025-01-19,2025,1,3,4,1,1,220.2,3999.74,18.16,Querétaro,Planta,30-ELE,Electrónica,3031.07,2212,562,1650,3.94,China,QRO-MQZ
5601,2023-10-16,2023-10-18,2023,10,1,2,0,0,179.9,2199.46,12.23,Corregidora,Planta,4-SEN,Sensores,415.57,4942,295,4647,16.75,Japón,QRO-SLP
5602,2023-06-13,2023-06-18,2023,6,2,5,1,2,15.9,220.52,13.87,Querétaro,Tier1,29-SEN,Sensores,3933.04,3258,672,2586,4.85,México,QRO-CEL
5603,2025-12-03,2025-12-05,2025,12,3,2,0,0,331.8,5701.84,17.18,León,Planta,48-ARN,Arneses,4531.54,4813,716,4097,6.72,Japón,QRO-CEL
5604,2026-03-20,2026-03-25,2026,3,5,5,1,2,269.5,4227.98,15.69,Celaya,Planta,70-FRE,Frenos,3370.05,2773,737,2036,3.76,USA,QRO-SLP
5605,2021-03-15,2021-03-17,2021,3,1,2,0,0,161.2,1610.83,9.99,Querétaro,Distribuidor,81-ARN,Arneses,4391.37,366,872,-506,0.42,Japón,QRO-CEL
5606,2026-05-07,2026-05-26,2026,5,4,19,1,15,181.1,3163.44,17.47,Querétaro,Distribuidor,24-ELE,Electrónica,4055.81,2955,652,2303,4.53,México,QRO-SLP
5607,2025-09-08,2025-09-14,2025,9,1,6,1,3,48.7,756.65,15.54,Corregidora,Distribuidor,45-SEN,Sensores,754.06,1135,113,1022,10.04,USA,QRO-CEL
5608,2025-12-17,2025-12-21,2025,12,3,4,1,1,209,3980.21,19.04,Corregidora,Distribuidor,51-SUS,Suspensión,1327.15,4912,621,4291,7.91,Japón,QRO-SLP
5609,2025-01-28,2025-02-02,2025,1,2,5,1,2,294.7,4944.73,16.78,El Marqués,Taller,7-SEN,Sensores,2046.46,1410,596,814,2.37,Alemania,QRO-MQZ
5610,2026-05-04,2026-05-25,2026,5,1,21,1,18,301.5,4601.54,15.26,Querétaro,Tier1,65-FRE,Frenos,3031.57,2001,416,1585,4.81,USA,QRO-SJR
5611,2022-05-17,2022-05-21,2022,5,2,4,1,1,166.6,2211.92,13.28,San Juan del Río,Planta,92-ELE,Electrónica,4401.79,4271,769,3502,5.55,China,QRO-MQZ
5612,2024-11-01,2024-11-05,2024,11,5,4,1,1,53.3,551.69,10.35,Querétaro,Distribuidor,24-ELE,Electrónica,4055.81,2955,652,2303,4.53,USA,QRO-MQZ
5613,2022-10-16,2022-10-18,2022,10,0,2,0,0,242.2,2991.22,12.35,San Luis Potosí,Tier1,93-SUS,Suspensión,251.29,694,704,-10,0.99,Alemania,QRO-CEL
5614,2024-05-16,2024-05-22,2024,5,4,6,1,3,155,1614.69,10.42,León,Tier1,26-ARN,Arneses,1872.84,4883,185,4698,26.39,China,QRO-CEL
5615,2023-11-22,2023-11-23,2023,11,3,1,0,0,329.8,3810.68,11.55,Corregidora,Distribuidor,37-ELE,Electrónica,3241.13,791,710,81,1.11,Alemania,QRO-CEL
5616,2025-12-23,2025-12-26,2025,12,2,3,0,0,304.8,6040.97,19.82,Celaya,Planta,4-FRE,Frenos,2773.92,2500,334,2166,7.49,USA,QRO-MQZ
5617,2024-11-01,2024-11-09,2024,11,5,8,1,5,100.4,1402.68,13.97,Celaya,Planta,3-ARN,Arneses,4070.75,2695,779,1916,3.46,Japón,QRO-MQZ
5618,2022-10-11,2022-10-15,2022,10,2,4,1,1,201.2,2723.79,13.54,El Marqués,Tier1,68-SUS,Suspensión,4427.01,2107,162,1945,13.01,China,QRO-CEL
5619,2026-05-11,2026-05-27,2026,5,1,16,1,11,47.3,407.25,8.61,Querétaro,Distribuidor,91-SEN,Sensores,4666.99,2159,152,2007,14.2,USA,QRO-CEL
5620,2026-05-05,2026-05-26,2026,5,2,21,1,17,59.6,976.71,16.39,El Marqués,Tier1,97-ELE,Electrónica,2011.22,862,727,135,1.19,Alemania,QRO-CEL
5621,2026-05-20,2026-05-29,2026,5,3,9,1,2,306.6,3482.86,11.36,El Marqués,Taller,30-FRE,Frenos,2601.88,1085,192,893,5.65,Alemania,QRO-CEL
5622,2024-09-13,2024-09-20,2024,9,5,7,1,4,111.2,1865.08,16.77,Corregidora,Distribuidor,86-ELE,Electrónica,4667.98,3468,649,2819,5.34,México,QRO-SJR
5623,2025-06-20,2025-06-24,2025,6,5,4,1,1,76.8,1024.32,13.34,Corregidora,Distribuidor,59-SEN,Sensores,627.84,3969,671,3298,5.92,USA,QRO-SLP
5624,2023-04-12,2023-04-15,2023,4,3,3,0,0,122.4,2359.91,19.28,Corregidora,Tier1,3-SUS,Suspensión,3159.17,1739,584,1155,2.98,Alemania,QRO-MQZ
5625,2023-07-28,2023-08-05,2023,7,5,8,1,5,82.6,1565.75,18.96,Corregidora,Tier1,97-FRE,Frenos,4200.07,1145,962,183,1.19,Alemania,QRO-MQZ
5626,2023-08-08,2023-08-09,2023,8,2,1,0,0,44.5,410.01,9.21,Corregidora,Distribuidor,79-ARN,Arneses,2822.38,3202,339,2863,9.45,Alemania,QRO-MQZ
5627,2026-05-04,2026-05-25,2026,5,1,21,1,18,184.4,3484.74,18.9,San Juan del Río,Taller,44-ARN,Arneses,4310.1,1228,335,893,3.67,USA,QRO-MQZ
5628,2024-10-01,2024-10-05,2024,10,2,4,1,1,19,157.12,8.27,Celaya,Tier1,1-SUS,Suspensión,3019.89,3188,814,2374,3.92,China,QRO-SLP
5629,2023-04-28,2023-05-05,2023,4,5,7,1,4,77.4,1286.82,16.63,Querétaro,Distribuidor,24-FRE,Frenos,3167.6,1248,407,841,3.07,USA,QRO-SLP
5630,2022-11-25,2022-11-30,2022,11,5,5,1,2,243.3,3290,13.52,San Juan del Río,Taller,75-ARN,Arneses,783.6,3454,262,3192,13.18,China,QRO-SJR
5631,2026-05-03,2026-05-26,2026,5,0,23,1,19,302.9,4092.52,13.51,El Marqués,Tier1,75-ARN,Arneses,783.6,3454,262,3192,13.18,Japón,QRO-SLP
5632,2026-05-17,2026-05-27,2026,5,0,10,1,5,208,2440.2,11.73,Celaya,Tier1,62-SEN,Sensores,61.64,976,325,651,3,México,QRO-CEL
5633,2023-08-03,2023-08-07,2023,8,4,4,1,1,33.7,478.83,14.21,El Marqués,Tier1,91-SEN,Sensores,4666.99,2159,152,2007,14.2,México,QRO-CEL
5634,2023-01-04,2023-01-05,2023,1,3,1,0,0,14.9,286.55,19.23,San Juan del Río,Planta,53-ELE,Electrónica,2503.62,2992,933,2059,3.21,China,QRO-MQZ
5635,2024-03-29,2024-04-03,2024,3,5,5,1,2,132.9,1598.75,12.03,Querétaro,Tier1,61-FRE,Frenos,2992.6,2417,256,2161,9.44,Alemania,QRO-SLP
5636,2026-05-25,2026-06-01,2026,5,1,7,0,0,154.2,2679.24,17.38,Querétaro,Distribuidor,82-ELE,Electrónica,4169.44,3032,267,2765,11.36,Alemania,QRO-MQZ
5637,2022-07-24,2022-07-31,2022,7,0,7,1,4,337.9,5863.03,17.35,San Juan del Río,Planta,55-SUS,Suspensión,105.27,1887,966,921,1.95,USA,QRO-CEL
5638,2021-08-02,2021-08-04,2021,8,1,2,0,0,303.6,2940.07,9.68,Celaya,Planta,69-SUS,Suspensión,2311.07,1018,914,104,1.11,USA,QRO-MQZ
5639,2025-02-14,2025-02-21,2025,2,5,7,1,4,288.6,2920.11,10.12,Celaya,Distribuidor,37-ARN,Arneses,1422.73,3772,947,2825,3.98,Japón,QRO-SJR
5640,2026-05-15,2026-05-29,2026,5,5,14,1,7,219,1796.96,8.21,El Marqués,Planta,32-ARN,Arneses,1534.06,183,367,-184,0.5,Alemania,QRO-MQZ
5641,2023-12-29,2024-01-05,2023,12,5,7,1,4,194.3,1708.78,8.79,San Luis Potosí,Tier1,66-ARN,Arneses,3511.95,1519,764,755,1.99,México,QRO-SJR
5642,2026-05-02,2026-05-06,2026,5,6,4,1,1,343.8,3827.24,11.13,San Luis Potosí,Tier1,18-FRE,Frenos,2478.97,2322,407,1915,5.71,México,QRO-SJR
5643,2026-05-21,2026-05-29,2026,5,4,8,1,1,81,1033.69,12.76,San Luis Potosí,Tier1,3-SEN,Sensores,523.6,1191,770,421,1.55,Alemania,QRO-SLP
5644,2025-07-01,2025-07-06,2025,7,2,5,1,2,254.8,4930.77,19.35,León,Taller,24-FRE,Frenos,3167.6,1248,407,841,3.07,Japón,QRO-CEL
5645,2021-10-26,2021-10-29,2021,10,2,3,0,0,18.3,176.21,9.63,Querétaro,Distribuidor,46-FRE,Frenos,3166.98,4682,146,4536,32.07,Alemania,QRO-MQZ
5646,2024-12-10,2024-12-17,2024,12,2,7,1,4,111.4,1151.85,10.34,Celaya,Planta,18-ELE,Electrónica,3808.96,3955,122,3833,32.42,Japón,QRO-CEL
5647,2024-12-31,2025-01-02,2024,12,2,2,0,0,53.1,528.07,9.94,Corregidora,Distribuidor,60-ELE,Electrónica,1065.78,4715,596,4119,7.91,USA,QRO-SJR
5648,2023-12-21,2023-12-23,2023,12,4,2,0,0,57.3,863.77,15.07,San Juan del Río,Tier1,77-ELE,Electrónica,761.01,3401,523,2878,6.5,Alemania,QRO-MQZ
5649,2026-05-05,2026-05-25,2026,5,2,20,1,17,300.9,5497.88,18.27,Querétaro,Tier1,42-FRE,Frenos,4554.59,2399,529,1870,4.53,Japón,QRO-CEL
5650,2024-10-02,2024-10-05,2024,10,3,3,0,0,158.1,1573.29,9.95,El Marqués,Taller,47-ARN,Arneses,1524.78,2381,707,1674,3.37,Alemania,QRO-MQZ
5651,2026-05-07,2026-05-26,2026,5,4,19,1,15,104.3,1037.11,9.94,Celaya,Tier1,13-SEN,Sensores,1929.65,2670,406,2264,6.58,México,QRO-SLP
5652,2025-09-01,2025-09-09,2025,9,1,8,1,5,224.7,2615.68,11.64,San Luis Potosí,Tier1,96-ELE,Electrónica,4610.48,3616,228,3388,15.86,Alemania,QRO-SLP
5653,2025-11-25,2025-11-28,2025,11,2,3,0,0,236,4496.49,19.05,San Juan del Río,Planta,62-SUS,Suspensión,2758.99,4916,257,4659,19.13,México,QRO-MQZ
5654,2026-05-16,2026-05-28,2026,5,6,12,1,6,153.5,1459.26,9.51,Querétaro,Distribuidor,69-SUS,Suspensión,2311.07,1018,914,104,1.11,USA,QRO-SLP
5655,2026-04-09,2026-04-14,2026,4,4,5,1,2,83.9,1015.96,12.11,San Luis Potosí,Tier1,16-FRE,Frenos,4639.47,4174,516,3658,8.09,Japón,QRO-MQZ
5656,2025-10-01,2025-10-05,2025,10,3,4,1,1,127.7,1586.8,12.43,León,Tier1,1-ARN,Arneses,3422.68,3382,224,3158,15.1,México,QRO-SJR
5657,2021-12-05,2021-12-12,2021,12,0,7,1,4,311.7,5288.45,16.97,Corregidora,Tier1,60-SEN,Sensores,4618.25,4938,354,4584,13.95,Japón,QRO-MQZ
5658,2026-05-08,2026-05-26,2026,5,5,18,1,14,325.7,4286.09,13.16,Querétaro,Tier1,92-ELE,Electrónica,4401.79,4271,769,3502,5.55,México,QRO-MQZ
5659,2023-04-23,2023-04-25,2023,4,0,2,0,0,88.4,908.57,10.28,El Marqués,Tier1,31-SUS,Suspensión,414.84,3309,482,2827,6.87,Japón,QRO-SLP
5660,2026-05-02,2026-05-26,2026,5,6,24,1,20,167.6,1593.57,9.51,Celaya,Distribuidor,51-ARN,Arneses,2205.11,3816,443,3373,8.61,USA,QRO-CEL
5661,2026-05-12,2026-05-31,2026,5,2,19,1,10,214.2,3418.04,15.96,Querétaro,Tier1,87-ARN,Arneses,4993.62,4977,367,4610,13.56,USA,QRO-SLP
5662,2023-11-17,2023-11-19,2023,11,5,2,0,0,318.7,6276.61,19.69,Corregidora,Taller,3-SUS,Suspensión,3159.17,1739,584,1155,2.98,China,QRO-SJR
5663,2025-04-12,2025-04-19,2025,4,6,7,1,4,41.2,786.41,19.09,Querétaro,Planta,72-ARN,Arneses,3783.02,2196,705,1491,3.11,USA,QRO-SJR
5664,2023-08-16,2023-08-21,2023,8,3,5,1,2,73,1054.38,14.44,San Luis Potosí,Tier1,81-SEN,Sensores,3476.55,1073,855,218,1.25,China,QRO-SJR
5665,2024-06-07,2024-06-14,2024,6,5,7,1,4,36.2,701.27,19.37,Querétaro,Tier1,13-ARN,Arneses,1454.25,4822,879,3943,5.49,China,QRO-MQZ
5666,2021-02-20,2021-02-25,2021,2,6,5,1,2,147.4,2164.23,14.68,Celaya,Planta,28-SUS,Suspensión,2679.89,2559,178,2381,14.38,China,QRO-MQZ
5667,2022-09-08,2022-09-13,2022,9,4,5,1,2,323.8,5647.32,17.44,Querétaro,Taller,65-ELE,Electrónica,4175.41,3316,875,2441,3.79,USA,QRO-MQZ
5668,2023-03-23,2023-03-30,2023,3,4,7,1,4,183.1,3438.72,18.78,San Luis Potosí,Tier1,13-SUS,Suspensión,186.07,4142,666,3476,6.22,China,QRO-CEL
5669,2024-02-04,2024-02-05,2024,2,0,1,0,0,311.9,2760.51,8.85,El Marqués,Tier1,22-SUS,Suspensión,895.84,3847,874,2973,4.4,USA,QRO-MQZ
5670,2025-08-22,2025-08-30,2025,8,5,8,1,5,101.1,956.24,9.46,El Marqués,Taller,35-SUS,Suspensión,3998.45,2100,715,1385,2.94,China,QRO-CEL
5671,2026-05-07,2026-05-28,2026,5,4,21,1,15,147.8,2429.79,16.44,León,Tier1,22-SUS,Suspensión,895.84,3847,874,2973,4.4,México,QRO-CEL
5672,2026-05-15,2026-05-25,2026,5,5,10,1,7,41.9,429.29,10.25,Querétaro,Tier1,41-FRE,Frenos,402.6,1519,142,1377,10.7,China,QRO-SLP
5673,2023-08-13,2023-08-14,2023,8,0,1,0,0,170.6,3097.97,18.16,Corregidora,Distribuidor,51-FRE,Frenos,1270.56,3380,623,2757,5.43,Japón,QRO-SJR
5674,2024-12-29,2024-12-31,2024,12,0,2,0,0,131.8,2335.08,17.72,San Luis Potosí,Tier1,93-ARN,Arneses,4982.78,4849,464,4385,10.45,Alemania,QRO-SLP
5675,2024-11-09,2024-11-13,2024,11,6,4,1,1,197.3,2421.67,12.27,Corregidora,Taller,23-SUS,Suspensión,3508.58,2134,799,1335,2.67,Japón,QRO-MQZ
5676,2021-06-12,2021-06-17,2021,6,6,5,1,2,242.9,2117.09,8.72,San Juan del Río,Planta,99-FRE,Frenos,4195.98,3122,126,2996,24.78,Japón,QRO-MQZ
5677,2024-11-20,2024-11-24,2024,11,3,4,1,1,142,1911.37,13.46,San Luis Potosí,Tier1,61-SUS,Suspensión,1710.59,631,965,-334,0.65,Japón,QRO-MQZ
5678,2026-05-25,2026-05-27,2026,5,1,2,0,0,174.2,3304.47,18.97,Querétaro,Tier1,21-ELE,Electrónica,2331.02,422,893,-471,0.47,México,QRO-MQZ
5679,2026-05-18,2026-05-27,2026,5,1,9,1,4,291,4405.24,15.14,San Juan del Río,Planta,70-SEN,Sensores,1991.74,2888,241,2647,11.98,China,QRO-SLP
5680,2026-05-20,2026-05-30,2026,5,3,10,1,2,259.8,2599.43,10.01,San Luis Potosí,Tier1,71-ELE,Electrónica,3176.69,1574,322,1252,4.89,México,QRO-SLP
5681,2026-01-09,2026-01-10,2026,1,5,1,0,0,165.4,2544.83,15.39,León,Planta,83-ARN,Arneses,4089.81,3819,304,3515,12.56,Japón,QRO-SLP
5682,2024-03-28,2024-04-01,2024,3,4,4,1,1,212.8,3873.13,18.2,El Marqués,Tier1,22-ARN,Arneses,4301.5,1604,436,1168,3.68,Japón,QRO-SLP
5683,2025-06-27,2025-07-04,2025,6,5,7,1,4,275.2,4128.48,15,Celaya,Tier1,93-SEN,Sensores,4236.96,1229,379,850,3.24,USA,QRO-CEL
5684,2022-12-31,2023-01-07,2022,12,6,7,1,4,299,5476.61,18.32,Celaya,Distribuidor,63-SUS,Suspensión,3993.5,2133,790,1343,2.7,Alemania,QRO-CEL
5685,2023-07-20,2023-07-26,2023,7,4,6,1,3,314.4,3225.1,10.26,León,Tier1,81-SEN,Sensores,3476.55,1073,855,218,1.25,China,QRO-SJR
5686,2023-05-23,2023-05-28,2023,5,2,5,1,2,131.7,2587.2,19.64,León,Planta,54-SUS,Suspensión,456.95,529,846,-317,0.63,USA,QRO-SLP
5687,2025-04-19,2025-04-23,2025,4,6,4,1,1,238.3,1930.77,8.1,El Marqués,Tier1,28-SEN,Sensores,1818.54,4432,701,3731,6.32,Japón,QRO-SJR
5688,2026-05-13,2026-05-26,2026,5,3,13,1,9,56.9,826.14,14.52,Querétaro,Distribuidor,87-SEN,Sensores,1243.01,2731,878,1853,3.11,Japón,QRO-MQZ
5689,2026-01-10,2026-01-17,2026,1,6,7,1,4,231.6,3637.79,15.71,León,Tier1,87-SEN,Sensores,1243.01,2731,878,1853,3.11,USA,QRO-MQZ
5690,2026-05-05,2026-05-30,2026,5,2,25,1,17,80.7,871.44,10.8,San Luis Potosí,Tier1,24-SEN,Sensores,2113.06,4735,936,3799,5.06,China,QRO-CEL
5691,2022-01-04,2022-01-10,2022,1,2,6,1,3,156.3,2594.86,16.6,El Marqués,Tier1,94-FRE,Frenos,4473.89,3060,162,2898,18.89,USA,QRO-CEL
5692,2026-05-05,2026-05-28,2026,5,2,23,1,17,185.1,1535.63,8.3,Celaya,Distribuidor,38-ARN,Arneses,2157.65,2477,447,2030,5.54,USA,QRO-CEL
5693,2026-05-03,2026-05-29,2026,5,0,26,1,19,136.8,1246.33,9.11,Celaya,Distribuidor,14-SEN,Sensores,1286.42,722,555,167,1.3,Japón,QRO-SJR
5694,2026-05-10,2026-05-17,2026,5,0,7,1,4,324.1,4636.96,14.31,Corregidora,Tier1,82-SUS,Suspensión,998.09,2299,178,2121,12.92,Japón,QRO-SLP
5695,2025-07-25,2025-08-01,2025,7,5,7,1,4,35.2,624.33,17.74,Corregidora,Tier1,80-SEN,Sensores,4961.03,2089,880,1209,2.37,México,QRO-MQZ
5696,2025-07-09,2025-07-16,2025,7,3,7,1,4,44.3,788.06,17.79,Corregidora,Distribuidor,26-SUS,Suspensión,4121.98,3676,530,3146,6.94,USA,QRO-MQZ
5697,2024-03-18,2024-03-26,2024,3,1,8,1,5,303.5,2772.27,9.13,Corregidora,Planta,60-SUS,Suspensión,2653.99,2128,369,1759,5.77,México,QRO-SLP
5698,2024-05-18,2024-05-19,2024,5,6,1,0,0,212,1818.9,8.58,Corregidora,Distribuidor,54-SUS,Suspensión,456.95,529,846,-317,0.63,USA,QRO-CEL
5699,2026-05-07,2026-05-28,2026,5,4,21,1,15,261.8,2362.32,9.02,El Marqués,Tier1,88-SUS,Suspensión,1941.02,3880,832,3048,4.66,México,QRO-MQZ
5700,2023-10-31,2023-11-02,2023,10,2,2,0,0,242.9,4567.27,18.8,Celaya,Planta,30-SUS,Suspensión,506.69,2378,235,2143,10.12,México,QRO-SJR
5701,2025-09-18,2025-09-20,2025,9,4,2,0,0,102.7,1715.94,16.71,Corregidora,Distribuidor,69-SUS,Suspensión,2311.07,1018,914,104,1.11,Japón,QRO-CEL
5702,2025-06-12,2025-06-16,2025,6,4,4,1,1,164,2941.24,17.93,Corregidora,Planta,98-SEN,Sensores,2084.79,1561,258,1303,6.05,USA,QRO-SJR
5703,2023-09-30,2023-10-05,2023,9,6,5,1,2,46,888.85,19.32,San Luis Potosí,Tier1,28-ELE,Electrónica,4684.29,2156,661,1495,3.26,China,QRO-MQZ
5704,2022-09-03,2022-09-07,2022,9,6,4,1,1,81.3,1460.11,17.96,León,Tier1,9-SUS,Suspensión,3312.62,269,343,-74,0.78,Japón,QRO-SLP
5705,2021-09-18,2021-09-19,2021,9,6,1,0,0,275.8,4126.31,14.96,Corregidora,Taller,53-SEN,Sensores,2001.95,4699,843,3856,5.57,México,QRO-CEL
5706,2026-05-22,2026-05-25,2026,5,5,3,0,0,137.3,1624.87,11.83,El Marqués,Planta,11-FRE,Frenos,495.05,2683,151,2532,17.77,México,QRO-SJR
5707,2022-12-18,2022-12-19,2022,12,0,1,0,0,132.8,2563.44,19.3,Querétaro,Planta,79-SEN,Sensores,3466.99,835,695,140,1.2,China,QRO-SJR
5708,2026-05-23,2026-06-02,2026,5,6,10,0,0,159,2209.53,13.9,San Juan del Río,Planta,64-SEN,Sensores,4961.2,4001,258,3743,15.51,USA,QRO-CEL
5709,2021-05-12,2021-05-15,2021,5,3,3,0,0,264.4,3236.78,12.24,Celaya,Planta,15-ARN,Arneses,2004.45,403,614,-211,0.66,China,QRO-CEL
5710,2026-05-15,2026-05-25,2026,5,5,10,1,7,65.7,1007.36,15.33,San Juan del Río,Tier1,42-FRE,Frenos,4554.59,2399,529,1870,4.53,China,QRO-MQZ
5711,2026-05-19,2026-05-25,2026,5,2,6,1,3,327,5361.38,16.4,León,Tier1,85-ARN,Arneses,182.43,4967,727,4240,6.83,China,QRO-SJR
5712,2026-05-11,2026-05-30,2026,5,1,19,1,11,64.6,1128.11,17.46,El Marqués,Tier1,2-ELE,Electrónica,1189.72,3706,870,2836,4.26,México,QRO-MQZ
5713,2023-08-05,2023-08-11,2023,8,6,6,1,3,116,1602.46,13.81,León,Planta,19-FRE,Frenos,2228.63,130,180,-50,0.72,China,QRO-SLP
5714,2021-12-25,2021-12-27,2021,12,6,2,0,0,246.4,4271.99,17.34,San Juan del Río,Taller,75-ELE,Electrónica,216.11,4758,831,3927,5.73,China,QRO-CEL
5715,2022-12-02,2022-12-06,2022,12,5,4,1,1,50.5,561.86,11.13,Corregidora,Distribuidor,10-ARN,Arneses,1421.89,2478,555,1923,4.46,USA,QRO-CEL
5716,2026-05-04,2026-05-27,2026,5,1,23,1,18,250.7,4492.87,17.92,Corregidora,Planta,49-SEN,Sensores,1664.17,3963,807,3156,4.91,Japón,QRO-SJR
5717,2021-01-06,2021-01-07,2021,1,3,1,0,0,305.7,5533.96,18.1,León,Tier1,85-SUS,Suspensión,2247.84,2925,536,2389,5.46,Japón,QRO-SLP
5718,2026-05-12,2026-05-25,2026,5,2,13,1,10,135.4,2339.05,17.28,San Luis Potosí,Taller,61-ELE,Electrónica,1772.26,1011,456,555,2.22,Alemania,QRO-MQZ
5719,2021-11-24,2021-11-25,2021,11,3,1,0,0,221.9,2025.84,9.13,Corregidora,Planta,6-SUS,Suspensión,2576.41,2042,642,1400,3.18,Japón,QRO-SJR
5720,2026-05-07,2026-05-30,2026,5,4,23,1,15,96.1,1335.25,13.89,San Juan del Río,Taller,68-ELE,Electrónica,428.16,3609,688,2921,5.25,Japón,QRO-MQZ
5721,2026-02-22,2026-02-25,2026,2,0,3,0,0,123.4,2280.73,18.48,Querétaro,Tier1,72-SEN,Sensores,2907.83,4310,751,3559,5.74,Japón,QRO-SLP
5722,2023-08-15,2023-08-22,2023,8,2,7,1,4,300,4353.92,14.51,Celaya,Planta,97-SUS,Suspensión,3611.27,2315,112,2203,20.67,China,QRO-SLP
5723,2026-05-25,2026-06-01,2026,5,1,7,0,0,238.6,2807.63,11.77,Celaya,Planta,79-SEN,Sensores,3466.99,835,695,140,1.2,Japón,QRO-SLP
5724,2023-04-17,2023-04-24,2023,4,1,7,1,4,197.4,2450.55,12.41,Celaya,Distribuidor,57-FRE,Frenos,1434.88,3059,113,2946,27.07,Alemania,QRO-SLP
5725,2026-05-14,2026-05-28,2026,5,4,14,1,8,210.3,2944.02,14,El Marqués,Taller,70-SUS,Suspensión,3232.39,1824,203,1621,8.99,Japón,QRO-CEL
5726,2025-05-12,2025-05-18,2025,5,1,6,1,3,44.9,753.56,16.78,Corregidora,Distribuidor,22-ARN,Arneses,4301.5,1604,436,1168,3.68,México,QRO-SJR
5727,2024-08-16,2024-08-23,2024,8,5,7,1,4,84.1,727.85,8.65,Querétaro,Distribuidor,8-SEN,Sensores,4374.33,2187,777,1410,2.81,México,QRO-SJR
5728,2026-05-09,2026-05-28,2026,5,6,19,1,13,349,4587.51,13.14,Querétaro,Tier1,86-SEN,Sensores,2869.97,158,622,-464,0.25,USA,QRO-SLP
5729,2024-05-03,2024-05-09,2024,5,5,6,1,3,98.3,1772.58,18.03,San Luis Potosí,Tier1,83-FRE,Frenos,4864.67,2926,560,2366,5.22,China,QRO-CEL
5730,2026-05-25,2026-05-31,2026,5,1,6,0,0,325.5,3447.14,10.59,Corregidora,Planta,54-ELE,Electrónica,3166.45,2424,477,1947,5.08,China,QRO-CEL
5731,2026-05-20,2026-06-03,2026,5,3,14,1,2,338.4,4785.87,14.14,Corregidora,Planta,96-ARN,Arneses,1067.24,3998,883,3115,4.53,China,QRO-CEL
5732,2026-05-21,2026-06-02,2026,5,4,12,1,1,90.3,1523.2,16.87,San Luis Potosí,Tier1,12-ARN,Arneses,4577.37,1662,429,1233,3.87,USA,QRO-SLP
5733,2023-03-21,2023-03-22,2023,3,2,1,0,0,19.8,301.36,15.22,Corregidora,Distribuidor,66-SUS,Suspensión,3813.62,870,354,516,2.46,USA,QRO-SLP
5734,2025-03-17,2025-03-22,2025,3,1,5,1,2,185.1,3616.54,19.54,León,Planta,85-ARN,Arneses,182.43,4967,727,4240,6.83,USA,QRO-SJR
5735,2024-05-03,2024-05-06,2024,5,5,3,0,0,290.8,2351.41,8.09,San Luis Potosí,Planta,10-SUS,Suspensión,3974.3,2474,590,1884,4.19,México,QRO-CEL
5736,2022-05-27,2022-06-01,2022,5,5,5,1,2,39,554.64,14.22,Celaya,Planta,23-FRE,Frenos,3759.37,4902,886,4016,5.53,México,QRO-MQZ
5737,2026-05-09,2026-05-31,2026,5,6,22,1,13,332.2,3834.48,11.54,Celaya,Distribuidor,75-SUS,Suspensión,269.17,1657,967,690,1.71,China,QRO-SJR
5738,2024-03-18,2024-03-19,2024,3,1,1,0,0,113.5,2235.02,19.69,Celaya,Distribuidor,22-FRE,Frenos,473.66,3099,887,2212,3.49,Alemania,QRO-SJR
5739,2024-08-18,2024-08-19,2024,8,0,1,0,0,103.4,1607.01,15.54,El Marqués,Taller,45-ELE,Electrónica,4169.66,3629,173,3456,20.98,USA,QRO-MQZ
5740,2025-02-22,2025-03-01,2025,2,6,7,1,4,222.4,2401,10.8,Querétaro,Planta,48-ARN,Arneses,4531.54,4813,716,4097,6.72,USA,QRO-MQZ
5741,2024-07-13,2024-07-20,2024,7,6,7,1,4,240.3,2487.46,10.35,Querétaro,Tier1,58-ELE,Electrónica,2903.09,691,258,433,2.68,México,QRO-CEL
5742,2024-10-15,2024-10-22,2024,10,2,7,1,4,107.3,1754.56,16.35,León,Planta,62-SEN,Sensores,61.64,976,325,651,3,Alemania,QRO-SJR
5743,2026-05-23,2026-05-29,2026,5,6,6,0,0,101.9,1960.38,19.24,León,Planta,10-ARN,Arneses,1421.89,2478,555,1923,4.46,Japón,QRO-SLP
5744,2023-05-26,2023-05-28,2023,5,5,2,0,0,246.4,3298.62,13.39,San Luis Potosí,Tier1,62-SEN,Sensores,61.64,976,325,651,3,USA,QRO-MQZ
5745,2024-10-21,2024-10-29,2024,10,1,8,1,5,88.6,1398.68,15.79,San Juan del Río,Taller,44-SEN,Sensores,4770.35,1824,337,1487,5.41,China,QRO-CEL
5746,2025-03-05,2025-03-12,2025,3,3,7,1,4,343.8,2858.24,8.31,San Juan del Río,Planta,50-ARN,Arneses,2901.33,2029,792,1237,2.56,China,QRO-SLP
5747,2025-05-27,2025-05-30,2025,5,2,3,0,0,273.6,4221.35,15.43,Querétaro,Planta,23-FRE,Frenos,3759.37,4902,886,4016,5.53,México,QRO-SJR
5748,2025-07-29,2025-08-05,2025,7,2,7,1,4,131,2286.2,17.45,Querétaro,Tier1,24-ELE,Electrónica,4055.81,2955,652,2303,4.53,USA,QRO-SJR
5749,2024-07-04,2024-07-11,2024,7,4,7,1,4,120.8,1969.09,16.3,Corregidora,Taller,100-FRE,Frenos,1719.07,4842,314,4528,15.42,Alemania,QRO-MQZ
5750,2022-05-28,2022-05-30,2022,5,6,2,0,0,51,845.56,16.58,León,Tier1,54-FRE,Frenos,2428.99,2196,677,1519,3.24,México,QRO-SLP
5751,2023-04-04,2023-04-05,2023,4,2,1,0,0,129.9,2064.44,15.89,Querétaro,Taller,59-SEN,Sensores,627.84,3969,671,3298,5.92,Japón,QRO-MQZ
5752,2022-12-09,2022-12-15,2022,12,5,6,1,3,164.5,1368.08,8.32,León,Planta,91-ELE,Electrónica,4015.73,261,463,-202,0.56,USA,QRO-MQZ
5753,2022-01-04,2022-01-05,2022,1,2,1,0,0,41.8,451.19,10.79,San Luis Potosí,Tier1,53-SEN,Sensores,2001.95,4699,843,3856,5.57,China,QRO-CEL
5754,2023-11-06,2023-11-12,2023,11,1,6,1,3,202.9,2956.33,14.57,León,Planta,15-ELE,Electrónica,1562.18,742,986,-244,0.75,China,QRO-MQZ
5755,2026-05-06,2026-05-26,2026,5,3,20,1,16,321.4,3770.42,11.73,Celaya,Distribuidor,64-FRE,Frenos,3469.29,4865,898,3967,5.42,USA,QRO-SLP
5756,2026-03-01,2026-03-09,2026,3,0,8,1,5,201.1,2662.36,13.24,El Marqués,Taller,1-FRE,Frenos,233.71,1282,783,499,1.64,México,QRO-MQZ
5757,2024-02-29,2024-03-05,2024,2,4,5,1,2,121.1,2259.1,18.65,Querétaro,Taller,8-FRE,Frenos,1993.18,2763,635,2128,4.35,México,QRO-CEL
5758,2023-09-26,2023-09-27,2023,9,2,1,0,0,209.9,3343.64,15.93,León,Tier1,65-SEN,Sensores,3356.68,3642,308,3334,11.82,China,QRO-SLP
5759,2022-11-24,2022-11-28,2022,11,4,4,1,1,157.1,2889.36,18.39,Querétaro,Tier1,49-ARN,Arneses,412.82,3527,162,3365,21.77,China,QRO-MQZ
5760,2023-03-07,2023-03-11,2023,3,2,4,1,1,155.4,2431.9,15.65,San Juan del Río,Taller,31-SEN,Sensores,2188.74,120,548,-428,0.22,Alemania,QRO-SLP
5761,2022-07-10,2022-07-17,2022,7,0,7,1,4,317.3,3697.35,11.65,León,Tier1,71-ARN,Arneses,4201.41,2624,106,2518,24.75,Japón,QRO-MQZ
5762,2025-03-18,2025-03-26,2025,3,2,8,1,5,160.4,2079.05,12.96,San Luis Potosí,Tier1,7-SUS,Suspensión,3185.28,4440,570,3870,7.79,China,QRO-SJR
5763,2023-06-09,2023-06-15,2023,6,5,6,1,3,310.3,5028.91,16.21,San Juan del Río,Planta,27-ARN,Arneses,1335.52,4511,497,4014,9.08,China,QRO-SLP
5764,2022-03-03,2022-03-08,2022,3,4,5,1,2,274.2,4849.72,17.69,El Marqués,Taller,3-FRE,Frenos,3775.29,2212,377,1835,5.87,Japón,QRO-SLP
5765,2025-06-08,2025-06-13,2025,6,0,5,1,2,340.7,4397.19,12.91,Querétaro,Tier1,23-ELE,Electrónica,1997.95,1627,354,1273,4.6,Japón,QRO-SJR
5766,2026-05-16,2026-05-29,2026,5,6,13,1,6,183.7,2406.62,13.1,Celaya,Distribuidor,8-SUS,Suspensión,926.42,4541,250,4291,18.16,USA,QRO-SJR
5767,2026-02-02,2026-02-08,2026,2,1,6,1,3,60.2,1025.39,17.03,El Marqués,Tier1,61-ARN,Arneses,4744.31,4892,624,4268,7.84,China,QRO-SJR
5768,2026-01-06,2026-01-10,2026,1,2,4,1,1,157.1,2970.19,18.91,Corregidora,Distribuidor,45-SEN,Sensores,754.06,1135,113,1022,10.04,China,QRO-CEL
5769,2023-10-18,2023-10-23,2023,10,3,5,1,2,217.2,2871.05,13.22,Celaya,Planta,35-SEN,Sensores,262.68,3794,321,3473,11.82,México,QRO-SLP
5770,2023-01-28,2023-02-04,2023,1,6,7,1,4,37,355.31,9.6,Corregidora,Distribuidor,70-ARN,Arneses,1874.06,2106,688,1418,3.06,Japón,QRO-SJR
5771,2023-11-05,2023-11-06,2023,11,0,1,0,0,85.7,1485.54,17.33,Corregidora,Distribuidor,1-SUS,Suspensión,3019.89,3188,814,2374,3.92,Japón,QRO-CEL
5772,2025-03-11,2025-03-15,2025,3,2,4,1,1,215,3641.87,16.94,Querétaro,Tier1,1-SUS,Suspensión,3019.89,3188,814,2374,3.92,Alemania,QRO-SJR
5773,2026-05-23,2026-05-25,2026,5,6,2,0,0,146.3,1758.49,12.02,Querétaro,Planta,38-ARN,Arneses,2157.65,2477,447,2030,5.54,Japón,QRO-SLP
5774,2022-08-29,2022-09-05,2022,8,1,7,1,4,163.4,2860.4,17.51,Querétaro,Distribuidor,26-SUS,Suspensión,4121.98,3676,530,3146,6.94,México,QRO-SJR
5775,2022-03-21,2022-03-24,2022,3,1,3,0,0,172.7,2101.99,12.17,León,Taller,22-SUS,Suspensión,895.84,3847,874,2973,4.4,China,QRO-CEL
5776,2024-03-10,2024-03-15,2024,3,0,5,1,2,74.8,1158.78,15.49,San Juan del Río,Planta,4-ELE,Electrónica,1583.34,802,919,-117,0.87,China,QRO-MQZ
5777,2024-12-09,2024-12-13,2024,12,1,4,1,1,232.2,2439.08,10.5,San Luis Potosí,Planta,55-SEN,Sensores,431.65,4262,586,3676,7.27,China,QRO-MQZ
5778,2025-11-06,2025-11-10,2025,11,4,4,1,1,119.2,1758,14.75,San Juan del Río,Taller,4-FRE,Frenos,2773.92,2500,334,2166,7.49,Alemania,QRO-SLP
5779,2022-02-25,2022-02-28,2022,2,5,3,0,0,342.1,5255.48,15.36,Corregidora,Planta,45-SUS,Suspensión,2909.13,3021,431,2590,7.01,México,QRO-CEL
5780,2026-05-22,2026-05-27,2026,5,5,5,0,0,191.8,3604.61,18.79,Corregidora,Distribuidor,95-FRE,Frenos,4724.44,71,925,-854,0.08,USA,QRO-MQZ
5781,2026-05-20,2026-05-30,2026,5,3,10,1,2,309.7,4615.7,14.9,León,Tier1,8-SUS,Suspensión,926.42,4541,250,4291,18.16,México,QRO-SLP
5782,2023-08-28,2023-08-31,2023,8,1,3,0,0,107.1,1659.57,15.5,Celaya,Planta,35-ARN,Arneses,3574.66,2983,906,2077,3.29,Japón,QRO-CEL
5783,2026-05-14,2026-05-25,2026,5,4,11,1,8,13.4,229.46,17.12,San Luis Potosí,Tier1,68-ELE,Electrónica,428.16,3609,688,2921,5.25,Japón,QRO-MQZ
5784,2026-05-11,2026-05-29,2026,5,1,18,1,11,117.4,2124.92,18.1,San Luis Potosí,Planta,75-FRE,Frenos,2586.79,1278,749,529,1.71,USA,QRO-CEL
5785,2024-07-16,2024-07-18,2024,7,2,2,0,0,147.2,1659.93,11.28,El Marqués,Taller,88-ARN,Arneses,4573.3,1325,367,958,3.61,China,QRO-CEL
5786,2022-05-26,2022-05-28,2022,5,4,2,0,0,87.1,1558.85,17.9,Corregidora,Tier1,40-ELE,Electrónica,3251.02,3372,892,2480,3.78,China,QRO-SJR
5787,2026-05-06,2026-05-31,2026,5,3,25,1,16,50.3,430.17,8.55,Corregidora,Distribuidor,23-ARN,Arneses,856.04,2511,134,2377,18.74,México,QRO-MQZ
5788,2026-03-22,2026-03-30,2026,3,0,8,1,5,224.6,3285.83,14.63,San Juan del Río,Tier1,22-SEN,Sensores,4518.66,3974,785,3189,5.06,Alemania,QRO-MQZ
5789,2026-05-08,2026-05-27,2026,5,5,19,1,14,72.2,1409.93,19.53,San Luis Potosí,Tier1,81-ELE,Electrónica,140.61,1480,170,1310,8.71,Japón,QRO-SLP
5790,2022-09-15,2022-09-20,2022,9,4,5,1,2,39.7,469.65,11.83,León,Taller,71-ARN,Arneses,4201.41,2624,106,2518,24.75,Japón,QRO-SLP
5791,2025-08-12,2025-08-13,2025,8,2,1,0,0,16.8,229.73,13.67,Celaya,Planta,1-SUS,Suspensión,3019.89,3188,814,2374,3.92,Japón,QRO-SJR
5792,2023-01-02,2023-01-05,2023,1,1,3,0,0,113.6,2073.21,18.25,Querétaro,Planta,72-SEN,Sensores,2907.83,4310,751,3559,5.74,Alemania,QRO-SJR
5793,2021-06-28,2021-06-30,2021,6,1,2,0,0,349.4,6915.11,19.79,Celaya,Distribuidor,74-ARN,Arneses,1238.29,2950,908,2042,3.25,Japón,QRO-SJR
5794,2022-05-10,2022-05-17,2022,5,2,7,1,4,298.6,3387.35,11.34,El Marqués,Distribuidor,1-SEN,Sensores,1859.2,2796,887,1909,3.15,México,QRO-CEL
5795,2026-05-06,2026-05-31,2026,5,3,25,1,16,41.8,492.14,11.77,Corregidora,Planta,72-ELE,Electrónica,892.6,1623,479,1144,3.39,México,QRO-MQZ
5796,2022-02-01,2022-02-07,2022,2,2,6,1,3,195.1,2419.22,12.4,Corregidora,Tier1,75-FRE,Frenos,2586.79,1278,749,529,1.71,Alemania,QRO-MQZ
5797,2023-06-10,2023-06-18,2023,6,6,8,1,5,264.8,2989.01,11.29,Celaya,Distribuidor,91-SEN,Sensores,4666.99,2159,152,2007,14.2,Japón,QRO-SLP
5798,2021-05-16,2021-05-24,2021,5,0,8,1,5,90.3,901.92,9.99,León,Taller,75-SEN,Sensores,2324.33,2246,115,2131,19.53,Japón,QRO-CEL
5799,2026-05-04,2026-05-28,2026,5,1,24,1,18,111.1,1294.12,11.65,Celaya,Tier1,44-ELE,Electrónica,1705.75,4295,341,3954,12.6,Alemania,QRO-SLP
5800,2026-05-09,2026-06-01,2026,5,6,23,1,13,223.8,3458.15,15.45,Corregidora,Planta,23-SEN,Sensores,1056.26,3445,649,2796,5.31,Japón,QRO-SLP
5801,2023-12-24,2023-12-30,2023,12,0,6,1,3,180.5,1649.49,9.14,León,Planta,48-ARN,Arneses,4531.54,4813,716,4097,6.72,México,QRO-SLP
5802,2023-07-18,2023-07-24,2023,7,2,6,1,3,288.4,2723.39,9.44,León,Planta,6-SUS,Suspensión,2576.41,2042,642,1400,3.18,Japón,QRO-MQZ
5803,2023-07-03,2023-07-10,2023,7,1,7,1,4,329.5,5311.22,16.12,Corregidora,Tier1,79-ELE,Electrónica,359.85,133,141,-8,0.94,Alemania,QRO-CEL
5804,2021-07-07,2021-07-11,2021,7,3,4,1,1,260.5,4707.84,18.07,San Juan del Río,Tier1,78-ELE,Electrónica,2160.49,2923,533,2390,5.48,México,QRO-MQZ
5805,2021-03-17,2021-03-25,2021,3,3,8,1,5,45.2,662.27,14.65,Querétaro,Tier1,46-FRE,Frenos,3166.98,4682,146,4536,32.07,México,QRO-SLP
5806,2021-10-31,2021-11-02,2021,10,0,2,0,0,14.8,150.8,10.19,León,Tier1,4-SEN,Sensores,415.57,4942,295,4647,16.75,México,QRO-CEL
5807,2026-05-23,2026-05-30,2026,5,6,7,0,0,339.9,6131,18.04,León,Planta,77-ARN,Arneses,4833.11,3865,647,3218,5.97,China,QRO-SLP
5808,2026-05-09,2026-05-27,2026,5,6,18,1,13,330.8,4590.85,13.88,San Juan del Río,Taller,85-SEN,Sensores,1521.2,2920,544,2376,5.37,USA,QRO-SJR
5809,2021-07-04,2021-07-05,2021,7,0,1,0,0,78,1008.41,12.93,San Luis Potosí,Planta,1-ARN,Arneses,3422.68,3382,224,3158,15.1,Japón,QRO-SJR
5810,2021-03-23,2021-03-26,2021,3,2,3,0,0,155.7,2540.2,16.31,Corregidora,Tier1,22-SUS,Suspensión,895.84,3847,874,2973,4.4,Alemania,QRO-CEL
5811,2026-05-19,2026-05-27,2026,5,2,8,1,3,270.4,3739.13,13.83,Querétaro,Tier1,25-ELE,Electrónica,1552.43,1189,817,372,1.46,China,QRO-MQZ
5812,2025-06-18,2025-06-26,2025,6,3,8,1,5,257.3,3049.97,11.85,Corregidora,Tier1,60-SUS,Suspensión,2653.99,2128,369,1759,5.77,China,QRO-SJR
5813,2023-02-12,2023-02-18,2023,2,0,6,1,3,317,4315.12,13.61,Corregidora,Tier1,51-SUS,Suspensión,1327.15,4912,621,4291,7.91,China,QRO-SJR
5814,2026-05-21,2026-06-01,2026,5,4,11,1,1,95.1,1386.61,14.58,Celaya,Planta,75-ELE,Electrónica,216.11,4758,831,3927,5.73,México,QRO-MQZ
5815,2022-10-17,2022-10-25,2022,10,1,8,1,5,103.5,1040.69,10.05,San Luis Potosí,Planta,53-SUS,Suspensión,2062.9,3440,719,2721,4.78,México,QRO-SLP
5816,2024-01-03,2024-01-07,2024,1,3,4,1,1,171,2387.5,13.96,Celaya,Distribuidor,64-SUS,Suspensión,4312.74,583,450,133,1.3,Alemania,QRO-SJR
5817,2026-05-02,2026-05-25,2026,5,6,23,1,20,268.9,4400.24,16.36,Querétaro,Planta,80-ELE,Electrónica,3933.63,4561,222,4339,20.55,China,QRO-MQZ
5818,2025-11-20,2025-11-26,2025,11,4,6,1,3,236,3379.06,14.32,El Marqués,Taller,12-FRE,Frenos,2256.16,1344,843,501,1.59,USA,QRO-CEL
5819,2026-05-16,2026-05-26,2026,5,6,10,1,6,168.7,2896.65,17.17,El Marqués,Taller,48-SUS,Suspensión,3762.52,1609,412,1197,3.91,China,QRO-SLP
5820,2024-11-30,2024-12-01,2024,11,6,1,0,0,155.4,1862.82,11.99,El Marqués,Tier1,3-SEN,Sensores,523.6,1191,770,421,1.55,Japón,QRO-MQZ
5821,2026-05-04,2026-06-01,2026,5,1,28,1,18,300,2636.87,8.79,San Juan del Río,Taller,80-SEN,Sensores,4961.03,2089,880,1209,2.37,USA,QRO-CEL
5822,2024-01-06,2024-01-09,2024,1,6,3,0,0,46.8,816.77,17.45,Celaya,Taller,29-FRE,Frenos,3167.34,4361,305,4056,14.3,China,QRO-CEL
5823,2023-02-26,2023-03-05,2023,2,0,7,1,4,200.7,3984.51,19.85,Querétaro,Tier1,68-ELE,Electrónica,428.16,3609,688,2921,5.25,México,QRO-CEL
5824,2024-05-23,2024-05-24,2024,5,4,1,0,0,58,1076.66,18.56,Corregidora,Distribuidor,96-SUS,Suspensión,3516.22,1894,371,1523,5.11,México,QRO-MQZ
5825,2023-09-12,2023-09-20,2023,9,2,8,1,5,17,168.3,9.9,San Juan del Río,Planta,81-SEN,Sensores,3476.55,1073,855,218,1.25,México,QRO-SJR
5826,2026-05-08,2026-05-28,2026,5,5,20,1,14,274.2,4338.45,15.82,Celaya,Taller,48-SUS,Suspensión,3762.52,1609,412,1197,3.91,China,QRO-SLP
5827,2026-05-12,2026-06-01,2026,5,2,20,1,10,82.6,973.15,11.78,San Juan del Río,Tier1,8-ARN,Arneses,3605.24,2185,615,1570,3.55,Japón,QRO-SJR
5828,2021-06-07,2021-06-14,2021,6,1,7,1,4,327.2,3985.33,12.18,San Juan del Río,Planta,13-ELE,Electrónica,1731.24,4181,159,4022,26.3,Japón,QRO-SLP
5829,2023-04-03,2023-04-09,2023,4,1,6,1,3,199.7,1642.23,8.22,San Luis Potosí,Tier1,33-FRE,Frenos,4635.35,4897,202,4695,24.24,Japón,QRO-SJR
5830,2022-07-23,2022-07-25,2022,7,6,2,0,0,201.5,3804.01,18.88,Corregidora,Tier1,21-ARN,Arneses,2688.88,472,527,-55,0.9,USA,QRO-CEL
5831,2026-05-09,2026-05-26,2026,5,6,17,1,13,48.9,575.94,11.78,Querétaro,Planta,80-FRE,Frenos,1456.89,1654,528,1126,3.13,Japón,QRO-MQZ
5832,2026-05-05,2026-05-29,2026,5,2,24,1,17,53.7,519.08,9.67,León,Planta,30-FRE,Frenos,2601.88,1085,192,893,5.65,México,QRO-MQZ
5833,2026-05-02,2026-05-27,2026,5,6,25,1,20,258.2,4088.36,15.83,San Juan del Río,Taller,51-SUS,Suspensión,1327.15,4912,621,4291,7.91,USA,QRO-SJR
5834,2022-07-09,2022-07-13,2022,7,6,4,1,1,271.7,4030.14,14.83,León,Tier1,85-SEN,Sensores,1521.2,2920,544,2376,5.37,México,QRO-SJR
5835,2023-01-24,2023-01-29,2023,1,2,5,1,2,139.1,1700.98,12.23,Corregidora,Distribuidor,78-SEN,Sensores,1084.74,2183,681,1502,3.21,Japón,QRO-CEL
5836,2026-05-19,2026-05-30,2026,5,2,11,1,3,172.4,2883.27,16.72,El Marqués,Tier1,20-ARN,Arneses,1779.81,1862,979,883,1.9,China,QRO-CEL
5837,2024-05-27,2024-06-01,2024,5,1,5,1,2,152.6,2657.14,17.41,León,Tier1,54-ARN,Arneses,3425.08,4574,874,3700,5.23,China,QRO-SLP
5838,2025-10-06,2025-10-07,2025,10,1,1,0,0,195.8,1747.16,8.92,San Luis Potosí,Planta,100-SUS,Suspensión,4542.37,1415,190,1225,7.45,México,QRO-CEL
5839,2022-10-02,2022-10-07,2022,10,0,5,1,2,56.6,935.2,16.52,El Marqués,Taller,39-ELE,Electrónica,2379.6,1533,174,1359,8.81,USA,QRO-CEL
5840,2022-04-27,2022-04-28,2022,4,3,1,0,0,277.7,3410.34,12.28,San Luis Potosí,Distribuidor,87-ARN,Arneses,4993.62,4977,367,4610,13.56,Japón,QRO-SJR
5841,2026-05-10,2026-05-30,2026,5,0,20,1,12,303.9,5705.48,18.77,León,Taller,55-SUS,Suspensión,105.27,1887,966,921,1.95,México,QRO-MQZ
5842,2026-05-25,2026-05-29,2026,5,1,4,0,0,187.8,1810.78,9.64,Querétaro,Distribuidor,37-SEN,Sensores,3969.15,3602,841,2761,4.28,México,QRO-MQZ
5843,2025-02-11,2025-02-14,2025,2,2,3,0,0,292.6,5785,19.77,Corregidora,Taller,50-SUS,Suspensión,1449.41,272,798,-526,0.34,Japón,QRO-CEL
5844,2024-10-11,2024-10-19,2024,10,5,8,1,5,172.5,2700.59,15.66,San Juan del Río,Tier1,95-SEN,Sensores,3843.72,3856,664,3192,5.81,USA,QRO-CEL
5845,2025-11-10,2025-11-18,2025,11,1,8,1,5,76.1,928.27,12.2,El Marqués,Taller,30-FRE,Frenos,2601.88,1085,192,893,5.65,México,QRO-SLP
5846,2025-06-23,2025-06-24,2025,6,1,1,0,0,227.7,3836.38,16.85,Celaya,Distribuidor,93-SUS,Suspensión,251.29,694,704,-10,0.99,USA,QRO-SLP
5847,2026-05-14,2026-05-28,2026,5,4,14,1,8,30.6,440.73,14.4,San Juan del Río,Planta,54-FRE,Frenos,2428.99,2196,677,1519,3.24,Japón,QRO-MQZ
5848,2021-09-27,2021-10-05,2021,9,1,8,1,5,293,3959.88,13.51,Querétaro,Tier1,20-SUS,Suspensión,1687.63,629,800,-171,0.79,Japón,QRO-MQZ
5849,2026-05-15,2026-05-28,2026,5,5,13,1,7,222.5,3322.05,14.93,León,Taller,23-ARN,Arneses,856.04,2511,134,2377,18.74,Japón,QRO-SLP
5850,2026-05-06,2026-05-29,2026,5,3,23,1,16,167.4,2812.2,16.8,San Juan del Río,Taller,71-SUS,Suspensión,1916.47,1253,659,594,1.9,México,QRO-SJR
5851,2025-09-18,2025-09-21,2025,9,4,3,0,0,299.5,5070.62,16.93,San Juan del Río,Taller,47-ELE,Electrónica,129.58,3309,950,2359,3.48,México,QRO-SLP
5852,2025-03-02,2025-03-04,2025,3,0,2,0,0,48.5,840.9,17.34,Querétaro,Distribuidor,59-SUS,Suspensión,149.53,1044,359,685,2.91,Japón,QRO-SLP
5853,2025-08-13,2025-08-18,2025,8,3,5,1,2,279.9,5476.89,19.57,San Juan del Río,Tier1,69-SUS,Suspensión,2311.07,1018,914,104,1.11,Alemania,QRO-CEL
5854,2025-04-19,2025-04-21,2025,4,6,2,0,0,236.7,2597.47,10.97,El Marqués,Planta,63-FRE,Frenos,2548.55,2094,709,1385,2.95,México,QRO-MQZ
5855,2023-01-03,2023-01-07,2023,1,2,4,1,1,171.8,2086.66,12.15,San Luis Potosí,Tier1,8-SUS,Suspensión,926.42,4541,250,4291,18.16,México,QRO-SLP
5856,2026-05-09,2026-05-29,2026,5,6,20,1,13,161.3,1590.76,9.86,Querétaro,Distribuidor,4-SEN,Sensores,415.57,4942,295,4647,16.75,Alemania,QRO-SLP
5857,2022-04-30,2022-05-07,2022,4,6,7,1,4,291.4,3641.76,12.5,San Juan del Río,Planta,31-ELE,Electrónica,4149.51,2548,128,2420,19.91,Alemania,QRO-MQZ
5858,2022-12-15,2022-12-23,2022,12,4,8,1,5,58.9,931.84,15.82,León,Planta,23-ARN,Arneses,856.04,2511,134,2377,18.74,USA,QRO-SJR
5859,2022-06-15,2022-06-22,2022,6,3,7,1,4,160.9,1332.53,8.28,Celaya,Distribuidor,8-FRE,Frenos,1993.18,2763,635,2128,4.35,China,QRO-SJR
5860,2026-05-10,2026-05-29,2026,5,0,19,1,12,20.3,269.17,13.26,San Luis Potosí,Distribuidor,27-SEN,Sensores,2154.77,2124,891,1233,2.38,Alemania,QRO-SLP
5861,2026-05-13,2026-05-29,2026,5,3,16,1,9,101.2,997.42,9.86,León,Tier1,26-ELE,Electrónica,922.82,3095,331,2764,9.35,USA,QRO-SLP
5862,2026-05-14,2026-05-30,2026,5,4,16,1,8,139.3,2075.3,14.9,El Marqués,Taller,63-ARN,Arneses,1644.88,31,820,-789,0.04,China,QRO-SJR
5863,2021-09-25,2021-09-28,2021,9,6,3,0,0,345.7,5051.61,14.61,Querétaro,Taller,93-FRE,Frenos,3588.35,4289,128,4161,33.51,USA,QRO-SJR
5864,2023-11-20,2023-11-25,2023,11,1,5,1,2,295.1,5551.68,18.81,Celaya,Planta,1-FRE,Frenos,233.71,1282,783,499,1.64,Alemania,QRO-SLP
5865,2026-01-15,2026-01-23,2026,1,4,8,1,5,265.9,5026.43,18.9,San Luis Potosí,Planta,82-ELE,Electrónica,4169.44,3032,267,2765,11.36,USA,QRO-MQZ
5866,2024-12-18,2024-12-23,2024,12,3,5,1,2,67.6,1273.11,18.83,San Luis Potosí,Planta,59-SUS,Suspensión,149.53,1044,359,685,2.91,Alemania,QRO-CEL
5867,2025-10-10,2025-10-17,2025,10,5,7,1,4,197,3121.1,15.84,Corregidora,Distribuidor,38-ARN,Arneses,2157.65,2477,447,2030,5.54,Japón,QRO-SJR
5868,2023-07-11,2023-07-14,2023,7,2,3,0,0,183.6,1630.37,8.88,Celaya,Planta,36-SUS,Suspensión,787.36,3511,115,3396,30.53,Japón,QRO-MQZ
5869,2024-09-22,2024-09-27,2024,9,0,5,1,2,284.1,4901.04,17.25,León,Tier1,91-ELE,Electrónica,4015.73,261,463,-202,0.56,USA,QRO-MQZ
5870,2021-01-25,2021-02-01,2021,1,1,7,1,4,217.5,1836.96,8.45,El Marqués,Taller,1-ARN,Arneses,3422.68,3382,224,3158,15.1,China,QRO-SLP
5871,2022-03-21,2022-03-27,2022,3,1,6,1,3,130.7,1311.44,10.03,San Luis Potosí,Tier1,18-SEN,Sensores,2642.38,2763,311,2452,8.88,China,QRO-SJR
5872,2023-08-08,2023-08-12,2023,8,2,4,1,1,236.8,4497.48,18.99,San Luis Potosí,Planta,60-ARN,Arneses,4406.3,1,551,-550,0,USA,QRO-MQZ
5873,2026-05-06,2026-05-31,2026,5,3,25,1,16,88.2,1106.51,12.55,El Marqués,Taller,98-FRE,Frenos,1762.7,3662,966,2696,3.79,China,QRO-MQZ
5874,2025-07-19,2025-07-24,2025,7,6,5,1,2,23.3,216.5,9.29,Querétaro,Taller,4-SEN,Sensores,415.57,4942,295,4647,16.75,China,QRO-SJR
5875,2026-05-19,2026-06-01,2026,5,2,13,1,3,115.7,1213.55,10.49,Querétaro,Distribuidor,32-ELE,Electrónica,2499.14,1034,842,192,1.23,China,QRO-MQZ
5876,2023-03-10,2023-03-14,2023,3,5,4,1,1,239.6,4710.91,19.66,El Marqués,Taller,93-ARN,Arneses,4982.78,4849,464,4385,10.45,México,QRO-MQZ
5877,2026-05-20,2026-05-25,2026,5,3,5,1,2,29.2,296.25,10.15,Corregidora,Tier1,74-FRE,Frenos,4844.7,4945,375,4570,13.19,Alemania,QRO-MQZ
5878,2021-06-21,2021-06-25,2021,6,1,4,1,1,23,438.44,19.06,León,Planta,43-FRE,Frenos,2378.13,401,657,-256,0.61,Alemania,QRO-SLP
5879,2022-06-03,2022-06-08,2022,6,5,5,1,2,318.6,5688.13,17.85,Corregidora,Distribuidor,8-ARN,Arneses,3605.24,2185,615,1570,3.55,Japón,QRO-MQZ
5880,2026-01-26,2026-02-01,2026,1,1,6,1,3,29.8,357.25,11.99,Celaya,Distribuidor,93-SUS,Suspensión,251.29,694,704,-10,0.99,China,QRO-CEL
5881,2023-04-16,2023-04-23,2023,4,0,7,1,4,314.2,3752.74,11.94,Corregidora,Planta,53-SEN,Sensores,2001.95,4699,843,3856,5.57,China,QRO-SLP
5882,2026-05-25,2026-06-02,2026,5,1,8,0,0,64.6,611.93,9.47,Celaya,Distribuidor,32-ARN,Arneses,1534.06,183,367,-184,0.5,Japón,QRO-CEL
5883,2021-02-25,2021-02-27,2021,2,4,2,0,0,114.2,1140.67,9.99,Querétaro,Distribuidor,23-ARN,Arneses,856.04,2511,134,2377,18.74,Alemania,QRO-MQZ
5884,2022-02-16,2022-02-21,2022,2,3,5,1,2,252.5,3986.78,15.79,San Juan del Río,Planta,34-SUS,Suspensión,3433.34,3403,155,3248,21.95,Alemania,QRO-CEL
5885,2026-05-07,2026-05-28,2026,5,4,21,1,15,52.3,626.42,11.98,León,Planta,59-ELE,Electrónica,3153.37,470,478,-8,0.98,Japón,QRO-SLP
5886,2022-06-07,2022-06-08,2022,6,2,1,0,0,228.2,4056.77,17.78,San Juan del Río,Planta,57-SEN,Sensores,1514.51,438,789,-351,0.56,USA,QRO-MQZ
5887,2023-11-04,2023-11-05,2023,11,6,1,0,0,149.9,2668.38,17.8,Celaya,Distribuidor,1-FRE,Frenos,233.71,1282,783,499,1.64,Japón,QRO-SLP
5888,2021-06-29,2021-06-30,2021,6,2,1,0,0,143.2,2603.13,18.18,Querétaro,Planta,58-ARN,Arneses,2254.49,3722,381,3341,9.77,Japón,QRO-SJR
5889,2023-06-20,2023-06-22,2023,6,2,2,0,0,166.3,2553.44,15.35,Corregidora,Distribuidor,25-SUS,Suspensión,2863.6,1207,249,958,4.85,Japón,QRO-SJR
5890,2023-07-23,2023-07-24,2023,7,0,1,0,0,258.2,3406.32,13.19,San Juan del Río,Taller,35-ARN,Arneses,3574.66,2983,906,2077,3.29,México,QRO-SJR
5891,2025-06-20,2025-06-22,2025,6,5,2,0,0,135.1,1694.28,12.54,Celaya,Distribuidor,30-SUS,Suspensión,506.69,2378,235,2143,10.12,Alemania,QRO-MQZ
5892,2024-03-14,2024-03-16,2024,3,4,2,0,0,43.7,527.14,12.06,Corregidora,Distribuidor,60-SUS,Suspensión,2653.99,2128,369,1759,5.77,Japón,QRO-CEL
5893,2024-09-29,2024-09-30,2024,9,0,1,0,0,97.1,1070.45,11.02,Querétaro,Tier1,62-ELE,Electrónica,4147.27,4050,501,3549,8.08,Alemania,QRO-SLP
5894,2026-03-06,2026-03-08,2026,3,5,2,0,0,94.9,1493.35,15.74,El Marqués,Distribuidor,15-SUS,Suspensión,3336.34,35,212,-177,0.17,China,QRO-SLP
5895,2026-05-01,2026-05-30,2026,5,5,29,1,21,287.9,2377.14,8.26,Celaya,Taller,94-SUS,Suspensión,345.62,2291,202,2089,11.34,México,QRO-CEL
5896,2022-07-19,2022-07-26,2022,7,2,7,1,4,312.6,5815.01,18.6,Querétaro,Planta,33-SUS,Suspensión,3309.06,3967,660,3307,6.01,México,QRO-CEL
5897,2022-07-13,2022-07-15,2022,7,3,2,0,0,216.1,3907.81,18.08,Querétaro,Tier1,47-SEN,Sensores,2369.53,4045,567,3478,7.13,México,QRO-MQZ
5898,2024-10-01,2024-10-05,2024,10,2,4,1,1,55.2,666.85,12.08,Celaya,Distribuidor,27-ELE,Electrónica,1768.11,2885,368,2517,7.84,China,QRO-MQZ
5899,2023-07-04,2023-07-10,2023,7,2,6,1,3,191.2,2044.09,10.69,El Marqués,Tier1,49-FRE,Frenos,163.61,2823,238,2585,11.86,China,QRO-SJR
5900,2026-05-15,2026-05-31,2026,5,5,16,1,7,208.6,2161.27,10.36,Querétaro,Tier1,61-ARN,Arneses,4744.31,4892,624,4268,7.84,Japón,QRO-CEL
5901,2022-05-15,2022-05-20,2022,5,0,5,1,2,37.1,741.09,19.98,San Juan del Río,Tier1,61-ARN,Arneses,4744.31,4892,624,4268,7.84,China,QRO-SLP
5902,2026-05-24,2026-05-30,2026,5,0,6,0,0,24.3,366.42,15.08,El Marqués,Taller,1-FRE,Frenos,233.71,1282,783,499,1.64,México,QRO-SLP
5903,2026-05-14,2026-05-30,2026,5,4,16,1,8,305.1,5101.48,16.72,Corregidora,Tier1,19-ARN,Arneses,3708.16,4895,837,4058,5.85,China,QRO-MQZ
5904,2025-11-14,2025-11-19,2025,11,5,5,1,2,31.6,333.87,10.57,Corregidora,Planta,26-FRE,Frenos,4994.24,4421,624,3797,7.08,México,QRO-MQZ
5905,2026-05-13,2026-05-28,2026,5,3,15,1,9,127.5,2011.71,15.78,Corregidora,Tier1,56-FRE,Frenos,1990.85,504,987,-483,0.51,USA,QRO-SLP
5906,2022-04-01,2022-04-05,2022,4,5,4,1,1,204.1,2261.21,11.08,Corregidora,Distribuidor,17-FRE,Frenos,4203.61,2829,138,2691,20.5,Alemania,QRO-MQZ
5907,2026-05-16,2026-05-28,2026,5,6,12,1,6,115.3,959.82,8.32,Querétaro,Tier1,24-ARN,Arneses,4525.05,711,612,99,1.16,USA,QRO-CEL
5908,2021-02-19,2021-02-23,2021,2,5,4,1,1,269.6,3446.6,12.78,San Juan del Río,Taller,91-ELE,Electrónica,4015.73,261,463,-202,0.56,USA,QRO-CEL
5909,2026-05-19,2026-05-31,2026,5,2,12,1,3,18.3,297.55,16.26,El Marqués,Distribuidor,74-SUS,Suspensión,4557.16,415,619,-204,0.67,China,QRO-SJR
5910,2025-01-15,2025-01-17,2025,1,3,2,0,0,172.9,2059.44,11.91,San Juan del Río,Tier1,54-ELE,Electrónica,3166.45,2424,477,1947,5.08,China,QRO-CEL
5911,2021-05-25,2021-05-26,2021,5,2,1,0,0,42.2,360.51,8.54,San Luis Potosí,Tier1,42-FRE,Frenos,4554.59,2399,529,1870,4.53,Japón,QRO-CEL
5912,2023-05-16,2023-05-19,2023,5,2,3,0,0,333.5,4130.55,12.39,Celaya,Distribuidor,41-FRE,Frenos,402.6,1519,142,1377,10.7,Japón,QRO-MQZ
5913,2024-12-11,2024-12-12,2024,12,3,1,0,0,227.2,4057.05,17.86,Querétaro,Distribuidor,28-SUS,Suspensión,2679.89,2559,178,2381,14.38,USA,QRO-SLP
5914,2024-07-09,2024-07-10,2024,7,2,1,0,0,349.9,3041.82,8.69,Querétaro,Distribuidor,17-ELE,Electrónica,2928.48,3082,652,2430,4.73,USA,QRO-SJR
5915,2026-04-04,2026-04-08,2026,4,6,4,1,1,201.3,1789.59,8.89,Querétaro,Tier1,91-ARN,Arneses,3259.69,1994,705,1289,2.83,Alemania,QRO-CEL
5916,2023-10-27,2023-11-02,2023,10,5,6,1,3,341,4206.95,12.34,Corregidora,Planta,72-ELE,Electrónica,892.6,1623,479,1144,3.39,Alemania,QRO-SLP
5917,2026-05-16,2026-05-26,2026,5,6,10,1,6,345.6,5239.11,15.16,Celaya,Distribuidor,11-SEN,Sensores,1039.42,4283,144,4139,29.74,USA,QRO-SJR
5918,2026-05-07,2026-05-31,2026,5,4,24,1,15,199.9,1964.3,9.83,San Juan del Río,Tier1,78-FRE,Frenos,641.45,617,398,219,1.55,México,QRO-SLP
5919,2024-06-28,2024-07-05,2024,6,5,7,1,4,320.8,3079.77,9.6,Querétaro,Tier1,89-ARN,Arneses,2647.36,4434,738,3696,6.01,USA,QRO-SLP
5920,2022-05-30,2022-05-31,2022,5,1,1,0,0,167.2,1411.1,8.44,León,Tier1,17-ELE,Electrónica,2928.48,3082,652,2430,4.73,Japón,QRO-CEL
5921,2026-05-24,2026-06-02,2026,5,0,9,0,0,325.6,2734.36,8.4,El Marqués,Tier1,34-ARN,Arneses,4771.65,2699,606,2093,4.45,USA,QRO-CEL
5922,2023-08-26,2023-08-31,2023,8,6,5,1,2,211.5,3728.7,17.63,Corregidora,Tier1,65-ELE,Electrónica,4175.41,3316,875,2441,3.79,México,QRO-SJR
5923,2026-05-06,2026-05-31,2026,5,3,25,1,16,153.5,1452.95,9.47,Celaya,Distribuidor,48-ELE,Electrónica,2929.89,2314,767,1547,3.02,China,QRO-SLP
5924,2026-03-11,2026-03-14,2026,3,3,3,0,0,308.7,6096.97,19.75,Celaya,Tier1,71-SUS,Suspensión,1916.47,1253,659,594,1.9,China,QRO-MQZ
5925,2024-11-03,2024-11-06,2024,11,0,3,0,0,73.6,1290.36,17.53,Celaya,Planta,36-FRE,Frenos,2503.31,2427,781,1646,3.11,Japón,QRO-CEL
5926,2021-06-23,2021-06-26,2021,6,3,3,0,0,38.7,752.2,19.44,León,Tier1,24-ARN,Arneses,4525.05,711,612,99,1.16,China,QRO-SJR
5927,2023-02-28,2023-03-04,2023,2,2,4,1,1,34,394.08,11.59,León,Tier1,51-ELE,Electrónica,807.84,2612,676,1936,3.86,China,QRO-SJR
5928,2026-05-13,2026-05-28,2026,5,3,15,1,9,22.5,312.41,13.88,Corregidora,Planta,54-SEN,Sensores,2229.64,971,924,47,1.05,Alemania,QRO-SLP
5929,2024-07-05,2024-07-10,2024,7,5,5,1,2,285.4,4682.9,16.41,Querétaro,Taller,66-ARN,Arneses,3511.95,1519,764,755,1.99,Japón,QRO-SJR
5930,2024-09-28,2024-10-03,2024,9,6,5,1,2,161.7,1903.59,11.77,San Luis Potosí,Taller,41-FRE,Frenos,402.6,1519,142,1377,10.7,Alemania,QRO-MQZ
5931,2023-08-15,2023-08-18,2023,8,2,3,0,0,80.8,817.17,10.11,León,Taller,53-SUS,Suspensión,2062.9,3440,719,2721,4.78,China,QRO-CEL
5932,2025-07-14,2025-07-18,2025,7,1,4,1,1,318.1,5222.65,16.42,Querétaro,Planta,99-SUS,Suspensión,1768.31,3450,251,3199,13.75,México,QRO-SLP
5933,2022-11-30,2022-12-02,2022,11,3,2,0,0,330.4,3323.95,10.06,Corregidora,Distribuidor,2-SUS,Suspensión,2244.37,1376,919,457,1.5,China,QRO-CEL
5934,2024-05-01,2024-05-04,2024,5,3,3,0,0,173.8,1850.49,10.65,El Marqués,Distribuidor,76-ARN,Arneses,690.12,2510,973,1537,2.58,Japón,QRO-MQZ
5935,2024-01-15,2024-01-17,2024,1,1,2,0,0,71.9,1286.47,17.89,El Marqués,Taller,14-ARN,Arneses,4946.12,2364,110,2254,21.49,Alemania,QRO-MQZ
5936,2026-05-09,2026-05-29,2026,5,6,20,1,13,318.9,5429.59,17.03,San Luis Potosí,Tier1,31-ARN,Arneses,3016.79,2221,601,1620,3.7,USA,QRO-MQZ
5937,2025-01-31,2025-02-06,2025,1,5,6,1,3,261.1,2582.94,9.89,El Marqués,Tier1,81-SUS,Suspensión,2394.84,4181,399,3782,10.48,Japón,QRO-SJR
5938,2026-05-04,2026-05-27,2026,5,1,23,1,18,26.2,448.42,17.12,Corregidora,Planta,72-SEN,Sensores,2907.83,4310,751,3559,5.74,USA,QRO-SJR
5939,2026-05-14,2026-05-26,2026,5,4,12,1,8,314.4,4709.96,14.98,El Marqués,Tier1,6-FRE,Frenos,4765.97,4975,994,3981,5.01,México,QRO-SJR
5940,2026-05-15,2026-05-27,2026,5,5,12,1,7,238.3,3731.72,15.66,El Marqués,Distribuidor,44-SEN,Sensores,4770.35,1824,337,1487,5.41,México,QRO-MQZ
5941,2022-08-18,2022-08-24,2022,8,4,6,1,3,222,3648.89,16.44,Celaya,Tier1,71-SUS,Suspensión,1916.47,1253,659,594,1.9,China,QRO-CEL
5942,2025-04-02,2025-04-08,2025,4,3,6,1,3,64.4,1184.24,18.39,Querétaro,Planta,93-SUS,Suspensión,251.29,694,704,-10,0.99,México,QRO-SJR
5943,2024-08-11,2024-08-16,2024,8,0,5,1,2,139.7,2701.85,19.34,Querétaro,Tier1,81-SUS,Suspensión,2394.84,4181,399,3782,10.48,China,QRO-MQZ
5944,2026-05-06,2026-05-27,2026,5,3,21,1,16,295,5238.13,17.76,El Marqués,Distribuidor,28-FRE,Frenos,2880.95,4135,830,3305,4.98,China,QRO-SJR
5945,2026-05-23,2026-05-26,2026,5,6,3,0,0,40.1,622.24,15.52,Celaya,Planta,52-ARN,Arneses,4854.61,3039,358,2681,8.49,China,QRO-MQZ
5946,2021-05-20,2021-05-24,2021,5,4,4,1,1,140.7,1531.26,10.88,León,Taller,72-FRE,Frenos,2982.1,4614,609,4005,7.58,USA,QRO-CEL
5947,2022-05-10,2022-05-12,2022,5,2,2,0,0,38.5,737.67,19.16,León,Taller,85-FRE,Frenos,2849.37,4143,705,3438,5.88,Alemania,QRO-MQZ
5948,2025-07-11,2025-07-14,2025,7,5,3,0,0,44.3,643.51,14.53,León,Tier1,19-ARN,Arneses,3708.16,4895,837,4058,5.85,Alemania,QRO-SLP
5949,2024-01-24,2024-01-29,2024,1,3,5,1,2,279.1,4132.07,14.8,León,Tier1,25-FRE,Frenos,2232.98,3690,225,3465,16.4,México,QRO-MQZ
5950,2024-05-12,2024-05-15,2024,5,0,3,0,0,217.2,3946.15,18.17,Querétaro,Distribuidor,96-SUS,Suspensión,3516.22,1894,371,1523,5.11,China,QRO-MQZ
5951,2026-05-17,2026-06-01,2026,5,0,15,1,5,203.3,1944.37,9.56,El Marqués,Taller,91-FRE,Frenos,4291.8,4493,112,4381,40.12,Japón,QRO-CEL
5952,2024-05-13,2024-05-14,2024,5,1,1,0,0,190.8,3013.33,15.79,León,Taller,91-SUS,Suspensión,3680.26,3837,791,3046,4.85,Alemania,QRO-MQZ
5953,2026-05-14,2026-05-31,2026,5,4,17,1,8,275.6,5392.77,19.57,Querétaro,Planta,84-ARN,Arneses,1914.15,2582,463,2119,5.58,China,QRO-SJR
5954,2025-08-16,2025-08-24,2025,8,6,8,1,5,305,4997.17,16.38,Querétaro,Distribuidor,71-SUS,Suspensión,1916.47,1253,659,594,1.9,China,QRO-CEL
5955,2023-10-20,2023-10-28,2023,10,5,8,1,5,277.7,4577.5,16.48,San Juan del Río,Planta,85-SEN,Sensores,1521.2,2920,544,2376,5.37,Japón,QRO-MQZ
5956,2023-05-19,2023-05-22,2023,5,5,3,0,0,334.3,4240.83,12.69,San Luis Potosí,Tier1,97-SUS,Suspensión,3611.27,2315,112,2203,20.67,China,QRO-CEL
5957,2025-05-24,2025-05-29,2025,5,6,5,1,2,158.4,2269.57,14.33,San Juan del Río,Planta,96-FRE,Frenos,3819.86,1364,751,613,1.82,Alemania,QRO-CEL
5958,2026-05-10,2026-05-30,2026,5,0,20,1,12,20,288.44,14.42,Celaya,Distribuidor,47-SEN,Sensores,2369.53,4045,567,3478,7.13,México,QRO-SLP
5959,2022-11-04,2022-11-09,2022,11,5,5,1,2,228.7,2980.12,13.03,San Juan del Río,Planta,15-ELE,Electrónica,1562.18,742,986,-244,0.75,Japón,QRO-MQZ
5960,2021-01-16,2021-01-23,2021,1,6,7,1,4,260.3,3574.26,13.73,San Juan del Río,Planta,62-FRE,Frenos,4762.92,2484,760,1724,3.27,USA,QRO-CEL
5961,2024-04-10,2024-04-12,2024,4,3,2,0,0,40.6,440.52,10.85,San Luis Potosí,Planta,65-ARN,Arneses,844,2641,720,1921,3.67,Japón,QRO-SLP
5962,2021-06-11,2021-06-14,2021,6,5,3,0,0,248,4175.06,16.83,León,Planta,46-ARN,Arneses,2665.1,3109,331,2778,9.39,USA,QRO-MQZ
5963,2025-08-05,2025-08-11,2025,8,2,6,1,3,337.8,6684.25,19.79,San Juan del Río,Planta,84-ELE,Electrónica,4956.47,3359,709,2650,4.74,Japón,QRO-CEL
5964,2025-04-16,2025-04-19,2025,4,3,3,0,0,249.3,2850.42,11.43,León,Tier1,23-SUS,Suspensión,3508.58,2134,799,1335,2.67,USA,QRO-SLP
5965,2023-05-24,2023-05-25,2023,5,3,1,0,0,162.8,2083.72,12.8,Querétaro,Tier1,64-SEN,Sensores,4961.2,4001,258,3743,15.51,México,QRO-SJR
5966,2025-07-11,2025-07-19,2025,7,5,8,1,5,166.9,2979.45,17.85,Celaya,Planta,45-ELE,Electrónica,4169.66,3629,173,3456,20.98,Japón,QRO-MQZ
5967,2023-01-08,2023-01-16,2023,1,0,8,1,5,291.5,2720.28,9.33,San Juan del Río,Planta,12-ELE,Electrónica,2050.98,4806,509,4297,9.44,Japón,QRO-CEL
5968,2024-09-03,2024-09-09,2024,9,2,6,1,3,194.1,2523.95,13,Querétaro,Distribuidor,48-ELE,Electrónica,2929.89,2314,767,1547,3.02,USA,QRO-MQZ
5969,2022-07-07,2022-07-15,2022,7,4,8,1,5,311.9,2836.65,9.09,León,Planta,5-ELE,Electrónica,92.23,1679,445,1234,3.77,Japón,QRO-MQZ
5970,2023-06-04,2023-06-10,2023,6,0,6,1,3,196.1,1818.21,9.27,San Luis Potosí,Tier1,39-ARN,Arneses,1573.02,936,723,213,1.29,Alemania,QRO-SJR
5971,2025-08-03,2025-08-07,2025,8,0,4,1,1,188.8,1847.36,9.78,Celaya,Planta,78-SUS,Suspensión,3109.5,4399,835,3564,5.27,México,QRO-MQZ
5972,2021-12-31,2022-01-03,2021,12,5,3,0,0,231.1,1852.72,8.02,Celaya,Tier1,28-SUS,Suspensión,2679.89,2559,178,2381,14.38,Alemania,QRO-SJR
5973,2026-05-03,2026-05-25,2026,5,0,22,1,19,24.5,273.88,11.18,León,Tier1,59-FRE,Frenos,254.95,2883,557,2326,5.18,China,QRO-MQZ
5974,2026-05-01,2026-06-01,2026,5,5,31,1,21,305.1,2945.22,9.65,León,Tier1,66-SUS,Suspensión,3813.62,870,354,516,2.46,USA,QRO-SJR
5975,2021-09-02,2021-09-10,2021,9,4,8,1,5,260.9,3822.79,14.65,El Marqués,Distribuidor,56-FRE,Frenos,1990.85,504,987,-483,0.51,China,QRO-SJR
5976,2024-02-12,2024-02-20,2024,2,1,8,1,5,103,886.58,8.61,Corregidora,Planta,39-ARN,Arneses,1573.02,936,723,213,1.29,China,QRO-MQZ
5977,2021-09-11,2021-09-14,2021,9,6,3,0,0,71.8,1311.75,18.27,Corregidora,Distribuidor,42-SUS,Suspensión,1516.88,2245,576,1669,3.9,Alemania,QRO-SJR
5978,2025-03-14,2025-03-19,2025,3,5,5,1,2,290.2,3755.43,12.94,El Marqués,Tier1,40-FRE,Frenos,351,1572,317,1255,4.96,USA,QRO-SLP
5979,2025-02-09,2025-02-12,2025,2,0,3,0,0,274.4,2877.5,10.49,Celaya,Planta,20-ARN,Arneses,1779.81,1862,979,883,1.9,México,QRO-MQZ
5980,2023-04-14,2023-04-16,2023,4,5,2,0,0,68.8,728.93,10.59,El Marqués,Taller,87-SEN,Sensores,1243.01,2731,878,1853,3.11,México,QRO-MQZ
5981,2026-05-07,2026-05-28,2026,5,4,21,1,15,236.2,2815.57,11.92,Celaya,Distribuidor,70-SUS,Suspensión,3232.39,1824,203,1621,8.99,USA,QRO-SJR
5982,2023-04-23,2023-04-29,2023,4,0,6,1,3,42.8,828.1,19.35,Corregidora,Distribuidor,28-SUS,Suspensión,2679.89,2559,178,2381,14.38,USA,QRO-SLP
5983,2022-05-01,2022-05-03,2022,5,0,2,0,0,293.8,4452.62,15.16,El Marqués,Taller,74-SUS,Suspensión,4557.16,415,619,-204,0.67,USA,QRO-MQZ
5984,2026-05-15,2026-05-26,2026,5,5,11,1,7,250.5,2627.59,10.49,Corregidora,Tier1,36-FRE,Frenos,2503.31,2427,781,1646,3.11,Japón,QRO-SLP
5985,2026-05-20,2026-05-25,2026,5,3,5,1,2,190.3,3146.71,16.54,León,Tier1,91-SUS,Suspensión,3680.26,3837,791,3046,4.85,México,QRO-MQZ
5986,2026-05-12,2026-05-15,2026,5,2,3,0,0,303.9,3193.28,10.51,Celaya,Planta,83-SUS,Suspensión,3433.69,358,401,-43,0.89,Japón,QRO-MQZ
5987,2021-05-23,2021-05-31,2021,5,0,8,1,5,346.4,4834.91,13.96,San Luis Potosí,Tier1,17-FRE,Frenos,4203.61,2829,138,2691,20.5,Alemania,QRO-SJR
5988,2026-05-22,2026-05-30,2026,5,5,8,0,0,106.9,892.1,8.35,León,Tier1,4-SEN,Sensores,415.57,4942,295,4647,16.75,Alemania,QRO-CEL
5989,2021-10-09,2021-10-11,2021,10,6,2,0,0,321.7,3593.17,11.17,Celaya,Tier1,72-ARN,Arneses,3783.02,2196,705,1491,3.11,China,QRO-SJR
5990,2026-05-12,2026-05-29,2026,5,2,17,1,10,194.6,3818.66,19.62,San Luis Potosí,Planta,77-FRE,Frenos,1286.73,3721,625,3096,5.95,México,QRO-CEL
5991,2024-07-05,2024-07-12,2024,7,5,7,1,4,237.9,2891.19,12.15,Corregidora,Planta,99-ARN,Arneses,1390.25,230,392,-162,0.59,México,QRO-CEL
5992,2024-05-26,2024-06-02,2024,5,0,7,1,4,276.6,4162.79,15.05,León,Tier1,48-SEN,Sensores,2080.46,31,818,-787,0.04,China,QRO-SLP
5993,2026-05-25,2026-05-27,2026,5,1,2,0,0,299.4,4599.35,15.36,Celaya,Tier1,41-ARN,Arneses,2258.51,2697,698,1999,3.86,Alemania,QRO-MQZ
5994,2023-08-03,2023-08-04,2023,8,4,1,0,0,200,3178.51,15.89,León,Planta,24-SUS,Suspensión,712.49,4064,852,3212,4.77,Alemania,QRO-MQZ
5995,2021-02-02,2021-02-07,2021,2,2,5,1,2,281.5,5568.31,19.78,Celaya,Distribuidor,3-SUS,Suspensión,3159.17,1739,584,1155,2.98,China,QRO-CEL
5996,2022-03-18,2022-03-22,2022,3,5,4,1,1,97.6,878.46,9,Celaya,Tier1,72-SUS,Suspensión,234.19,3605,243,3362,14.84,China,QRO-SLP
5997,2023-03-09,2023-03-12,2023,3,4,3,0,0,39.1,376.2,9.62,Corregidora,Distribuidor,39-ELE,Electrónica,2379.6,1533,174,1359,8.81,Alemania,QRO-SJR
5998,2026-05-24,2026-05-30,2026,5,0,6,0,0,182,1682.75,9.25,León,Tier1,100-SUS,Suspensión,4542.37,1415,190,1225,7.45,China,QRO-SLP
5999,2022-04-29,2022-05-04,2022,4,5,5,1,2,313.9,2630.28,8.38,Corregidora,Tier1,45-FRE,Frenos,1728.34,1258,154,1104,8.17,USA,QRO-SLP
6000,2024-08-04,2024-08-08,2024,8,0,4,1,1,244.9,2003.6,8.18,León,Tier1,42-ELE,Electrónica,3324.88,3038,963,2075,3.15,Alemania,QRO-CEL
6001,2023-02-06,2023-02-14,2023,2,1,8,1,5,284,2996.44,10.55,Querétaro,Taller,20-SEN,Sensores,595.92,674,866,-192,0.78,Japón,QRO-SJR
6002,2022-12-25,2022-12-31,2022,12,0,6,1,3,152.6,1336.43,8.76,Corregidora,Planta,30-ELE,Electrónica,3031.07,2212,562,1650,3.94,USA,QRO-CEL
6003,2022-03-26,2022-03-30,2022,3,6,4,1,1,18.5,337.22,18.23,San Luis Potosí,Planta,91-SUS,Suspensión,3680.26,3837,791,3046,4.85,México,QRO-SJR
6004,2025-05-28,2025-06-01,2025,5,3,4,1,1,260.2,4968.23,19.09,Querétaro,Distribuidor,26-SUS,Suspensión,4121.98,3676,530,3146,6.94,Japón,QRO-SLP
6005,2021-09-19,2021-09-21,2021,9,0,2,0,0,187.3,3151.11,16.82,El Marqués,Taller,6-ARN,Arneses,1073.65,2312,666,1646,3.47,Alemania,QRO-SLP
6006,2025-07-07,2025-07-10,2025,7,1,3,0,0,159.5,1679.11,10.53,Celaya,Distribuidor,14-ELE,Electrónica,1218.61,173,107,66,1.62,Alemania,QRO-MQZ
6007,2026-05-22,2026-05-31,2026,5,5,9,0,0,282.5,4275.77,15.14,El Marqués,Distribuidor,59-ARN,Arneses,757.6,2440,393,2047,6.21,México,QRO-MQZ
6008,2026-05-06,2026-05-25,2026,5,3,19,1,16,119.5,1729.35,14.47,El Marqués,Tier1,83-FRE,Frenos,4864.67,2926,560,2366,5.22,USA,QRO-SJR
6009,2022-03-02,2022-03-03,2022,3,3,1,0,0,242.9,4051.03,16.68,León,Planta,88-SUS,Suspensión,1941.02,3880,832,3048,4.66,Japón,QRO-CEL
6010,2022-03-30,2022-04-04,2022,3,3,5,1,2,37.1,578.45,15.59,Querétaro,Distribuidor,82-ARN,Arneses,1708.12,766,973,-207,0.79,Alemania,QRO-SJR
6011,2022-05-08,2022-05-12,2022,5,0,4,1,1,140.1,1794.33,12.81,León,Tier1,31-FRE,Frenos,259.79,2493,478,2015,5.22,Japón,QRO-SJR
6012,2021-01-19,2021-01-24,2021,1,2,5,1,2,53.5,600.28,11.22,León,Tier1,45-FRE,Frenos,1728.34,1258,154,1104,8.17,USA,QRO-MQZ
6013,2026-04-05,2026-04-08,2026,4,0,3,0,0,116,1634.09,14.09,San Luis Potosí,Planta,98-ELE,Electrónica,2480.68,142,273,-131,0.52,Japón,QRO-SLP
6014,2022-08-10,2022-08-13,2022,8,3,3,0,0,188.8,2917,15.45,León,Taller,91-SUS,Suspensión,3680.26,3837,791,3046,4.85,China,QRO-SJR
6015,2022-10-15,2022-10-18,2022,10,6,3,0,0,314.2,2993.37,9.53,San Luis Potosí,Taller,35-SUS,Suspensión,3998.45,2100,715,1385,2.94,China,QRO-MQZ
6016,2025-09-26,2025-10-03,2025,9,5,7,1,4,216.2,3284.73,15.19,Querétaro,Distribuidor,55-SUS,Suspensión,105.27,1887,966,921,1.95,Japón,QRO-MQZ
6017,2024-04-26,2024-05-01,2024,4,5,5,1,2,208.3,2903.21,13.94,El Marqués,Tier1,42-SUS,Suspensión,1516.88,2245,576,1669,3.9,Japón,QRO-SJR
6018,2022-05-31,2022-06-05,2022,5,2,5,1,2,307.3,4120.27,13.41,León,Taller,22-SUS,Suspensión,895.84,3847,874,2973,4.4,Japón,QRO-CEL
6019,2024-08-21,2024-08-24,2024,8,3,3,0,0,137.5,1632.61,11.87,Querétaro,Distribuidor,22-SUS,Suspensión,895.84,3847,874,2973,4.4,Japón,QRO-SJR
6020,2021-10-04,2021-10-12,2021,10,1,8,1,5,166.5,3162.24,18.99,El Marqués,Taller,64-FRE,Frenos,3469.29,4865,898,3967,5.42,Japón,QRO-CEL
6021,2024-03-31,2024-04-04,2024,3,0,4,1,1,255.2,3078.71,12.06,San Juan del Río,Tier1,97-FRE,Frenos,4200.07,1145,962,183,1.19,Japón,QRO-MQZ
6022,2026-05-14,2026-05-30,2026,5,4,16,1,8,22.9,395.53,17.27,Querétaro,Distribuidor,29-FRE,Frenos,3167.34,4361,305,4056,14.3,México,QRO-MQZ
6023,2026-05-20,2026-05-31,2026,5,3,11,1,2,68.5,1045.1,15.26,San Juan del Río,Taller,23-FRE,Frenos,3759.37,4902,886,4016,5.53,Japón,QRO-SLP
6024,2025-12-24,2025-12-31,2025,12,3,7,1,4,187.4,3632.18,19.38,Celaya,Taller,6-FRE,Frenos,4765.97,4975,994,3981,5.01,Japón,QRO-MQZ
6025,2026-04-13,2026-04-18,2026,4,1,5,1,2,109.1,1706.21,15.64,El Marqués,Tier1,59-SEN,Sensores,627.84,3969,671,3298,5.92,México,QRO-MQZ
6026,2025-05-28,2025-06-05,2025,5,3,8,1,5,93.6,1218.93,13.02,Querétaro,Tier1,70-ARN,Arneses,1874.06,2106,688,1418,3.06,USA,QRO-CEL
6027,2023-11-03,2023-11-07,2023,11,5,4,1,1,309.4,5453.5,17.63,Celaya,Distribuidor,3-SEN,Sensores,523.6,1191,770,421,1.55,México,QRO-MQZ
6028,2021-09-16,2021-09-24,2021,9,4,8,1,5,109.8,1454.15,13.24,San Luis Potosí,Tier1,86-ARN,Arneses,2813.21,4833,175,4658,27.62,México,QRO-SJR
6029,2026-05-19,2026-05-26,2026,5,2,7,1,3,76.1,988.96,13,El Marqués,Taller,42-SUS,Suspensión,1516.88,2245,576,1669,3.9,Alemania,QRO-SJR
6030,2026-02-22,2026-02-24,2026,2,0,2,0,0,236.5,1993.05,8.43,San Luis Potosí,Tier1,62-ELE,Electrónica,4147.27,4050,501,3549,8.08,México,QRO-CEL
6031,2026-05-24,2026-06-05,2026,5,0,12,0,0,113.7,1034.77,9.1,San Juan del Río,Taller,70-SUS,Suspensión,3232.39,1824,203,1621,8.99,Alemania,QRO-SLP
6032,2024-06-18,2024-06-24,2024,6,2,6,1,3,99.7,1727.86,17.33,Celaya,Distribuidor,94-SUS,Suspensión,345.62,2291,202,2089,11.34,México,QRO-MQZ
6033,2024-02-11,2024-02-13,2024,2,0,2,0,0,268.3,2479.42,9.24,Corregidora,Tier1,36-ARN,Arneses,142.04,4438,157,4281,28.27,USA,QRO-SJR
6034,2026-05-09,2026-05-28,2026,5,6,19,1,13,303.7,4002.93,13.18,Celaya,Planta,53-SUS,Suspensión,2062.9,3440,719,2721,4.78,USA,QRO-CEL
6035,2023-07-18,2023-07-22,2023,7,2,4,1,1,177.9,2777.6,15.61,San Luis Potosí,Tier1,8-FRE,Frenos,1993.18,2763,635,2128,4.35,China,QRO-CEL
6036,2025-06-14,2025-06-18,2025,6,6,4,1,1,52.6,502.33,9.55,León,Planta,78-FRE,Frenos,641.45,617,398,219,1.55,USA,QRO-SJR
6037,2026-05-10,2026-05-25,2026,5,0,15,1,12,130.4,1705.76,13.08,San Luis Potosí,Tier1,12-FRE,Frenos,2256.16,1344,843,501,1.59,México,QRO-SJR
6038,2025-08-03,2025-08-06,2025,8,0,3,0,0,341.8,6449.35,18.87,León,Tier1,42-SUS,Suspensión,1516.88,2245,576,1669,3.9,China,QRO-CEL
6039,2023-07-09,2023-07-17,2023,7,0,8,1,5,40.3,569.63,14.13,San Luis Potosí,Tier1,68-FRE,Frenos,3853.4,2725,382,2343,7.13,China,QRO-CEL
6040,2023-08-13,2023-08-19,2023,8,0,6,1,3,257.8,2993.82,11.61,Querétaro,Tier1,14-ELE,Electrónica,1218.61,173,107,66,1.62,Japón,QRO-CEL
6041,2022-03-30,2022-04-01,2022,3,3,2,0,0,219.2,4381.99,19.99,Celaya,Distribuidor,10-SEN,Sensores,4186.41,1042,960,82,1.09,Japón,QRO-CEL
6042,2023-09-14,2023-09-17,2023,9,4,3,0,0,334.2,4724.06,14.14,San Juan del Río,Planta,65-ELE,Electrónica,4175.41,3316,875,2441,3.79,Japón,QRO-MQZ
6043,2022-08-04,2022-08-07,2022,8,4,3,0,0,258.8,2747.2,10.62,León,Planta,4-FRE,Frenos,2773.92,2500,334,2166,7.49,Alemania,QRO-MQZ
6044,2023-11-18,2023-11-25,2023,11,6,7,1,4,133,2576.32,19.37,Querétaro,Tier1,94-ELE,Electrónica,673.59,2723,409,2314,6.66,China,QRO-SLP
6045,2024-05-26,2024-05-28,2024,5,0,2,0,0,258.6,4246.57,16.42,San Juan del Río,Tier1,97-ELE,Electrónica,2011.22,862,727,135,1.19,China,QRO-SLP
6046,2023-11-10,2023-11-14,2023,11,5,4,1,1,135.6,1198.53,8.84,Celaya,Distribuidor,36-SUS,Suspensión,787.36,3511,115,3396,30.53,USA,QRO-SJR
6047,2026-05-15,2026-06-01,2026,5,5,17,1,7,59,502.25,8.51,San Juan del Río,Taller,67-FRE,Frenos,2570.48,1579,719,860,2.2,China,QRO-CEL
6048,2024-11-22,2024-11-30,2024,11,5,8,1,5,306,2991.32,9.78,Celaya,Planta,65-FRE,Frenos,3031.57,2001,416,1585,4.81,China,QRO-SLP
6049,2026-05-04,2026-05-27,2026,5,1,23,1,18,265.9,4681.63,17.61,El Marqués,Taller,23-ARN,Arneses,856.04,2511,134,2377,18.74,Alemania,QRO-CEL
6050,2025-05-28,2025-06-01,2025,5,3,4,1,1,127.9,1686.07,13.18,Corregidora,Planta,16-FRE,Frenos,4639.47,4174,516,3658,8.09,China,QRO-MQZ
6051,2022-04-22,2022-04-27,2022,4,5,5,1,2,314.2,5745.65,18.29,Querétaro,Distribuidor,95-SEN,Sensores,3843.72,3856,664,3192,5.81,Alemania,QRO-CEL
6052,2026-04-18,2026-04-19,2026,4,6,1,0,0,19.4,226.8,11.69,Querétaro,Distribuidor,38-ELE,Electrónica,2360.54,3797,195,3602,19.47,Alemania,QRO-CEL
6053,2026-05-14,2026-05-30,2026,5,4,16,1,8,282.2,4604.47,16.32,Corregidora,Tier1,41-ARN,Arneses,2258.51,2697,698,1999,3.86,China,QRO-CEL
6054,2026-05-19,2026-05-29,2026,5,2,10,1,3,113.9,1917.21,16.83,Celaya,Planta,7-ARN,Arneses,2965.42,1199,206,993,5.82,Alemania,QRO-SLP
6055,2026-05-04,2026-05-29,2026,5,1,25,1,18,120,2217.71,18.48,Querétaro,Tier1,48-SEN,Sensores,2080.46,31,818,-787,0.04,Japón,QRO-SJR
6056,2026-05-18,2026-05-28,2026,5,1,10,1,4,226.6,1891.6,8.35,Querétaro,Distribuidor,60-SUS,Suspensión,2653.99,2128,369,1759,5.77,China,QRO-SJR
6057,2026-05-03,2026-05-29,2026,5,0,26,1,19,141.2,2110.32,14.95,León,Planta,44-FRE,Frenos,3124.9,1604,281,1323,5.71,México,QRO-MQZ
6058,2025-08-26,2025-09-01,2025,8,2,6,1,3,128,2518.79,19.68,Querétaro,Tier1,77-ELE,Electrónica,761.01,3401,523,2878,6.5,USA,QRO-SJR
6059,2021-04-19,2021-04-23,2021,4,1,4,1,1,175.1,3178.34,18.15,León,Tier1,61-ARN,Arneses,4744.31,4892,624,4268,7.84,USA,QRO-SJR
6060,2025-01-31,2025-02-03,2025,1,5,3,0,0,152.5,1404.48,9.21,El Marqués,Taller,87-SEN,Sensores,1243.01,2731,878,1853,3.11,México,QRO-CEL
6061,2025-07-08,2025-07-10,2025,7,2,2,0,0,238.5,3160.47,13.25,El Marqués,Tier1,56-SUS,Suspensión,4497.66,4064,966,3098,4.21,China,QRO-MQZ
6062,2021-06-19,2021-06-20,2021,6,6,1,0,0,233.1,2983.03,12.8,Querétaro,Tier1,61-FRE,Frenos,2992.6,2417,256,2161,9.44,Japón,QRO-SJR
6063,2022-06-22,2022-06-30,2022,6,3,8,1,5,19.5,199.89,10.25,Celaya,Planta,55-SEN,Sensores,431.65,4262,586,3676,7.27,China,QRO-SJR
6064,2023-09-01,2023-09-02,2023,9,5,1,0,0,336.7,5945.85,17.66,Corregidora,Distribuidor,81-SEN,Sensores,3476.55,1073,855,218,1.25,México,QRO-CEL
6065,2025-09-10,2025-09-13,2025,9,3,3,0,0,268.6,3038.06,11.31,San Juan del Río,Tier1,95-ARN,Arneses,3304.01,4822,472,4350,10.22,Alemania,QRO-CEL
6066,2026-05-15,2026-06-01,2026,5,5,17,1,7,274.3,4159.14,15.16,San Juan del Río,Tier1,84-SUS,Suspensión,3111.43,4098,547,3551,7.49,Alemania,QRO-MQZ
6067,2026-05-19,2026-05-25,2026,5,2,6,1,3,87.2,1444.89,16.57,Corregidora,Distribuidor,100-SUS,Suspensión,4542.37,1415,190,1225,7.45,Japón,QRO-MQZ
6068,2021-03-19,2021-03-24,2021,3,5,5,1,2,209.2,2815.95,13.46,Celaya,Distribuidor,44-ELE,Electrónica,1705.75,4295,341,3954,12.6,Japón,QRO-SJR
6069,2024-08-19,2024-08-23,2024,8,1,4,1,1,200.4,1704.79,8.51,Celaya,Planta,5-SEN,Sensores,3287.36,1717,744,973,2.31,México,QRO-CEL
6070,2025-08-01,2025-08-06,2025,8,5,5,1,2,109.3,1246.66,11.41,San Juan del Río,Planta,85-ELE,Electrónica,2849.32,3481,180,3301,19.34,Japón,QRO-MQZ
6071,2023-11-08,2023-11-10,2023,11,3,2,0,0,81.9,828.64,10.12,León,Taller,95-ARN,Arneses,3304.01,4822,472,4350,10.22,China,QRO-SJR
6072,2024-02-29,2024-03-07,2024,2,4,7,1,4,290.4,3960.61,13.64,San Juan del Río,Taller,85-FRE,Frenos,2849.37,4143,705,3438,5.88,México,QRO-MQZ
6073,2026-05-24,2026-06-01,2026,5,0,8,0,0,251.9,4462.04,17.71,San Juan del Río,Planta,14-ELE,Electrónica,1218.61,173,107,66,1.62,China,QRO-CEL
6074,2021-07-21,2021-07-26,2021,7,3,5,1,2,32.1,564.39,17.58,Corregidora,Tier1,3-ARN,Arneses,4070.75,2695,779,1916,3.46,México,QRO-CEL
6075,2023-10-28,2023-10-29,2023,10,6,1,0,0,134.3,2462.3,18.33,San Luis Potosí,Planta,83-FRE,Frenos,4864.67,2926,560,2366,5.22,México,QRO-SJR
6076,2021-07-26,2021-08-03,2021,7,1,8,1,5,199.9,3191.01,15.96,León,Tier1,19-SEN,Sensores,1116.53,4535,959,3576,4.73,Alemania,QRO-SJR
6077,2026-05-22,2026-06-01,2026,5,5,10,0,0,279.7,3390.57,12.12,San Juan del Río,Tier1,9-SEN,Sensores,3506.81,652,938,-286,0.7,Japón,QRO-SLP
6078,2022-10-27,2022-11-04,2022,10,4,8,1,5,262.1,3723.73,14.21,El Marqués,Taller,4-ARN,Arneses,1994.2,3537,743,2794,4.76,USA,QRO-MQZ
6079,2025-04-05,2025-04-08,2025,4,6,3,0,0,320.2,4936.96,15.42,León,Tier1,68-FRE,Frenos,3853.4,2725,382,2343,7.13,USA,QRO-SLP
6080,2022-09-05,2022-09-10,2022,9,1,5,1,2,79.4,977.53,12.31,León,Tier1,18-ELE,Electrónica,3808.96,3955,122,3833,32.42,China,QRO-MQZ
6081,2026-05-17,2026-05-30,2026,5,0,13,1,5,269.9,2255.81,8.36,El Marqués,Planta,26-ELE,Electrónica,922.82,3095,331,2764,9.35,Alemania,QRO-SJR
6082,2025-05-01,2025-05-02,2025,5,4,1,0,0,273.4,2976.36,10.89,Corregidora,Distribuidor,78-FRE,Frenos,641.45,617,398,219,1.55,China,QRO-SJR
6083,2023-01-06,2023-01-12,2023,1,5,6,1,3,339.5,5691.09,16.76,Corregidora,Tier1,12-SUS,Suspensión,2011.59,4865,386,4479,12.6,USA,QRO-CEL
6084,2023-04-07,2023-04-08,2023,4,5,1,0,0,40.1,748.29,18.66,El Marqués,Tier1,26-SEN,Sensores,2283.16,2773,396,2377,7,China,QRO-MQZ
6085,2024-07-13,2024-07-15,2024,7,6,2,0,0,139.8,1424.92,10.19,Celaya,Distribuidor,62-ELE,Electrónica,4147.27,4050,501,3549,8.08,México,QRO-CEL
6086,2026-05-02,2026-05-31,2026,5,6,29,1,20,195.4,3488.38,17.85,Celaya,Distribuidor,79-FRE,Frenos,2622.75,2367,816,1551,2.9,China,QRO-SJR
6087,2026-02-13,2026-02-17,2026,2,5,4,1,1,23.8,406.72,17.09,León,Tier1,3-SEN,Sensores,523.6,1191,770,421,1.55,China,QRO-SLP
6088,2026-05-18,2026-05-30,2026,5,1,12,1,4,47.3,468.7,9.91,Corregidora,Taller,52-FRE,Frenos,1237.74,4520,880,3640,5.14,México,QRO-SJR
6089,2026-05-06,2026-05-31,2026,5,3,25,1,16,21.3,241.63,11.34,Corregidora,Planta,55-ARN,Arneses,3941.75,4751,961,3790,4.94,Japón,QRO-SJR
6090,2022-09-03,2022-09-07,2022,9,6,4,1,1,335.1,5841.67,17.43,Corregidora,Tier1,90-ELE,Electrónica,2914.45,2443,282,2161,8.66,USA,QRO-CEL
6091,2026-05-08,2026-05-31,2026,5,5,23,1,14,160.8,3199.91,19.9,San Luis Potosí,Planta,68-SUS,Suspensión,4427.01,2107,162,1945,13.01,USA,QRO-SJR
6092,2024-04-28,2024-05-01,2024,4,0,3,0,0,49.6,604.1,12.18,León,Planta,50-SEN,Sensores,4354.41,2670,213,2457,12.54,USA,QRO-SJR
6093,2023-12-07,2023-12-09,2023,12,4,2,0,0,317.8,3533.73,11.12,San Luis Potosí,Tier1,73-SUS,Suspensión,1205.2,139,592,-453,0.23,China,QRO-SLP
6094,2024-02-23,2024-02-29,2024,2,5,6,1,3,234.5,3514.88,14.99,Corregidora,Taller,97-ELE,Electrónica,2011.22,862,727,135,1.19,México,QRO-SJR
6095,2021-08-06,2021-08-14,2021,8,5,8,1,5,330.2,3353.11,10.15,Querétaro,Distribuidor,70-SEN,Sensores,1991.74,2888,241,2647,11.98,Alemania,QRO-SJR
6096,2026-05-21,2026-05-25,2026,5,4,4,1,1,304.3,3387.45,11.13,San Luis Potosí,Tier1,76-FRE,Frenos,3738.99,1682,676,1006,2.49,USA,QRO-SLP
6097,2023-01-19,2023-01-27,2023,1,4,8,1,5,278.9,2989.28,10.72,San Juan del Río,Tier1,71-SUS,Suspensión,1916.47,1253,659,594,1.9,China,QRO-MQZ
6098,2025-08-04,2025-08-10,2025,8,1,6,1,3,349.4,4614.2,13.21,El Marqués,Tier1,66-ELE,Electrónica,1657.94,1756,172,1584,10.21,China,QRO-MQZ
6099,2022-07-20,2022-07-21,2022,7,3,1,0,0,220.9,3160.37,14.31,Celaya,Distribuidor,95-SEN,Sensores,3843.72,3856,664,3192,5.81,Japón,QRO-CEL
6100,2026-05-19,2026-05-26,2026,5,2,7,1,3,233,2871.12,12.32,San Juan del Río,Tier1,88-ARN,Arneses,4573.3,1325,367,958,3.61,Japón,QRO-SJR
6101,2025-06-07,2025-06-08,2025,6,6,1,0,0,180.9,2614.82,14.45,Querétaro,Distribuidor,43-FRE,Frenos,2378.13,401,657,-256,0.61,USA,QRO-MQZ
6102,2023-09-08,2023-09-14,2023,9,5,6,1,3,48.8,862.32,17.67,León,Tier1,47-SEN,Sensores,2369.53,4045,567,3478,7.13,Alemania,QRO-MQZ
6103,2022-11-04,2022-11-10,2022,11,5,6,1,3,155.4,2036.41,13.1,Corregidora,Taller,58-SEN,Sensores,2617.63,4219,411,3808,10.27,Alemania,QRO-SLP
6104,2026-05-18,2026-05-29,2026,5,1,11,1,4,258.4,2218.25,8.58,León,Tier1,91-ARN,Arneses,3259.69,1994,705,1289,2.83,Alemania,QRO-MQZ
6105,2022-04-16,2022-04-24,2022,4,6,8,1,5,296.3,2547.97,8.6,San Luis Potosí,Tier1,54-SUS,Suspensión,456.95,529,846,-317,0.63,Japón,QRO-SLP
6106,2026-05-05,2026-05-09,2026,5,2,4,1,1,327.9,5357.13,16.34,El Marqués,Tier1,62-FRE,Frenos,4762.92,2484,760,1724,3.27,Alemania,QRO-CEL
6107,2021-06-03,2021-06-08,2021,6,4,5,1,2,315.1,3682.8,11.69,Celaya,Distribuidor,13-SUS,Suspensión,186.07,4142,666,3476,6.22,Japón,QRO-MQZ
6108,2022-11-14,2022-11-15,2022,11,1,1,0,0,308.9,4335.01,14.03,San Juan del Río,Tier1,27-ARN,Arneses,1335.52,4511,497,4014,9.08,China,QRO-SJR
6109,2021-03-10,2021-03-12,2021,3,3,2,0,0,234.3,2754.15,11.75,San Juan del Río,Taller,36-ARN,Arneses,142.04,4438,157,4281,28.27,China,QRO-SJR
6110,2023-09-13,2023-09-17,2023,9,3,4,1,1,333.1,5925.38,17.79,Querétaro,Tier1,74-SUS,Suspensión,4557.16,415,619,-204,0.67,México,QRO-SJR
6111,2026-05-15,2026-05-31,2026,5,5,16,1,7,129.3,2291.96,17.73,Celaya,Taller,12-FRE,Frenos,2256.16,1344,843,501,1.59,USA,QRO-SJR
6112,2025-06-15,2025-06-16,2025,6,0,1,0,0,245.6,4064.67,16.55,Celaya,Distribuidor,58-SUS,Suspensión,1458.38,4972,879,4093,5.66,China,QRO-SJR
6113,2026-05-16,2026-06-01,2026,5,6,16,1,6,116.8,1239.65,10.61,San Juan del Río,Planta,9-FRE,Frenos,366.33,1374,473,901,2.9,Alemania,QRO-SLP
6114,2021-09-17,2021-09-25,2021,9,5,8,1,5,296.7,4167.18,14.05,León,Tier1,17-FRE,Frenos,4203.61,2829,138,2691,20.5,China,QRO-SLP
6115,2026-05-05,2026-05-26,2026,5,2,21,1,17,324.6,2793.58,8.61,El Marqués,Tier1,36-FRE,Frenos,2503.31,2427,781,1646,3.11,México,QRO-SJR
6116,2022-09-29,2022-10-01,2022,9,4,2,0,0,129.1,1191.48,9.23,Querétaro,Distribuidor,61-ELE,Electrónica,1772.26,1011,456,555,2.22,China,QRO-CEL
6117,2023-07-18,2023-07-26,2023,7,2,8,1,5,113,1847.94,16.35,San Juan del Río,Taller,60-SUS,Suspensión,2653.99,2128,369,1759,5.77,USA,QRO-SJR
6118,2026-05-13,2026-05-28,2026,5,3,15,1,9,72.1,1079.51,14.97,León,Planta,23-SUS,Suspensión,3508.58,2134,799,1335,2.67,China,QRO-CEL
6119,2023-06-30,2023-07-05,2023,6,5,5,1,2,189.6,2478.19,13.07,Corregidora,Tier1,88-FRE,Frenos,4043.96,2439,113,2326,21.58,Japón,QRO-SLP
6120,2024-07-14,2024-07-21,2024,7,0,7,1,4,129.1,1315.1,10.19,Corregidora,Distribuidor,7-SUS,Suspensión,3185.28,4440,570,3870,7.79,Japón,QRO-SLP
6121,2026-04-06,2026-04-08,2026,4,1,2,0,0,300.7,4133.38,13.75,Corregidora,Distribuidor,19-SUS,Suspensión,4085.71,2770,814,1956,3.4,China,QRO-CEL
6122,2025-08-21,2025-08-24,2025,8,4,3,0,0,191.7,3676.23,19.18,León,Taller,21-SUS,Suspensión,3922.67,482,217,265,2.22,Japón,QRO-SJR
6123,2022-07-30,2022-08-07,2022,7,6,8,1,5,44.7,467.8,10.47,San Juan del Río,Planta,63-ARN,Arneses,1644.88,31,820,-789,0.04,México,QRO-SLP
6124,2026-05-11,2026-05-31,2026,5,1,20,1,11,57.1,1100.41,19.27,San Luis Potosí,Tier1,73-SUS,Suspensión,1205.2,139,592,-453,0.23,China,QRO-CEL
6125,2022-05-15,2022-05-23,2022,5,0,8,1,5,150.5,2813.84,18.7,Celaya,Distribuidor,2-SEN,Sensores,600.41,659,569,90,1.16,México,QRO-CEL
6126,2026-05-02,2026-05-27,2026,5,6,25,1,20,110.5,1173.03,10.62,León,Planta,78-FRE,Frenos,641.45,617,398,219,1.55,Alemania,QRO-MQZ
6127,2026-05-17,2026-05-29,2026,5,0,12,1,5,84.4,807.17,9.56,Querétaro,Tier1,84-FRE,Frenos,3127.21,853,327,526,2.61,USA,QRO-CEL
6128,2025-07-05,2025-07-06,2025,7,6,1,0,0,261.8,3980.67,15.21,San Juan del Río,Tier1,14-FRE,Frenos,3534.94,4023,455,3568,8.84,Alemania,QRO-MQZ
6129,2023-01-12,2023-01-15,2023,1,4,3,0,0,233.6,2658.62,11.38,San Luis Potosí,Distribuidor,85-ARN,Arneses,182.43,4967,727,4240,6.83,China,QRO-CEL
6130,2026-05-10,2026-05-29,2026,5,0,19,1,12,40.8,561.15,13.75,San Luis Potosí,Tier1,26-SUS,Suspensión,4121.98,3676,530,3146,6.94,China,QRO-MQZ
6131,2026-05-02,2026-05-30,2026,5,6,28,1,20,332.4,3687.16,11.09,Corregidora,Distribuidor,77-SUS,Suspensión,2408.66,2567,263,2304,9.76,China,QRO-SJR
6132,2024-08-07,2024-08-15,2024,8,3,8,1,5,65.1,1260.84,19.37,El Marqués,Distribuidor,13-ARN,Arneses,1454.25,4822,879,3943,5.49,USA,QRO-SJR
6133,2022-02-24,2022-02-25,2022,2,4,1,0,0,276.5,3987.15,14.42,León,Taller,57-ARN,Arneses,607.05,602,337,265,1.79,USA,QRO-SJR
6134,2025-07-11,2025-07-19,2025,7,5,8,1,5,257.4,3818.46,14.83,León,Tier1,84-SEN,Sensores,3879.48,1645,209,1436,7.87,China,QRO-SJR
6135,2022-06-01,2022-06-03,2022,6,3,2,0,0,83.9,835.88,9.96,Celaya,Planta,21-ARN,Arneses,2688.88,472,527,-55,0.9,China,QRO-SLP
6136,2024-07-05,2024-07-11,2024,7,5,6,1,3,236,4317.43,18.29,Corregidora,Taller,62-ARN,Arneses,3503.43,704,326,378,2.16,Alemania,QRO-CEL
6137,2026-05-13,2026-05-25,2026,5,3,12,1,9,272.1,2886.94,10.61,San Juan del Río,Taller,83-FRE,Frenos,4864.67,2926,560,2366,5.22,Alemania,QRO-MQZ
6138,2022-08-17,2022-08-20,2022,8,3,3,0,0,69,589.69,8.55,Celaya,Distribuidor,42-ARN,Arneses,4312.83,3536,833,2703,4.24,Alemania,QRO-CEL
6139,2026-02-26,2026-03-05,2026,2,4,7,1,4,45.2,748.66,16.56,León,Planta,27-ELE,Electrónica,1768.11,2885,368,2517,7.84,Alemania,QRO-SJR
6140,2026-05-11,2026-05-28,2026,5,1,17,1,11,206.6,3949.7,19.12,León,Tier1,69-SUS,Suspensión,2311.07,1018,914,104,1.11,China,QRO-SLP
6141,2026-05-03,2026-05-28,2026,5,0,25,1,19,160.7,1817.63,11.31,El Marqués,Taller,92-ELE,Electrónica,4401.79,4271,769,3502,5.55,China,QRO-MQZ
6142,2022-08-04,2022-08-05,2022,8,4,1,0,0,146.2,1980.81,13.55,Querétaro,Distribuidor,27-SEN,Sensores,2154.77,2124,891,1233,2.38,México,QRO-SJR
6143,2022-07-07,2022-07-15,2022,7,4,8,1,5,59.9,1006.56,16.8,San Luis Potosí,Tier1,82-SEN,Sensores,1389.69,82,257,-175,0.32,México,QRO-CEL
6144,2022-05-13,2022-05-21,2022,5,5,8,1,5,19.8,232,11.72,Celaya,Taller,65-SUS,Suspensión,3449.87,4345,595,3750,7.3,Japón,QRO-MQZ
6145,2024-07-02,2024-07-09,2024,7,2,7,1,4,264.3,4849.54,18.35,León,Tier1,13-FRE,Frenos,1618.96,1055,651,404,1.62,China,QRO-MQZ
6146,2025-12-27,2025-12-31,2025,12,6,4,1,1,59.2,743.14,12.55,Querétaro,Distribuidor,34-ELE,Electrónica,4829.03,4110,965,3145,4.26,Japón,QRO-SLP
6147,2023-02-01,2023-02-05,2023,2,3,4,1,1,37.2,700.04,18.82,San Luis Potosí,Taller,79-SEN,Sensores,3466.99,835,695,140,1.2,México,QRO-SJR
6148,2022-03-15,2022-03-20,2022,3,2,5,1,2,102.7,1246.7,12.14,San Luis Potosí,Tier1,31-FRE,Frenos,259.79,2493,478,2015,5.22,Alemania,QRO-SJR
6149,2021-08-04,2021-08-09,2021,8,3,5,1,2,161.4,1893.63,11.73,Querétaro,Tier1,59-SUS,Suspensión,149.53,1044,359,685,2.91,China,QRO-CEL
6150,2021-04-01,2021-04-02,2021,4,4,1,0,0,265.1,3296.6,12.44,Celaya,Tier1,82-SEN,Sensores,1389.69,82,257,-175,0.32,México,QRO-SJR
6151,2025-03-18,2025-03-24,2025,3,2,6,1,3,130.8,2184.59,16.7,Corregidora,Planta,48-ELE,Electrónica,2929.89,2314,767,1547,3.02,México,QRO-CEL
6152,2026-05-03,2026-05-30,2026,5,0,27,1,19,300.1,3693.87,12.31,San Luis Potosí,Planta,46-ELE,Electrónica,2511.37,3579,173,3406,20.69,China,QRO-CEL
6153,2024-01-18,2024-01-22,2024,1,4,4,1,1,188.2,1597.22,8.49,Querétaro,Distribuidor,75-ELE,Electrónica,216.11,4758,831,3927,5.73,Alemania,QRO-SLP
6154,2024-05-22,2024-05-25,2024,5,3,3,0,0,281.4,4542.36,16.14,León,Taller,17-ELE,Electrónica,2928.48,3082,652,2430,4.73,China,QRO-SLP
6155,2026-05-11,2026-05-31,2026,5,1,20,1,11,13.9,127.62,9.18,Corregidora,Planta,20-ARN,Arneses,1779.81,1862,979,883,1.9,China,QRO-MQZ
6156,2026-01-18,2026-01-23,2026,1,0,5,1,2,182.1,2751.23,15.11,León,Taller,77-SUS,Suspensión,2408.66,2567,263,2304,9.76,México,QRO-SJR
6157,2026-05-17,2026-06-01,2026,5,0,15,1,5,299.8,4076.85,13.6,Celaya,Distribuidor,55-SEN,Sensores,431.65,4262,586,3676,7.27,Japón,QRO-SJR
6158,2025-06-27,2025-07-02,2025,6,5,5,1,2,231.1,4613.54,19.96,Corregidora,Planta,49-ARN,Arneses,412.82,3527,162,3365,21.77,México,QRO-SJR
6159,2023-07-09,2023-07-10,2023,7,0,1,0,0,40.7,435.09,10.69,San Juan del Río,Tier1,99-ELE,Electrónica,1359.1,1089,262,827,4.16,Japón,QRO-SJR
6160,2026-05-05,2026-05-31,2026,5,2,26,1,17,292.9,5390.78,18.4,Corregidora,Distribuidor,52-SUS,Suspensión,2988.75,658,311,347,2.12,China,QRO-SJR
6161,2026-05-10,2026-05-27,2026,5,0,17,1,12,141.2,1529.42,10.83,Querétaro,Taller,10-SUS,Suspensión,3974.3,2474,590,1884,4.19,Japón,QRO-CEL
6162,2026-05-07,2026-05-25,2026,5,4,18,1,15,271.9,2279.52,8.38,León,Planta,64-SUS,Suspensión,4312.74,583,450,133,1.3,México,QRO-SJR
6163,2026-05-10,2026-05-15,2026,5,0,5,1,2,99.5,1670.63,16.79,El Marqués,Distribuidor,70-SEN,Sensores,1991.74,2888,241,2647,11.98,México,QRO-SJR
6164,2021-03-13,2021-03-18,2021,3,6,5,1,2,212.3,2253.56,10.61,El Marqués,Taller,86-FRE,Frenos,4599.2,3868,867,3001,4.46,México,QRO-CEL
6165,2026-05-18,2026-05-27,2026,5,1,9,1,4,170.6,1566.15,9.18,Querétaro,Tier1,33-SUS,Suspensión,3309.06,3967,660,3307,6.01,Japón,QRO-SLP
6166,2024-05-31,2024-06-06,2024,5,5,6,1,3,247.8,4883.49,19.71,Corregidora,Tier1,45-ARN,Arneses,944.57,3020,180,2840,16.78,Japón,QRO-SLP
6167,2022-05-14,2022-05-17,2022,5,6,3,0,0,78.6,708.77,9.02,Corregidora,Distribuidor,100-ARN,Arneses,1116.73,659,716,-57,0.92,Japón,QRO-SLP
6168,2026-05-20,2026-06-01,2026,5,3,12,1,2,30.7,371.45,12.1,Corregidora,Distribuidor,89-ELE,Electrónica,2876,159,938,-779,0.17,USA,QRO-SLP
6169,2022-06-14,2022-06-17,2022,6,2,3,0,0,50.5,432.33,8.56,León,Planta,57-SUS,Suspensión,4521.23,466,706,-240,0.66,China,QRO-SJR
6170,2023-08-11,2023-08-18,2023,8,5,7,1,4,39.9,574.74,14.4,San Luis Potosí,Planta,8-ARN,Arneses,3605.24,2185,615,1570,3.55,Japón,QRO-CEL
6171,2026-05-17,2026-06-01,2026,5,0,15,1,5,105.8,1156.25,10.93,Corregidora,Taller,27-SUS,Suspensión,4748.31,2962,518,2444,5.72,Japón,QRO-SLP
6172,2024-05-21,2024-05-29,2024,5,2,8,1,5,99.6,1435.2,14.41,León,Taller,64-ELE,Electrónica,4488.81,2018,103,1915,19.59,Alemania,QRO-SJR
6173,2024-11-11,2024-11-14,2024,11,1,3,0,0,228.1,2033.73,8.92,León,Planta,76-FRE,Frenos,3738.99,1682,676,1006,2.49,Alemania,QRO-SJR
6174,2026-05-24,2026-05-31,2026,5,0,7,0,0,32.7,484.89,14.83,Corregidora,Tier1,49-FRE,Frenos,163.61,2823,238,2585,11.86,Japón,QRO-CEL
6175,2022-08-29,2022-09-05,2022,8,1,7,1,4,281.5,4841.52,17.2,León,Tier1,77-FRE,Frenos,1286.73,3721,625,3096,5.95,Japón,QRO-SLP
6176,2021-12-16,2021-12-24,2021,12,4,8,1,5,24.2,229.56,9.49,El Marqués,Taller,10-ARN,Arneses,1421.89,2478,555,1923,4.46,Japón,QRO-MQZ
6177,2026-05-21,2026-05-29,2026,5,4,8,1,1,292.8,5493.32,18.76,San Luis Potosí,Taller,24-SUS,Suspensión,712.49,4064,852,3212,4.77,Alemania,QRO-MQZ
6178,2026-05-15,2026-05-22,2026,5,5,7,1,4,35.2,691.85,19.65,San Luis Potosí,Tier1,1-SEN,Sensores,1859.2,2796,887,1909,3.15,USA,QRO-MQZ
6179,2026-05-11,2026-05-26,2026,5,1,15,1,11,151.6,2674.64,17.64,San Luis Potosí,Tier1,69-SUS,Suspensión,2311.07,1018,914,104,1.11,México,QRO-SJR
6180,2024-05-26,2024-06-01,2024,5,0,6,1,3,188.6,3755.97,19.92,León,Planta,71-FRE,Frenos,3409.21,2240,727,1513,3.08,Japón,QRO-SLP
6181,2021-03-23,2021-03-24,2021,3,2,1,0,0,291.7,3934.97,13.49,León,Taller,37-ARN,Arneses,1422.73,3772,947,2825,3.98,Japón,QRO-MQZ
6182,2026-05-13,2026-05-25,2026,5,3,12,1,9,340.5,4667.73,13.71,Querétaro,Planta,72-ELE,Electrónica,892.6,1623,479,1144,3.39,México,QRO-SLP
6183,2026-05-09,2026-05-25,2026,5,6,16,1,13,41.2,590.95,14.34,El Marqués,Tier1,30-FRE,Frenos,2601.88,1085,192,893,5.65,China,QRO-SLP
6184,2026-05-16,2026-05-29,2026,5,6,13,1,6,306.2,3635.86,11.87,El Marqués,Taller,18-FRE,Frenos,2478.97,2322,407,1915,5.71,Alemania,QRO-SJR
6185,2024-06-30,2024-07-08,2024,6,0,8,1,5,116.5,1423.07,12.22,El Marqués,Planta,71-SUS,Suspensión,1916.47,1253,659,594,1.9,USA,QRO-SJR
6186,2026-05-09,2026-06-01,2026,5,6,23,1,13,42.1,768.85,18.26,Querétaro,Planta,78-SUS,Suspensión,3109.5,4399,835,3564,5.27,México,QRO-MQZ
6187,2022-11-01,2022-11-04,2022,11,2,3,0,0,19,228.66,12.03,León,Tier1,62-ELE,Electrónica,4147.27,4050,501,3549,8.08,China,QRO-SLP
6188,2024-10-18,2024-10-22,2024,10,5,4,1,1,109.4,2034.24,18.59,El Marqués,Tier1,75-ELE,Electrónica,216.11,4758,831,3927,5.73,USA,QRO-SLP
6189,2026-05-25,2026-06-07,2026,5,1,13,0,0,16.2,207.02,12.78,San Luis Potosí,Planta,26-SUS,Suspensión,4121.98,3676,530,3146,6.94,Alemania,QRO-SJR
6190,2022-04-16,2022-04-24,2022,4,6,8,1,5,41.8,415.78,9.95,Corregidora,Planta,24-SUS,Suspensión,712.49,4064,852,3212,4.77,Japón,QRO-SJR
6191,2026-04-05,2026-04-07,2026,4,0,2,0,0,310.8,4273.53,13.75,San Luis Potosí,Tier1,23-FRE,Frenos,3759.37,4902,886,4016,5.53,China,QRO-SLP
6192,2023-10-16,2023-10-19,2023,10,1,3,0,0,52.1,634.89,12.19,San Juan del Río,Planta,80-FRE,Frenos,1456.89,1654,528,1126,3.13,USA,QRO-SLP
6193,2026-05-23,2026-05-29,2026,5,6,6,0,0,246.1,2167.02,8.81,Corregidora,Planta,84-FRE,Frenos,3127.21,853,327,526,2.61,México,QRO-CEL
6194,2022-07-03,2022-07-10,2022,7,0,7,1,4,200.9,3266.34,16.26,Querétaro,Tier1,13-ELE,Electrónica,1731.24,4181,159,4022,26.3,México,QRO-MQZ
6195,2026-05-21,2026-05-29,2026,5,4,8,1,1,58.6,903.28,15.41,Querétaro,Tier1,96-SUS,Suspensión,3516.22,1894,371,1523,5.11,China,QRO-CEL
6196,2022-04-21,2022-04-27,2022,4,4,6,1,3,254.6,4325.96,16.99,León,Tier1,16-SEN,Sensores,498.65,4923,754,4169,6.53,China,QRO-CEL
6197,2026-05-05,2026-05-29,2026,5,2,24,1,17,207.7,3867.09,18.62,Corregidora,Planta,38-FRE,Frenos,2176.42,4632,529,4103,8.76,México,QRO-MQZ
6198,2023-07-06,2023-07-13,2023,7,4,7,1,4,251.5,4083.03,16.23,León,Planta,14-FRE,Frenos,3534.94,4023,455,3568,8.84,Alemania,QRO-SLP
6199,2023-05-15,2023-05-20,2023,5,1,5,1,2,160.6,2468.94,15.37,León,Tier1,70-ARN,Arneses,1874.06,2106,688,1418,3.06,USA,QRO-SLP
6200,2026-04-07,2026-04-11,2026,4,2,4,1,1,304.2,4325.36,14.22,El Marqués,Taller,93-SUS,Suspensión,251.29,694,704,-10,0.99,Alemania,QRO-SLP
6201,2024-08-13,2024-08-18,2024,8,2,5,1,2,205.5,2604.19,12.67,San Juan del Río,Planta,61-ELE,Electrónica,1772.26,1011,456,555,2.22,USA,QRO-SLP
6202,2023-12-01,2023-12-04,2023,12,5,3,0,0,260.9,2316.88,8.88,Celaya,Taller,97-SEN,Sensores,396.7,1142,502,640,2.27,Japón,QRO-MQZ
6203,2026-05-09,2026-05-25,2026,5,6,16,1,13,126.1,1423.81,11.29,Celaya,Tier1,74-ARN,Arneses,1238.29,2950,908,2042,3.25,Japón,QRO-SLP
6204,2026-05-25,2026-06-05,2026,5,1,11,0,0,283.1,3398.94,12.01,Querétaro,Tier1,63-SEN,Sensores,610.95,201,678,-477,0.3,México,QRO-SJR
6205,2026-05-03,2026-05-25,2026,5,0,22,1,19,132.7,2268.31,17.09,Querétaro,Tier1,64-ARN,Arneses,324.29,3235,687,2548,4.71,USA,QRO-MQZ
6206,2025-09-25,2025-09-30,2025,9,4,5,1,2,167.7,1764.13,10.52,El Marqués,Taller,13-SEN,Sensores,1929.65,2670,406,2264,6.58,USA,QRO-CEL
6207,2026-05-04,2026-06-01,2026,5,1,28,1,18,169.2,2191.34,12.95,León,Taller,25-SUS,Suspensión,2863.6,1207,249,958,4.85,Japón,QRO-SLP
6208,2023-12-15,2023-12-17,2023,12,5,2,0,0,92.6,1127.85,12.18,San Luis Potosí,Planta,98-SUS,Suspensión,1541.04,2575,226,2349,11.39,USA,QRO-SJR
6209,2023-03-19,2023-03-25,2023,3,0,6,1,3,48,832.89,17.35,San Juan del Río,Tier1,20-SEN,Sensores,595.92,674,866,-192,0.78,México,QRO-SLP
6210,2026-05-19,2026-06-01,2026,5,2,13,1,3,272.9,4713.34,17.27,Celaya,Tier1,83-ARN,Arneses,4089.81,3819,304,3515,12.56,Japón,QRO-CEL
6211,2022-01-08,2022-01-14,2022,1,6,6,1,3,44.5,423.39,9.51,Querétaro,Planta,20-ARN,Arneses,1779.81,1862,979,883,1.9,México,QRO-MQZ
6212,2022-07-19,2022-07-20,2022,7,2,1,0,0,45.6,729.21,15.99,San Luis Potosí,Planta,40-ARN,Arneses,288.05,1674,857,817,1.95,Japón,QRO-MQZ
6213,2023-06-12,2023-06-18,2023,6,1,6,1,3,80.3,1008.63,12.56,Celaya,Distribuidor,72-ELE,Electrónica,892.6,1623,479,1144,3.39,México,QRO-SJR
6214,2024-09-19,2024-09-20,2024,9,4,1,0,0,53.6,861.7,16.08,Celaya,Tier1,58-SEN,Sensores,2617.63,4219,411,3808,10.27,China,QRO-SJR
6215,2024-02-15,2024-02-21,2024,2,4,6,1,3,343.2,3177.77,9.26,San Luis Potosí,Tier1,55-SUS,Suspensión,105.27,1887,966,921,1.95,USA,QRO-SJR
6216,2021-06-08,2021-06-16,2021,6,2,8,1,5,28.7,368.95,12.86,Corregidora,Tier1,49-SUS,Suspensión,2456.79,4682,791,3891,5.92,USA,QRO-SLP
6217,2025-12-28,2025-12-31,2025,12,0,3,0,0,192.3,1735.43,9.02,Corregidora,Distribuidor,69-SEN,Sensores,2210.85,4509,513,3996,8.79,China,QRO-SJR
6218,2025-12-09,2025-12-14,2025,12,2,5,1,2,184.7,2438.53,13.2,León,Taller,63-SEN,Sensores,610.95,201,678,-477,0.3,Alemania,QRO-SLP
6219,2026-05-22,2026-05-27,2026,5,5,5,0,0,320.5,6098.22,19.03,León,Taller,53-ELE,Electrónica,2503.62,2992,933,2059,3.21,Alemania,QRO-CEL
6220,2021-12-13,2021-12-18,2021,12,1,5,1,2,116.9,1738.32,14.87,Corregidora,Tier1,65-ELE,Electrónica,4175.41,3316,875,2441,3.79,Japón,QRO-SJR
6221,2025-01-30,2025-02-03,2025,1,4,4,1,1,36.3,670,18.46,Querétaro,Tier1,11-SUS,Suspensión,588.59,823,217,606,3.79,USA,QRO-SLP
6222,2026-05-07,2026-05-29,2026,5,4,22,1,15,161.9,2393.88,14.79,San Luis Potosí,Tier1,83-ARN,Arneses,4089.81,3819,304,3515,12.56,Alemania,QRO-SLP
6223,2024-02-08,2024-02-11,2024,2,4,3,0,0,322.9,5250.56,16.26,San Luis Potosí,Tier1,42-ELE,Electrónica,3324.88,3038,963,2075,3.15,Alemania,QRO-SJR
6224,2023-02-20,2023-02-28,2023,2,1,8,1,5,270.7,4274.67,15.79,Celaya,Distribuidor,23-ARN,Arneses,856.04,2511,134,2377,18.74,México,QRO-MQZ
6225,2026-05-11,2026-05-29,2026,5,1,18,1,11,96.4,793.44,8.23,San Juan del Río,Taller,75-FRE,Frenos,2586.79,1278,749,529,1.71,China,QRO-CEL
6226,2026-05-20,2026-05-27,2026,5,3,7,1,2,142.7,1948.03,13.65,Corregidora,Tier1,69-ARN,Arneses,2131.09,4430,982,3448,4.51,Japón,QRO-SLP
6227,2022-04-26,2022-04-29,2022,4,2,3,0,0,43.7,643.01,14.71,Querétaro,Tier1,19-ELE,Electrónica,3029.39,2447,372,2075,6.58,USA,QRO-SJR
6228,2026-03-17,2026-03-19,2026,3,2,2,0,0,230.6,2027.11,8.79,San Luis Potosí,Distribuidor,58-ARN,Arneses,2254.49,3722,381,3341,9.77,Alemania,QRO-CEL
6229,2026-05-01,2026-05-29,2026,5,5,28,1,21,308.9,4149.3,13.43,León,Planta,16-ELE,Electrónica,316.27,2849,664,2185,4.29,USA,QRO-SJR
6230,2025-08-16,2025-08-23,2025,8,6,7,1,4,175.6,1705.81,9.71,Corregidora,Planta,20-FRE,Frenos,3362.99,3735,334,3401,11.18,USA,QRO-MQZ
6231,2026-03-12,2026-03-18,2026,3,4,6,1,3,87.6,1685.19,19.24,León,Tier1,72-FRE,Frenos,2982.1,4614,609,4005,7.58,USA,QRO-CEL
6232,2025-06-21,2025-06-23,2025,6,6,2,0,0,251.3,4440.62,17.67,Corregidora,Tier1,58-SUS,Suspensión,1458.38,4972,879,4093,5.66,México,QRO-SJR
6233,2022-11-20,2022-11-25,2022,11,0,5,1,2,146.7,1657.62,11.3,San Juan del Río,Tier1,77-FRE,Frenos,1286.73,3721,625,3096,5.95,México,QRO-CEL
6234,2025-07-19,2025-07-20,2025,7,6,1,0,0,307.9,3652.95,11.86,Querétaro,Distribuidor,84-SEN,Sensores,3879.48,1645,209,1436,7.87,Alemania,QRO-SLP
6235,2026-05-01,2026-05-25,2026,5,5,24,1,21,244,4848.33,19.87,Celaya,Planta,23-ELE,Electrónica,1997.95,1627,354,1273,4.6,Japón,QRO-SLP
6236,2023-12-04,2023-12-06,2023,12,1,2,0,0,134.1,1281.4,9.56,San Luis Potosí,Tier1,89-SEN,Sensores,4357.78,2341,878,1463,2.67,Japón,QRO-SJR
6237,2021-05-10,2021-05-17,2021,5,1,7,1,4,94.8,1351.07,14.25,Querétaro,Tier1,51-SEN,Sensores,3785.32,2882,317,2565,9.09,Alemania,QRO-SLP
6238,2026-05-13,2026-06-01,2026,5,3,19,1,9,92.2,1631.99,17.7,Celaya,Tier1,51-ARN,Arneses,2205.11,3816,443,3373,8.61,Japón,QRO-SLP
6239,2026-03-25,2026-03-28,2026,3,3,3,0,0,120.2,996.15,8.29,León,Taller,94-SUS,Suspensión,345.62,2291,202,2089,11.34,Japón,QRO-MQZ
6240,2026-05-06,2026-06-01,2026,5,3,26,1,16,145.2,2849.86,19.63,Celaya,Taller,95-SEN,Sensores,3843.72,3856,664,3192,5.81,Japón,QRO-SLP
6241,2025-12-21,2025-12-28,2025,12,0,7,1,4,19.8,253.62,12.81,Corregidora,Distribuidor,65-ARN,Arneses,844,2641,720,1921,3.67,Japón,QRO-MQZ
6242,2026-05-02,2026-06-01,2026,5,6,30,1,20,176.3,2701.99,15.33,Corregidora,Distribuidor,76-ELE,Electrónica,1417.28,705,976,-271,0.72,México,QRO-SJR
6243,2023-01-03,2023-01-05,2023,1,2,2,0,0,67.3,1251.35,18.59,Corregidora,Distribuidor,5-FRE,Frenos,3547.92,1323,978,345,1.35,USA,QRO-MQZ
6244,2025-07-21,2025-07-27,2025,7,1,6,1,3,344.4,6201.67,18.01,San Juan del Río,Tier1,61-ARN,Arneses,4744.31,4892,624,4268,7.84,Alemania,QRO-SJR
6245,2022-04-10,2022-04-17,2022,4,0,7,1,4,236.3,3433.51,14.53,Corregidora,Tier1,66-FRE,Frenos,1624.56,4540,510,4030,8.9,México,QRO-SJR
6246,2022-01-12,2022-01-18,2022,1,3,6,1,3,255.8,2674.38,10.45,San Luis Potosí,Planta,56-SEN,Sensores,1253.34,3707,620,3087,5.98,USA,QRO-SJR
6247,2026-05-04,2026-05-25,2026,5,1,21,1,18,284.8,4586.98,16.11,San Juan del Río,Tier1,22-SEN,Sensores,4518.66,3974,785,3189,5.06,México,QRO-CEL
6248,2025-09-28,2025-10-06,2025,9,0,8,1,5,245.2,2882.82,11.76,León,Taller,100-FRE,Frenos,1719.07,4842,314,4528,15.42,Alemania,QRO-MQZ
6249,2021-08-20,2021-08-26,2021,8,5,6,1,3,37.5,378.45,10.09,San Luis Potosí,Taller,13-FRE,Frenos,1618.96,1055,651,404,1.62,USA,QRO-SJR
6250,2023-10-12,2023-10-20,2023,10,4,8,1,5,174.2,2108.51,12.1,San Luis Potosí,Taller,86-SUS,Suspensión,1070.24,3068,901,2167,3.41,China,QRO-MQZ
6251,2024-03-01,2024-03-09,2024,3,5,8,1,5,100.9,1853.32,18.37,Celaya,Planta,25-FRE,Frenos,2232.98,3690,225,3465,16.4,China,QRO-MQZ
6252,2026-05-11,2026-05-29,2026,5,1,18,1,11,314.8,3188.25,10.13,León,Tier1,29-SUS,Suspensión,2268.03,800,134,666,5.97,Japón,QRO-SJR
6253,2024-06-19,2024-06-27,2024,6,3,8,1,5,52.1,958.63,18.4,Corregidora,Tier1,25-ARN,Arneses,3915.2,4208,808,3400,5.21,Alemania,QRO-SJR
6254,2026-05-12,2026-05-26,2026,5,2,14,1,10,78.3,1277.13,16.31,Celaya,Distribuidor,14-ELE,Electrónica,1218.61,173,107,66,1.62,Japón,QRO-SJR
6255,2025-10-26,2025-10-28,2025,10,0,2,0,0,236.5,4115.15,17.4,Corregidora,Tier1,50-ELE,Electrónica,3253.74,3790,410,3380,9.24,USA,QRO-CEL
6256,2023-07-25,2023-07-29,2023,7,2,4,1,1,81.2,1380.27,17,San Luis Potosí,Planta,97-FRE,Frenos,4200.07,1145,962,183,1.19,Alemania,QRO-MQZ
6257,2022-06-05,2022-06-06,2022,6,0,1,0,0,80.2,1379.48,17.2,San Luis Potosí,Tier1,44-ELE,Electrónica,1705.75,4295,341,3954,12.6,USA,QRO-SJR
6258,2026-05-11,2026-05-29,2026,5,1,18,1,11,157.5,2586.78,16.42,Querétaro,Distribuidor,49-ARN,Arneses,412.82,3527,162,3365,21.77,Alemania,QRO-CEL
6259,2026-04-11,2026-04-14,2026,4,6,3,0,0,329,5188.48,15.77,San Luis Potosí,Tier1,9-ELE,Electrónica,3081.81,4325,472,3853,9.16,Japón,QRO-SLP
6260,2023-12-25,2023-12-28,2023,12,1,3,0,0,158.8,2652.58,16.7,Celaya,Distribuidor,65-SEN,Sensores,3356.68,3642,308,3334,11.82,Japón,QRO-SJR
6261,2026-05-08,2026-05-31,2026,5,5,23,1,14,265.2,3355.56,12.65,San Juan del Río,Tier1,33-SUS,Suspensión,3309.06,3967,660,3307,6.01,México,QRO-SJR
6262,2026-05-18,2026-05-29,2026,5,1,11,1,4,253.6,4154.89,16.38,San Luis Potosí,Tier1,98-FRE,Frenos,1762.7,3662,966,2696,3.79,Japón,QRO-MQZ
6263,2021-04-28,2021-04-29,2021,4,3,1,0,0,255.2,4468.54,17.51,Querétaro,Tier1,64-ARN,Arneses,324.29,3235,687,2548,4.71,México,QRO-MQZ
6264,2024-11-14,2024-11-17,2024,11,4,3,0,0,124.2,1057.9,8.52,Corregidora,Tier1,67-ARN,Arneses,250.33,2392,600,1792,3.99,USA,QRO-SJR
6265,2021-06-09,2021-06-15,2021,6,3,6,1,3,263.6,5122.57,19.43,Celaya,Distribuidor,24-FRE,Frenos,3167.6,1248,407,841,3.07,México,QRO-CEL
6266,2026-05-18,2026-05-29,2026,5,1,11,1,4,319.2,4356.86,13.65,San Juan del Río,Tier1,5-SEN,Sensores,3287.36,1717,744,973,2.31,Alemania,QRO-MQZ
6267,2024-06-21,2024-06-29,2024,6,5,8,1,5,107.5,1273.35,11.85,Corregidora,Planta,34-SUS,Suspensión,3433.34,3403,155,3248,21.95,Alemania,QRO-SLP
6268,2026-05-24,2026-06-03,2026,5,0,10,0,0,164.6,2696.97,16.38,León,Tier1,57-ARN,Arneses,607.05,602,337,265,1.79,USA,QRO-CEL
6269,2026-03-16,2026-03-23,2026,3,1,7,1,4,131.6,1397.49,10.62,Querétaro,Planta,46-ARN,Arneses,2665.1,3109,331,2778,9.39,México,QRO-SLP
6270,2022-07-24,2022-07-28,2022,7,0,4,1,1,27.9,550.28,19.72,San Juan del Río,Planta,96-ARN,Arneses,1067.24,3998,883,3115,4.53,México,QRO-MQZ
6271,2024-03-03,2024-03-07,2024,3,0,4,1,1,52.1,840.7,16.14,Celaya,Distribuidor,10-SEN,Sensores,4186.41,1042,960,82,1.09,USA,QRO-CEL
6272,2026-05-02,2026-05-31,2026,5,6,29,1,20,205.4,2836.75,13.81,San Luis Potosí,Planta,48-FRE,Frenos,3081.99,4282,516,3766,8.3,USA,QRO-CEL
6273,2026-05-11,2026-05-29,2026,5,1,18,1,11,71,1247.02,17.56,León,Tier1,8-SUS,Suspensión,926.42,4541,250,4291,18.16,USA,QRO-SLP
6274,2026-05-19,2026-06-02,2026,5,2,14,1,3,246.8,2746.77,11.13,León,Planta,94-SUS,Suspensión,345.62,2291,202,2089,11.34,Alemania,QRO-SLP
6275,2025-09-17,2025-09-19,2025,9,3,2,0,0,323.5,3362.15,10.39,Celaya,Tier1,35-ELE,Electrónica,1141.28,3576,681,2895,5.25,Japón,QRO-CEL
6276,2021-06-06,2021-06-07,2021,6,0,1,0,0,65,1261.99,19.42,Celaya,Distribuidor,83-SEN,Sensores,3044.98,1762,882,880,2,USA,QRO-CEL
6277,2025-11-18,2025-11-20,2025,11,2,2,0,0,258.2,3522.39,13.64,San Luis Potosí,Tier1,93-SEN,Sensores,4236.96,1229,379,850,3.24,Alemania,QRO-SLP
6278,2026-05-17,2026-05-28,2026,5,0,11,1,5,124.5,1467.61,11.79,León,Taller,94-ARN,Arneses,584.4,1245,705,540,1.77,Japón,QRO-SLP
6279,2026-05-03,2026-05-29,2026,5,0,26,1,19,142.9,1475.38,10.32,San Juan del Río,Planta,100-SUS,Suspensión,4542.37,1415,190,1225,7.45,USA,QRO-SJR
6280,2026-05-20,2026-06-01,2026,5,3,12,1,2,146.1,1561.34,10.69,El Marqués,Taller,11-ARN,Arneses,4060.25,1703,426,1277,4,USA,QRO-CEL
6281,2022-09-14,2022-09-15,2022,9,3,1,0,0,141,1138.08,8.07,San Luis Potosí,Tier1,37-SEN,Sensores,3969.15,3602,841,2761,4.28,USA,QRO-SLP
6282,2024-11-01,2024-11-09,2024,11,5,8,1,5,46.4,505.01,10.88,San Luis Potosí,Tier1,81-SUS,Suspensión,2394.84,4181,399,3782,10.48,USA,QRO-SJR
6283,2026-05-13,2026-05-30,2026,5,3,17,1,9,90.7,1631.71,17.99,León,Planta,63-SUS,Suspensión,3993.5,2133,790,1343,2.7,Japón,QRO-CEL
6284,2026-05-20,2026-05-29,2026,5,3,9,1,2,195.3,2339.4,11.98,Corregidora,Distribuidor,96-SUS,Suspensión,3516.22,1894,371,1523,5.11,USA,QRO-SJR
6285,2026-05-11,2026-05-30,2026,5,1,19,1,11,19.6,276.99,14.13,San Luis Potosí,Tier1,69-ARN,Arneses,2131.09,4430,982,3448,4.51,USA,QRO-SJR
6286,2022-07-14,2022-07-16,2022,7,4,2,0,0,288.5,3844.16,13.32,Querétaro,Distribuidor,53-FRE,Frenos,818.13,4754,550,4204,8.64,USA,QRO-SLP
6287,2023-11-30,2023-12-06,2023,11,4,6,1,3,244.4,2045.94,8.37,Celaya,Tier1,43-ARN,Arneses,913.85,1716,755,961,2.27,Alemania,QRO-MQZ
6288,2026-01-27,2026-02-01,2026,1,2,5,1,2,317.7,5098.45,16.05,San Juan del Río,Taller,51-SEN,Sensores,3785.32,2882,317,2565,9.09,USA,QRO-SLP
6289,2022-07-28,2022-08-05,2022,7,4,8,1,5,173.1,3234.94,18.69,San Luis Potosí,Tier1,89-SUS,Suspensión,3420.66,3727,958,2769,3.89,China,QRO-SJR
6290,2025-11-02,2025-11-08,2025,11,0,6,1,3,202.7,3872.78,19.11,Corregidora,Distribuidor,86-ARN,Arneses,2813.21,4833,175,4658,27.62,México,QRO-MQZ
6291,2021-10-12,2021-10-13,2021,10,2,1,0,0,253.1,5045.2,19.93,Corregidora,Taller,23-FRE,Frenos,3759.37,4902,886,4016,5.53,USA,QRO-SLP
6292,2026-05-12,2026-05-31,2026,5,2,19,1,10,323.8,2663.67,8.23,Celaya,Distribuidor,70-SUS,Suspensión,3232.39,1824,203,1621,8.99,México,QRO-CEL
6293,2022-02-03,2022-02-06,2022,2,4,3,0,0,13.5,137.59,10.19,Corregidora,Planta,13-FRE,Frenos,1618.96,1055,651,404,1.62,Japón,QRO-CEL
6294,2026-05-25,2026-06-04,2026,5,1,10,0,0,339.3,6564.51,19.35,Celaya,Planta,99-SEN,Sensores,779.25,3054,160,2894,19.09,USA,QRO-SLP
6295,2024-02-09,2024-02-16,2024,2,5,7,1,4,172.1,2050.53,11.91,Celaya,Taller,46-SUS,Suspensión,1653.36,4322,935,3387,4.62,Alemania,QRO-SLP
6296,2024-02-14,2024-02-21,2024,2,3,7,1,4,127.8,1843.31,14.42,León,Tier1,66-ARN,Arneses,3511.95,1519,764,755,1.99,México,QRO-MQZ
6297,2026-05-16,2026-05-31,2026,5,6,15,1,6,300.3,2608.03,8.68,San Luis Potosí,Tier1,24-ARN,Arneses,4525.05,711,612,99,1.16,China,QRO-MQZ
6298,2026-05-22,2026-06-01,2026,5,5,10,0,0,45.8,899.5,19.64,León,Planta,19-ELE,Electrónica,3029.39,2447,372,2075,6.58,China,QRO-MQZ
6299,2026-05-15,2026-05-26,2026,5,5,11,1,7,237.1,2994.62,12.63,San Juan del Río,Tier1,30-FRE,Frenos,2601.88,1085,192,893,5.65,Alemania,QRO-SJR
6300,2026-03-21,2026-03-22,2026,3,6,1,0,0,252.3,4545.55,18.02,Celaya,Tier1,25-FRE,Frenos,2232.98,3690,225,3465,16.4,México,QRO-SLP
6301,2026-05-02,2026-06-01,2026,5,6,30,1,20,73.7,1060.3,14.39,Corregidora,Planta,71-ELE,Electrónica,3176.69,1574,322,1252,4.89,China,QRO-CEL
6302,2022-11-01,2022-11-02,2022,11,2,1,0,0,150.8,2879.97,19.1,San Juan del Río,Tier1,10-SUS,Suspensión,3974.3,2474,590,1884,4.19,China,QRO-SJR
6303,2024-11-22,2024-11-26,2024,11,5,4,1,1,146.8,2652.86,18.07,San Juan del Río,Taller,27-ARN,Arneses,1335.52,4511,497,4014,9.08,Japón,QRO-SJR
6304,2023-10-21,2023-10-23,2023,10,6,2,0,0,73.6,837.25,11.38,El Marqués,Taller,99-ELE,Electrónica,1359.1,1089,262,827,4.16,Alemania,QRO-SLP
6305,2021-01-15,2021-01-19,2021,1,5,4,1,1,335,5479.6,16.36,Corregidora,Distribuidor,77-SUS,Suspensión,2408.66,2567,263,2304,9.76,China,QRO-SJR
6306,2026-05-01,2026-05-25,2026,5,5,24,1,21,56.2,842.92,15,Corregidora,Tier1,42-SUS,Suspensión,1516.88,2245,576,1669,3.9,USA,QRO-SLP
6307,2026-04-15,2026-04-17,2026,4,3,2,0,0,68.7,705.22,10.27,Querétaro,Planta,4-ARN,Arneses,1994.2,3537,743,2794,4.76,Alemania,QRO-MQZ
6308,2025-01-28,2025-02-02,2025,1,2,5,1,2,165.9,2882.67,17.38,Corregidora,Distribuidor,72-ELE,Electrónica,892.6,1623,479,1144,3.39,USA,QRO-SLP
6309,2025-06-18,2025-06-23,2025,6,3,5,1,2,211.7,3651.57,17.25,Corregidora,Distribuidor,60-ELE,Electrónica,1065.78,4715,596,4119,7.91,Japón,QRO-SJR
6310,2024-04-08,2024-04-16,2024,4,1,8,1,5,203.5,2734.02,13.43,El Marqués,Taller,15-SUS,Suspensión,3336.34,35,212,-177,0.17,México,QRO-SJR
6311,2024-07-27,2024-08-04,2024,7,6,8,1,5,29.6,510.8,17.26,San Juan del Río,Tier1,28-FRE,Frenos,2880.95,4135,830,3305,4.98,Alemania,QRO-CEL
6312,2026-05-11,2026-05-28,2026,5,1,17,1,11,129.4,2534.46,19.59,Querétaro,Planta,79-ELE,Electrónica,359.85,133,141,-8,0.94,Alemania,QRO-CEL
6313,2026-05-10,2026-05-29,2026,5,0,19,1,12,37.5,644.68,17.19,Querétaro,Taller,31-ELE,Electrónica,4149.51,2548,128,2420,19.91,USA,QRO-CEL
6314,2021-02-01,2021-02-08,2021,2,1,7,1,4,39,491.35,12.6,San Juan del Río,Tier1,42-ARN,Arneses,4312.83,3536,833,2703,4.24,Alemania,QRO-SJR
6315,2023-11-18,2023-11-24,2023,11,6,6,1,3,150.2,1928.18,12.84,El Marqués,Taller,62-ELE,Electrónica,4147.27,4050,501,3549,8.08,Alemania,QRO-CEL
6316,2021-12-19,2021-12-21,2021,12,0,2,0,0,349.9,5039.09,14.4,Celaya,Tier1,41-SEN,Sensores,4243.67,4515,377,4138,11.98,Alemania,QRO-CEL
6317,2024-10-28,2024-11-01,2024,10,1,4,1,1,75,1381.26,18.42,Celaya,Distribuidor,2-SUS,Suspensión,2244.37,1376,919,457,1.5,México,QRO-SLP
6318,2025-06-16,2025-06-17,2025,6,1,1,0,0,166.4,1910.9,11.48,San Luis Potosí,Planta,28-FRE,Frenos,2880.95,4135,830,3305,4.98,Alemania,QRO-CEL
6319,2026-05-01,2026-05-31,2026,5,5,30,1,21,96.3,1684.06,17.49,Celaya,Distribuidor,10-ELE,Electrónica,3951.78,1728,872,856,1.98,Alemania,QRO-MQZ
6320,2025-12-16,2025-12-19,2025,12,2,3,0,0,62.7,678.05,10.81,León,Planta,72-SEN,Sensores,2907.83,4310,751,3559,5.74,USA,QRO-SJR
6321,2026-05-06,2026-05-30,2026,5,3,24,1,16,341.4,4024.09,11.79,Celaya,Tier1,36-ARN,Arneses,142.04,4438,157,4281,28.27,USA,QRO-SJR
6322,2023-08-27,2023-09-04,2023,8,0,8,1,5,125.5,2036.6,16.23,Corregidora,Distribuidor,36-SUS,Suspensión,787.36,3511,115,3396,30.53,China,QRO-CEL
6323,2023-09-12,2023-09-19,2023,9,2,7,1,4,309.7,3143.47,10.15,León,Tier1,87-SEN,Sensores,1243.01,2731,878,1853,3.11,USA,QRO-SLP
6324,2026-03-28,2026-03-30,2026,3,6,2,0,0,329.6,6142.44,18.64,El Marqués,Tier1,20-FRE,Frenos,3362.99,3735,334,3401,11.18,Japón,QRO-CEL
6325,2022-11-03,2022-11-10,2022,11,4,7,1,4,271.6,2627.61,9.67,San Luis Potosí,Planta,17-SUS,Suspensión,2687.14,2633,740,1893,3.56,China,QRO-CEL
6326,2026-03-01,2026-03-05,2026,3,0,4,1,1,151.6,1569.4,10.35,León,Tier1,85-SUS,Suspensión,2247.84,2925,536,2389,5.46,USA,QRO-CEL
6327,2026-05-23,2026-05-26,2026,5,6,3,0,0,78.9,1286.49,16.31,El Marqués,Tier1,50-SUS,Suspensión,1449.41,272,798,-526,0.34,China,QRO-MQZ
6328,2023-10-17,2023-10-25,2023,10,2,8,1,5,24.1,417.16,17.31,León,Tier1,58-FRE,Frenos,4382.22,4184,377,3807,11.1,USA,QRO-SJR
6329,2025-03-14,2025-03-21,2025,3,5,7,1,4,318.5,5202.09,16.33,Corregidora,Planta,27-ELE,Electrónica,1768.11,2885,368,2517,7.84,México,QRO-SJR
6330,2021-11-22,2021-11-30,2021,11,1,8,1,5,186.2,1906.07,10.24,Corregidora,Distribuidor,54-SEN,Sensores,2229.64,971,924,47,1.05,USA,QRO-MQZ
6331,2024-06-04,2024-06-11,2024,6,2,7,1,4,279.8,5114.97,18.28,Corregidora,Distribuidor,13-FRE,Frenos,1618.96,1055,651,404,1.62,USA,QRO-MQZ
6332,2026-05-18,2026-05-25,2026,5,1,7,1,4,252.4,2234.38,8.85,Celaya,Distribuidor,100-SEN,Sensores,1884.18,1812,275,1537,6.59,USA,QRO-SLP
6333,2025-02-17,2025-02-18,2025,2,1,1,0,0,62.1,870.73,14.02,San Luis Potosí,Tier1,37-FRE,Frenos,4079.98,4495,915,3580,4.91,Japón,QRO-MQZ
6334,2025-08-04,2025-08-08,2025,8,1,4,1,1,210.6,2058.37,9.77,León,Tier1,1-SEN,Sensores,1859.2,2796,887,1909,3.15,USA,QRO-SJR
6335,2021-07-24,2021-07-31,2021,7,6,7,1,4,120,1043.27,8.69,San Luis Potosí,Planta,35-SUS,Suspensión,3998.45,2100,715,1385,2.94,USA,QRO-SLP
6336,2022-08-21,2022-08-24,2022,8,0,3,0,0,348.4,3844.47,11.03,Celaya,Planta,99-ELE,Electrónica,1359.1,1089,262,827,4.16,China,QRO-CEL
6337,2025-07-17,2025-07-23,2025,7,4,6,1,3,41.9,634.84,15.15,Celaya,Distribuidor,8-SEN,Sensores,4374.33,2187,777,1410,2.81,Japón,QRO-SLP
6338,2022-08-27,2022-08-31,2022,8,6,4,1,1,52.5,765.6,14.58,Corregidora,Distribuidor,89-ARN,Arneses,2647.36,4434,738,3696,6.01,Japón,QRO-MQZ
6339,2021-03-07,2021-03-10,2021,3,0,3,0,0,189.7,1750.9,9.23,Celaya,Planta,27-SEN,Sensores,2154.77,2124,891,1233,2.38,China,QRO-CEL
6340,2026-05-07,2026-05-25,2026,5,4,18,1,15,22.2,224.34,10.11,León,Tier1,45-ARN,Arneses,944.57,3020,180,2840,16.78,China,QRO-CEL
6341,2026-05-13,2026-05-26,2026,5,3,13,1,9,305.2,3465.6,11.36,León,Tier1,9-SEN,Sensores,3506.81,652,938,-286,0.7,China,QRO-CEL
6342,2022-10-10,2022-10-17,2022,10,1,7,1,4,327.7,5518.28,16.84,Corregidora,Planta,7-SEN,Sensores,2046.46,1410,596,814,2.37,México,QRO-SLP
6343,2026-05-13,2026-06-01,2026,5,3,19,1,9,79.2,696.24,8.79,San Luis Potosí,Distribuidor,84-FRE,Frenos,3127.21,853,327,526,2.61,México,QRO-SJR
6344,2024-11-11,2024-11-16,2024,11,1,5,1,2,61.6,917.58,14.9,Celaya,Distribuidor,75-SUS,Suspensión,269.17,1657,967,690,1.71,Japón,QRO-CEL
6345,2024-02-05,2024-02-07,2024,2,1,2,0,0,81.5,1368.73,16.79,San Luis Potosí,Distribuidor,94-ARN,Arneses,584.4,1245,705,540,1.77,USA,QRO-SJR
6346,2025-12-23,2025-12-31,2025,12,2,8,1,5,203.1,3596.77,17.71,San Juan del Río,Taller,66-SEN,Sensores,2796.85,2735,811,1924,3.37,China,QRO-SJR
6347,2026-05-18,2026-05-29,2026,5,1,11,1,4,288.6,3951.63,13.69,León,Tier1,43-FRE,Frenos,2378.13,401,657,-256,0.61,México,QRO-SJR
6348,2026-05-10,2026-05-30,2026,5,0,20,1,12,24.1,246.77,10.24,Corregidora,Distribuidor,93-FRE,Frenos,3588.35,4289,128,4161,33.51,USA,QRO-MQZ
6349,2026-05-08,2026-06-01,2026,5,5,24,1,14,199,3088.85,15.52,Querétaro,Tier1,82-FRE,Frenos,3559.78,1290,296,994,4.36,Japón,QRO-CEL
6350,2023-11-24,2023-11-26,2023,11,5,2,0,0,104.9,1636.29,15.6,Celaya,Planta,66-SEN,Sensores,2796.85,2735,811,1924,3.37,Japón,QRO-SJR
6351,2026-05-14,2026-05-30,2026,5,4,16,1,8,145.2,1610.02,11.09,Corregidora,Distribuidor,49-SUS,Suspensión,2456.79,4682,791,3891,5.92,Japón,QRO-MQZ
6352,2023-12-14,2023-12-15,2023,12,4,1,0,0,164.3,3001.24,18.27,León,Tier1,44-SUS,Suspensión,504.34,1272,969,303,1.31,Japón,QRO-SJR
6353,2025-03-15,2025-03-19,2025,3,6,4,1,1,142.5,2177.41,15.28,León,Taller,44-SEN,Sensores,4770.35,1824,337,1487,5.41,Japón,QRO-SJR
6354,2026-05-25,2026-05-29,2026,5,1,4,0,0,98.7,1935.47,19.61,Querétaro,Distribuidor,72-FRE,Frenos,2982.1,4614,609,4005,7.58,China,QRO-CEL
6355,2023-12-23,2023-12-30,2023,12,6,7,1,4,154,2273.52,14.76,El Marqués,Taller,12-ELE,Electrónica,2050.98,4806,509,4297,9.44,Japón,QRO-SLP
6356,2026-03-20,2026-03-26,2026,3,5,6,1,3,318.9,4810.23,15.08,El Marqués,Tier1,25-ARN,Arneses,3915.2,4208,808,3400,5.21,China,QRO-CEL
6357,2024-04-26,2024-04-28,2024,4,5,2,0,0,112.7,1252.99,11.12,San Luis Potosí,Taller,14-FRE,Frenos,3534.94,4023,455,3568,8.84,China,QRO-MQZ
6358,2026-05-01,2026-06-01,2026,5,5,31,1,21,220.9,1927.91,8.73,El Marqués,Tier1,46-SEN,Sensores,4891.28,2915,405,2510,7.2,Alemania,QRO-CEL
6359,2026-05-08,2026-05-30,2026,5,5,22,1,14,287.3,3738.9,13.01,San Juan del Río,Planta,66-ELE,Electrónica,1657.94,1756,172,1584,10.21,USA,QRO-MQZ
6360,2024-02-03,2024-02-09,2024,2,6,6,1,3,224.7,2649.07,11.79,Querétaro,Planta,51-ARN,Arneses,2205.11,3816,443,3373,8.61,China,QRO-CEL
6361,2022-08-14,2022-08-16,2022,8,0,2,0,0,220.7,2577.07,11.68,Celaya,Tier1,62-ELE,Electrónica,4147.27,4050,501,3549,8.08,China,QRO-MQZ
6362,2023-07-17,2023-07-23,2023,7,1,6,1,3,83,856.39,10.32,Celaya,Tier1,5-FRE,Frenos,3547.92,1323,978,345,1.35,Japón,QRO-SJR
6363,2026-05-02,2026-05-07,2026,5,6,5,1,2,67.7,755.24,11.16,Querétaro,Tier1,91-ELE,Electrónica,4015.73,261,463,-202,0.56,China,QRO-MQZ
6364,2024-02-18,2024-02-20,2024,2,0,2,0,0,76.5,763.55,9.98,San Juan del Río,Planta,59-ELE,Electrónica,3153.37,470,478,-8,0.98,China,QRO-SLP
6365,2025-06-24,2025-06-28,2025,6,2,4,1,1,174.9,1445.87,8.27,Celaya,Planta,33-ARN,Arneses,4073.72,1315,307,1008,4.28,Alemania,QRO-MQZ
6366,2025-09-18,2025-09-26,2025,9,4,8,1,5,314.9,4413.57,14.02,San Luis Potosí,Distribuidor,95-SEN,Sensores,3843.72,3856,664,3192,5.81,México,QRO-CEL
6367,2026-05-13,2026-05-28,2026,5,3,15,1,9,40.3,610.46,15.15,San Juan del Río,Planta,55-ELE,Electrónica,4107.15,2573,998,1575,2.58,Japón,QRO-SLP
6368,2023-10-28,2023-10-29,2023,10,6,1,0,0,96.1,1022.36,10.64,El Marqués,Tier1,24-SEN,Sensores,2113.06,4735,936,3799,5.06,Alemania,QRO-SLP
6369,2026-05-15,2026-05-28,2026,5,5,13,1,7,224.1,2023.74,9.03,Querétaro,Tier1,86-ELE,Electrónica,4667.98,3468,649,2819,5.34,USA,QRO-SLP
6370,2025-01-22,2025-01-24,2025,1,3,2,0,0,85.2,1692.78,19.87,San Luis Potosí,Tier1,36-SUS,Suspensión,787.36,3511,115,3396,30.53,México,QRO-CEL
6371,2024-09-16,2024-09-22,2024,9,1,6,1,3,73.1,668.22,9.14,León,Planta,35-SUS,Suspensión,3998.45,2100,715,1385,2.94,China,QRO-SJR
6372,2026-05-10,2026-05-25,2026,5,0,15,1,12,42.7,668.25,15.65,Querétaro,Tier1,9-ARN,Arneses,1971.31,2328,930,1398,2.5,Japón,QRO-CEL
6373,2021-04-22,2021-04-25,2021,4,4,3,0,0,311.3,4160.72,13.37,Querétaro,Taller,85-ARN,Arneses,182.43,4967,727,4240,6.83,México,QRO-MQZ
6374,2026-04-18,2026-04-21,2026,4,6,3,0,0,323.1,3428.91,10.61,Celaya,Planta,79-SEN,Sensores,3466.99,835,695,140,1.2,Alemania,QRO-CEL
6375,2026-05-15,2026-05-25,2026,5,5,10,1,7,127.2,1896.35,14.91,León,Planta,91-FRE,Frenos,4291.8,4493,112,4381,40.12,Japón,QRO-SJR
6376,2025-03-02,2025-03-08,2025,3,0,6,1,3,253.7,4801.88,18.93,San Luis Potosí,Tier1,89-FRE,Frenos,3217.84,688,519,169,1.33,China,QRO-SJR
6377,2024-10-07,2024-10-09,2024,10,1,2,0,0,259.9,3665.96,14.11,Corregidora,Planta,19-SUS,Suspensión,4085.71,2770,814,1956,3.4,USA,QRO-MQZ
6378,2025-02-28,2025-03-04,2025,2,5,4,1,1,219.4,3788.45,17.27,El Marqués,Tier1,4-SUS,Suspensión,4325.44,2289,793,1496,2.89,China,QRO-SLP
6379,2021-06-10,2021-06-14,2021,6,4,4,1,1,122.8,1330.78,10.84,San Juan del Río,Planta,98-SUS,Suspensión,1541.04,2575,226,2349,11.39,China,QRO-SJR
6380,2021-09-07,2021-09-13,2021,9,2,6,1,3,57.1,573.82,10.05,León,Tier1,19-SUS,Suspensión,4085.71,2770,814,1956,3.4,Japón,QRO-CEL
6381,2024-07-23,2024-07-30,2024,7,2,7,1,4,258,4999.14,19.38,Querétaro,Distribuidor,91-SUS,Suspensión,3680.26,3837,791,3046,4.85,México,QRO-CEL
6382,2021-06-27,2021-07-03,2021,6,0,6,1,3,48,756,15.75,Querétaro,Distribuidor,33-SUS,Suspensión,3309.06,3967,660,3307,6.01,USA,QRO-CEL
6383,2026-05-17,2026-05-30,2026,5,0,13,1,5,274.3,2855.16,10.41,León,Tier1,30-SEN,Sensores,3410.75,196,590,-394,0.33,Japón,QRO-SLP
6384,2023-08-17,2023-08-25,2023,8,4,8,1,5,194.9,2526.38,12.96,Corregidora,Distribuidor,80-SUS,Suspensión,3018.8,2364,799,1565,2.96,Alemania,QRO-CEL
6385,2025-06-04,2025-06-11,2025,6,3,7,1,4,119.5,1631.61,13.65,Corregidora,Distribuidor,89-ARN,Arneses,2647.36,4434,738,3696,6.01,México,QRO-MQZ
6386,2023-12-15,2023-12-17,2023,12,5,2,0,0,14.9,283.14,19,Querétaro,Distribuidor,30-ARN,Arneses,1865.58,2831,105,2726,26.96,USA,QRO-CEL
6387,2023-02-23,2023-03-02,2023,2,4,7,1,4,38.4,493.51,12.85,León,Tier1,4-ELE,Electrónica,1583.34,802,919,-117,0.87,USA,QRO-SJR
6388,2026-05-18,2026-05-30,2026,5,1,12,1,4,118.2,2131.16,18.03,Corregidora,Planta,16-SUS,Suspensión,2880.89,356,123,233,2.89,USA,QRO-SJR
6389,2022-10-01,2022-10-02,2022,10,6,1,0,0,122.2,2089.52,17.1,San Luis Potosí,Distribuidor,94-SUS,Suspensión,345.62,2291,202,2089,11.34,Japón,QRO-SLP
6390,2024-02-07,2024-02-08,2024,2,3,1,0,0,164.9,2877.75,17.45,El Marqués,Tier1,55-ARN,Arneses,3941.75,4751,961,3790,4.94,USA,QRO-MQZ
6391,2026-02-20,2026-02-26,2026,2,5,6,1,3,94.6,1752.73,18.53,El Marqués,Taller,19-ELE,Electrónica,3029.39,2447,372,2075,6.58,México,QRO-CEL
6392,2025-03-22,2025-03-30,2025,3,6,8,1,5,98.4,1967.8,20,San Luis Potosí,Tier1,13-ARN,Arneses,1454.25,4822,879,3943,5.49,USA,QRO-MQZ
6393,2026-05-01,2026-05-07,2026,5,5,6,1,3,14.4,127.95,8.89,San Luis Potosí,Tier1,28-ELE,Electrónica,4684.29,2156,661,1495,3.26,Japón,QRO-CEL
6394,2024-08-21,2024-08-22,2024,8,3,1,0,0,26.6,215.35,8.1,León,Taller,90-FRE,Frenos,2310.29,1160,815,345,1.42,USA,QRO-MQZ
6395,2026-05-20,2026-05-30,2026,5,3,10,1,2,298,3238.38,10.87,Corregidora,Distribuidor,39-FRE,Frenos,1372.38,2726,706,2020,3.86,China,QRO-MQZ
6396,2026-05-17,2026-05-29,2026,5,0,12,1,5,76.7,1097.66,14.31,Querétaro,Distribuidor,28-SEN,Sensores,1818.54,4432,701,3731,6.32,USA,QRO-SJR
6397,2022-03-08,2022-03-09,2022,3,2,1,0,0,84.6,917.98,10.85,El Marqués,Taller,12-FRE,Frenos,2256.16,1344,843,501,1.59,Japón,QRO-MQZ
6398,2024-11-18,2024-11-21,2024,11,1,3,0,0,344.2,5413.09,15.73,San Luis Potosí,Tier1,90-SEN,Sensores,2337.67,4635,431,4204,10.75,USA,QRO-SLP
6399,2026-05-11,2026-05-29,2026,5,1,18,1,11,294.1,3232.29,10.99,Querétaro,Tier1,92-SEN,Sensores,4469.2,3130,154,2976,20.32,Japón,QRO-SJR
6400,2025-07-06,2025-07-12,2025,7,0,6,1,3,91.6,970,10.59,San Luis Potosí,Tier1,48-ELE,Electrónica,2929.89,2314,767,1547,3.02,USA,QRO-SLP
6401,2026-05-23,2026-06-01,2026,5,6,9,0,0,223.8,2275.17,10.17,Querétaro,Tier1,20-ELE,Electrónica,4578.72,3498,121,3377,28.91,USA,QRO-SLP
6402,2025-07-27,2025-07-28,2025,7,0,1,0,0,162.7,3213.32,19.75,Celaya,Tier1,33-SEN,Sensores,4299.55,4446,746,3700,5.96,Japón,QRO-CEL
6403,2026-05-23,2026-06-02,2026,5,6,10,0,0,110.9,2002.42,18.06,León,Tier1,29-SEN,Sensores,3933.04,3258,672,2586,4.85,China,QRO-SLP
6404,2026-01-10,2026-01-14,2026,1,6,4,1,1,174.6,2346.59,13.44,San Juan del Río,Planta,6-ELE,Electrónica,1689.54,135,497,-362,0.27,Alemania,QRO-SLP
6405,2026-05-05,2026-06-01,2026,5,2,27,1,17,320.3,3697.71,11.54,Corregidora,Distribuidor,67-ARN,Arneses,250.33,2392,600,1792,3.99,USA,QRO-SJR
6406,2021-02-26,2021-03-03,2021,2,5,5,1,2,85.3,1467.83,17.21,León,Planta,68-SUS,Suspensión,4427.01,2107,162,1945,13.01,China,QRO-CEL
6407,2024-02-01,2024-02-04,2024,2,4,3,0,0,270.5,2619.7,9.68,Querétaro,Planta,49-FRE,Frenos,163.61,2823,238,2585,11.86,Japón,QRO-SLP
6408,2026-03-30,2026-04-06,2026,3,1,7,1,4,231.7,2577.24,11.12,San Luis Potosí,Tier1,43-SUS,Suspensión,2851.8,2949,285,2664,10.35,México,QRO-CEL
6409,2026-05-02,2026-05-31,2026,5,6,29,1,20,286.5,2825.47,9.86,Celaya,Distribuidor,68-ARN,Arneses,4667.59,2569,343,2226,7.49,USA,QRO-MQZ
6410,2025-09-28,2025-10-01,2025,9,0,3,0,0,64.2,819.95,12.77,San Juan del Río,Tier1,47-SUS,Suspensión,1103.8,4418,319,4099,13.85,USA,QRO-CEL
6411,2024-04-03,2024-04-07,2024,4,3,4,1,1,122.2,1268.21,10.38,León,Tier1,4-ELE,Electrónica,1583.34,802,919,-117,0.87,China,QRO-SJR
6412,2026-05-04,2026-05-28,2026,5,1,24,1,18,334.5,5275.81,15.77,Querétaro,Tier1,8-SEN,Sensores,4374.33,2187,777,1410,2.81,USA,QRO-MQZ
6413,2026-05-18,2026-05-26,2026,5,1,8,1,4,295.7,4973.35,16.82,León,Tier1,45-FRE,Frenos,1728.34,1258,154,1104,8.17,Alemania,QRO-SLP
6414,2023-12-10,2023-12-11,2023,12,0,1,0,0,179.4,2914.17,16.24,Celaya,Distribuidor,44-SEN,Sensores,4770.35,1824,337,1487,5.41,Alemania,QRO-MQZ
6415,2026-01-23,2026-01-29,2026,1,5,6,1,3,194.3,2215.64,11.4,San Luis Potosí,Planta,33-ARN,Arneses,4073.72,1315,307,1008,4.28,USA,QRO-CEL
6416,2026-05-02,2026-05-26,2026,5,6,24,1,20,91.7,1383.54,15.09,Corregidora,Distribuidor,9-SUS,Suspensión,3312.62,269,343,-74,0.78,USA,QRO-MQZ
6417,2021-11-26,2021-11-30,2021,11,5,4,1,1,230.7,2477.21,10.74,León,Planta,64-SEN,Sensores,4961.2,4001,258,3743,15.51,México,QRO-SJR
6418,2026-05-04,2026-05-30,2026,5,1,26,1,18,130.8,1402.44,10.72,Celaya,Distribuidor,48-ARN,Arneses,4531.54,4813,716,4097,6.72,Alemania,QRO-SJR
6419,2026-05-25,2026-06-02,2026,5,1,8,0,0,209.5,2244.1,10.71,San Luis Potosí,Planta,98-SEN,Sensores,2084.79,1561,258,1303,6.05,USA,QRO-SJR
6420,2022-03-14,2022-03-21,2022,3,1,7,1,4,331.9,4071.1,12.27,San Juan del Río,Planta,17-ARN,Arneses,1311.09,4802,363,4439,13.23,Alemania,QRO-CEL
6421,2023-09-27,2023-09-28,2023,9,3,1,0,0,29.9,448.12,14.99,Querétaro,Distribuidor,32-SUS,Suspensión,4111.1,4658,655,4003,7.11,China,QRO-SLP
6422,2022-05-18,2022-05-26,2022,5,3,8,1,5,215.3,2830.47,13.15,San Luis Potosí,Planta,97-ELE,Electrónica,2011.22,862,727,135,1.19,China,QRO-CEL
6423,2026-05-11,2026-05-25,2026,5,1,14,1,11,312.1,5330.49,17.08,León,Taller,81-SUS,Suspensión,2394.84,4181,399,3782,10.48,Alemania,QRO-SLP
6424,2026-05-16,2026-05-30,2026,5,6,14,1,6,130.1,2536.78,19.5,León,Tier1,13-ARN,Arneses,1454.25,4822,879,3943,5.49,USA,QRO-SLP
6425,2026-05-22,2026-05-31,2026,5,5,9,0,0,279.7,5086.03,18.18,San Juan del Río,Taller,97-ELE,Electrónica,2011.22,862,727,135,1.19,Alemania,QRO-MQZ
6426,2021-12-30,2022-01-03,2021,12,4,4,1,1,28.4,228.6,8.05,Celaya,Distribuidor,23-SEN,Sensores,1056.26,3445,649,2796,5.31,Alemania,QRO-SJR
6427,2021-08-24,2021-09-01,2021,8,2,8,1,5,74.7,858.15,11.49,El Marqués,Planta,40-SUS,Suspensión,1400.65,52,574,-522,0.09,Alemania,QRO-CEL
6428,2026-05-22,2026-05-30,2026,5,5,8,0,0,288.5,5369.43,18.61,San Luis Potosí,Planta,87-SUS,Suspensión,2152.64,3435,242,3193,14.19,USA,QRO-MQZ
6429,2022-05-04,2022-05-12,2022,5,3,8,1,5,314.4,3170.07,10.08,El Marqués,Taller,97-SUS,Suspensión,3611.27,2315,112,2203,20.67,China,QRO-SJR
6430,2026-05-12,2026-05-29,2026,5,2,17,1,10,127.4,1159.6,9.1,Celaya,Tier1,54-FRE,Frenos,2428.99,2196,677,1519,3.24,Alemania,QRO-MQZ
6431,2026-05-25,2026-06-03,2026,5,1,9,0,0,262.7,3563.12,13.56,Querétaro,Planta,43-SUS,Suspensión,2851.8,2949,285,2664,10.35,USA,QRO-CEL
6432,2025-06-20,2025-06-23,2025,6,5,3,0,0,76.3,911.63,11.95,Celaya,Distribuidor,36-SUS,Suspensión,787.36,3511,115,3396,30.53,Japón,QRO-MQZ
6433,2025-11-21,2025-11-23,2025,11,5,2,0,0,308.9,4695.28,15.2,Corregidora,Distribuidor,70-SEN,Sensores,1991.74,2888,241,2647,11.98,USA,QRO-SLP
6434,2026-05-10,2026-06-01,2026,5,0,22,1,12,145.6,1985.56,13.64,León,Tier1,82-SEN,Sensores,1389.69,82,257,-175,0.32,Japón,QRO-SJR
6435,2022-08-22,2022-08-30,2022,8,1,8,1,5,194.4,3824.58,19.67,Querétaro,Distribuidor,6-ARN,Arneses,1073.65,2312,666,1646,3.47,Alemania,QRO-SJR
6436,2025-02-25,2025-03-03,2025,2,2,6,1,3,274.2,4965.79,18.11,Querétaro,Tier1,20-ELE,Electrónica,4578.72,3498,121,3377,28.91,Alemania,QRO-SLP
6437,2023-03-27,2023-04-03,2023,3,1,7,1,4,104.6,1711.75,16.36,Corregidora,Distribuidor,84-SUS,Suspensión,3111.43,4098,547,3551,7.49,USA,QRO-MQZ
6438,2021-04-25,2021-05-02,2021,4,0,7,1,4,74,1271.29,17.18,Querétaro,Tier1,90-SEN,Sensores,2337.67,4635,431,4204,10.75,Alemania,QRO-SJR
6439,2021-09-28,2021-10-05,2021,9,2,7,1,4,88.3,1222.81,13.85,Querétaro,Planta,20-ELE,Electrónica,4578.72,3498,121,3377,28.91,USA,QRO-SLP
6440,2026-05-11,2026-05-31,2026,5,1,20,1,11,49.2,854.72,17.37,Corregidora,Distribuidor,4-ARN,Arneses,1994.2,3537,743,2794,4.76,Japón,QRO-SJR
6441,2026-05-21,2026-05-22,2026,5,4,1,0,0,200.4,3151.58,15.73,El Marqués,Tier1,83-FRE,Frenos,4864.67,2926,560,2366,5.22,Alemania,QRO-CEL
6442,2024-07-14,2024-07-16,2024,7,0,2,0,0,207,1872.06,9.04,León,Tier1,95-SEN,Sensores,3843.72,3856,664,3192,5.81,México,QRO-CEL
6443,2026-05-19,2026-05-25,2026,5,2,6,1,3,241.4,2169.58,8.99,Corregidora,Distribuidor,51-SEN,Sensores,3785.32,2882,317,2565,9.09,México,QRO-CEL
6444,2025-03-15,2025-03-19,2025,3,6,4,1,1,120.9,1977.71,16.36,El Marqués,Taller,21-SUS,Suspensión,3922.67,482,217,265,2.22,Alemania,QRO-MQZ
6445,2025-04-26,2025-04-27,2025,4,6,1,0,0,85.4,962.74,11.27,El Marqués,Distribuidor,58-SUS,Suspensión,1458.38,4972,879,4093,5.66,USA,QRO-MQZ
6446,2025-08-09,2025-08-14,2025,8,6,5,1,2,213.9,1794.43,8.39,San Luis Potosí,Tier1,91-ARN,Arneses,3259.69,1994,705,1289,2.83,USA,QRO-CEL
6447,2021-08-04,2021-08-12,2021,8,3,8,1,5,266.6,2849.07,10.69,Querétaro,Tier1,84-ELE,Electrónica,4956.47,3359,709,2650,4.74,USA,QRO-CEL
6448,2022-06-04,2022-06-12,2022,6,6,8,1,5,63.1,638.18,10.11,Celaya,Planta,27-ARN,Arneses,1335.52,4511,497,4014,9.08,Japón,QRO-MQZ
6449,2022-06-27,2022-07-03,2022,6,1,6,1,3,126.8,2431.88,19.18,San Juan del Río,Taller,48-SUS,Suspensión,3762.52,1609,412,1197,3.91,Alemania,QRO-SLP
6450,2023-08-20,2023-08-27,2023,8,0,7,1,4,346.2,4222.33,12.2,San Juan del Río,Planta,47-FRE,Frenos,1952.37,1312,523,789,2.51,USA,QRO-CEL
6451,2021-05-18,2021-05-26,2021,5,2,8,1,5,325.2,3082.69,9.48,San Juan del Río,Planta,31-FRE,Frenos,259.79,2493,478,2015,5.22,China,QRO-SJR
6452,2022-07-29,2022-08-02,2022,7,5,4,1,1,73.1,1330.34,18.2,El Marqués,Planta,95-SEN,Sensores,3843.72,3856,664,3192,5.81,Japón,QRO-SLP
6453,2022-01-06,2022-01-12,2022,1,4,6,1,3,45,377.12,8.38,San Juan del Río,Tier1,55-ARN,Arneses,3941.75,4751,961,3790,4.94,Alemania,QRO-SLP
6454,2025-09-02,2025-09-03,2025,9,2,1,0,0,318,5783.38,18.19,San Juan del Río,Tier1,98-SUS,Suspensión,1541.04,2575,226,2349,11.39,Japón,QRO-SJR
6455,2026-05-08,2026-05-28,2026,5,5,20,1,14,295.9,5439.02,18.38,San Juan del Río,Taller,28-SEN,Sensores,1818.54,4432,701,3731,6.32,Alemania,QRO-MQZ
6456,2022-07-09,2022-07-13,2022,7,6,4,1,1,126.5,1778.39,14.06,León,Taller,48-ELE,Electrónica,2929.89,2314,767,1547,3.02,China,QRO-CEL
6457,2026-05-19,2026-05-29,2026,5,2,10,1,3,175,1645.35,9.4,Querétaro,Tier1,86-SEN,Sensores,2869.97,158,622,-464,0.25,China,QRO-SJR
6458,2021-10-14,2021-10-15,2021,10,4,1,0,0,198.4,3505.52,17.67,El Marqués,Taller,68-ELE,Electrónica,428.16,3609,688,2921,5.25,Alemania,QRO-MQZ
6459,2026-05-23,2026-06-04,2026,5,6,12,0,0,161.9,2787.01,17.21,San Juan del Río,Planta,4-ARN,Arneses,1994.2,3537,743,2794,4.76,China,QRO-SLP
6460,2025-10-28,2025-11-02,2025,10,2,5,1,2,93.7,1310.56,13.99,Celaya,Distribuidor,32-SEN,Sensores,1196.78,3120,728,2392,4.29,USA,QRO-MQZ
6461,2024-10-30,2024-10-31,2024,10,3,1,0,0,223.9,3159.42,14.11,Querétaro,Distribuidor,9-SEN,Sensores,3506.81,652,938,-286,0.7,Alemania,QRO-MQZ
6462,2024-10-21,2024-10-29,2024,10,1,8,1,5,331.1,4125.61,12.46,San Juan del Río,Tier1,65-ELE,Electrónica,4175.41,3316,875,2441,3.79,Japón,QRO-CEL
6463,2022-05-24,2022-05-29,2022,5,2,5,1,2,299.3,4293.91,14.35,San Juan del Río,Taller,82-SEN,Sensores,1389.69,82,257,-175,0.32,México,QRO-SLP
6464,2022-12-11,2022-12-17,2022,12,0,6,1,3,63.9,586.37,9.18,León,Tier1,65-FRE,Frenos,3031.57,2001,416,1585,4.81,USA,QRO-CEL
6465,2021-08-08,2021-08-12,2021,8,0,4,1,1,252.7,2255.28,8.92,León,Planta,16-ELE,Electrónica,316.27,2849,664,2185,4.29,Alemania,QRO-SLP
6466,2026-05-13,2026-05-28,2026,5,3,15,1,9,335.3,5256.29,15.68,El Marqués,Tier1,50-SUS,Suspensión,1449.41,272,798,-526,0.34,Alemania,QRO-MQZ
6467,2023-03-16,2023-03-24,2023,3,4,8,1,5,109.9,1691.43,15.39,El Marqués,Taller,93-ELE,Electrónica,3454.32,4964,773,4191,6.42,México,QRO-MQZ
6468,2023-11-28,2023-12-03,2023,11,2,5,1,2,319.8,5250.13,16.42,León,Taller,53-SEN,Sensores,2001.95,4699,843,3856,5.57,Alemania,QRO-MQZ
6469,2026-05-23,2026-05-26,2026,5,6,3,0,0,254,5016.03,19.75,León,Tier1,6-SEN,Sensores,1099.61,3877,502,3375,7.72,USA,QRO-SLP
6470,2023-03-05,2023-03-10,2023,3,0,5,1,2,170.2,1623.63,9.54,El Marqués,Taller,71-ARN,Arneses,4201.41,2624,106,2518,24.75,China,QRO-SJR
6471,2021-12-02,2021-12-03,2021,12,4,1,0,0,337.6,4746.39,14.06,San Juan del Río,Planta,42-ELE,Electrónica,3324.88,3038,963,2075,3.15,Alemania,QRO-CEL
6472,2026-05-05,2026-05-25,2026,5,2,20,1,17,259.9,4762.26,18.32,Querétaro,Tier1,61-SUS,Suspensión,1710.59,631,965,-334,0.65,China,QRO-CEL
6473,2026-05-23,2026-06-02,2026,5,6,10,0,0,287.2,3603.04,12.55,Celaya,Taller,77-FRE,Frenos,1286.73,3721,625,3096,5.95,USA,QRO-MQZ
6474,2026-05-02,2026-05-29,2026,5,6,27,1,20,251.5,2097.32,8.34,El Marqués,Taller,73-ARN,Arneses,3687.85,3796,460,3336,8.25,China,QRO-MQZ
6475,2025-11-06,2025-11-12,2025,11,4,6,1,3,348.7,5713.74,16.39,San Juan del Río,Planta,11-FRE,Frenos,495.05,2683,151,2532,17.77,Alemania,QRO-CEL
6476,2024-08-05,2024-08-09,2024,8,1,4,1,1,203.5,3013.71,14.81,León,Tier1,85-FRE,Frenos,2849.37,4143,705,3438,5.88,México,QRO-CEL
6477,2026-05-12,2026-05-25,2026,5,2,13,1,10,321.6,6242.16,19.41,León,Planta,88-SUS,Suspensión,1941.02,3880,832,3048,4.66,China,QRO-SJR
6478,2023-08-17,2023-08-22,2023,8,4,5,1,2,13,167.62,12.89,Corregidora,Distribuidor,90-SUS,Suspensión,679.84,1842,357,1485,5.16,USA,QRO-CEL
6479,2026-05-13,2026-06-01,2026,5,3,19,1,9,241.8,3681.54,15.23,Corregidora,Planta,32-ARN,Arneses,1534.06,183,367,-184,0.5,Alemania,QRO-CEL
6480,2025-09-24,2025-09-26,2025,9,3,2,0,0,80.6,1518.49,18.84,Querétaro,Planta,40-FRE,Frenos,351,1572,317,1255,4.96,México,QRO-SLP
6481,2026-05-03,2026-05-27,2026,5,0,24,1,19,71.5,600.07,8.39,San Luis Potosí,Tier1,25-ELE,Electrónica,1552.43,1189,817,372,1.46,Alemania,QRO-CEL
6482,2024-11-08,2024-11-09,2024,11,5,1,0,0,157,1665.44,10.61,Querétaro,Tier1,43-ARN,Arneses,913.85,1716,755,961,2.27,México,QRO-SLP
6483,2026-05-22,2026-06-01,2026,5,5,10,0,0,27.7,368.45,13.3,Corregidora,Distribuidor,84-ELE,Electrónica,4956.47,3359,709,2650,4.74,Japón,QRO-CEL
6484,2026-05-05,2026-05-31,2026,5,2,26,1,17,218,1744.46,8,Corregidora,Distribuidor,91-SEN,Sensores,4666.99,2159,152,2007,14.2,México,QRO-SJR
6485,2026-05-18,2026-05-26,2026,5,1,8,1,4,281.6,4958.14,17.61,San Luis Potosí,Tier1,15-ARN,Arneses,2004.45,403,614,-211,0.66,México,QRO-SLP
6486,2022-04-07,2022-04-13,2022,4,4,6,1,3,248.5,2566.7,10.33,Corregidora,Planta,74-SEN,Sensores,3564.35,956,699,257,1.37,Alemania,QRO-SJR
6487,2024-12-20,2024-12-28,2024,12,5,8,1,5,231.1,3488.42,15.09,El Marqués,Taller,14-ARN,Arneses,4946.12,2364,110,2254,21.49,China,QRO-MQZ
6488,2026-05-19,2026-05-25,2026,5,2,6,1,3,16,291.3,18.21,Corregidora,Tier1,23-SUS,Suspensión,3508.58,2134,799,1335,2.67,Alemania,QRO-CEL
6489,2024-03-23,2024-03-29,2024,3,6,6,1,3,295.8,5485.03,18.54,Corregidora,Distribuidor,92-SEN,Sensores,4469.2,3130,154,2976,20.32,China,QRO-SJR
6490,2024-11-16,2024-11-20,2024,11,6,4,1,1,49.9,534.71,10.72,San Juan del Río,Planta,76-ARN,Arneses,690.12,2510,973,1537,2.58,USA,QRO-SLP
6491,2022-05-05,2022-05-10,2022,5,4,5,1,2,106.9,2032.16,19.01,Celaya,Distribuidor,100-SUS,Suspensión,4542.37,1415,190,1225,7.45,China,QRO-SJR
6492,2022-04-18,2022-04-22,2022,4,1,4,1,1,282.3,3533.99,12.52,Celaya,Distribuidor,58-FRE,Frenos,4382.22,4184,377,3807,11.1,Japón,QRO-MQZ
6493,2024-03-19,2024-03-23,2024,3,2,4,1,1,301.4,2958.41,9.82,San Luis Potosí,Tier1,24-ELE,Electrónica,4055.81,2955,652,2303,4.53,Alemania,QRO-SJR
6494,2024-08-04,2024-08-09,2024,8,0,5,1,2,78.7,960.72,12.21,San Luis Potosí,Distribuidor,90-ARN,Arneses,2855.44,3929,856,3073,4.59,México,QRO-SLP
6495,2022-04-05,2022-04-07,2022,4,2,2,0,0,257.2,2578.65,10.03,Celaya,Distribuidor,43-SUS,Suspensión,2851.8,2949,285,2664,10.35,USA,QRO-SLP
6496,2026-05-13,2026-05-26,2026,5,3,13,1,9,43,680.14,15.82,San Juan del Río,Taller,33-ARN,Arneses,4073.72,1315,307,1008,4.28,China,QRO-SJR
6497,2026-05-09,2026-05-28,2026,5,6,19,1,13,30.3,447.87,14.78,Querétaro,Planta,92-ARN,Arneses,287.69,1288,902,386,1.43,China,QRO-SLP
6498,2026-05-10,2026-05-31,2026,5,0,21,1,12,145.2,2626.38,18.09,León,Tier1,72-SEN,Sensores,2907.83,4310,751,3559,5.74,China,QRO-CEL
6499,2023-12-28,2024-01-03,2023,12,4,6,1,3,257.1,2809.68,10.93,El Marqués,Tier1,59-SEN,Sensores,627.84,3969,671,3298,5.92,Alemania,QRO-MQZ
6500,2026-05-25,2026-06-01,2026,5,1,7,0,0,333.6,2950.94,8.85,Corregidora,Taller,100-ARN,Arneses,1116.73,659,716,-57,0.92,China,QRO-SJR
6501,2026-05-11,2026-05-18,2026,5,1,7,1,4,137.3,2692.54,19.61,Corregidora,Distribuidor,32-ELE,Electrónica,2499.14,1034,842,192,1.23,China,QRO-MQZ
6502,2021-10-03,2021-10-08,2021,10,0,5,1,2,307.1,3156.14,10.28,San Luis Potosí,Tier1,39-SUS,Suspensión,3757.25,1049,806,243,1.3,China,QRO-SLP
6503,2026-05-11,2026-05-25,2026,5,1,14,1,11,305.5,3045.38,9.97,León,Planta,29-SEN,Sensores,3933.04,3258,672,2586,4.85,México,QRO-SJR
6504,2023-09-28,2023-10-05,2023,9,4,7,1,4,161.3,1749.68,10.85,León,Tier1,77-FRE,Frenos,1286.73,3721,625,3096,5.95,USA,QRO-MQZ
6505,2026-05-04,2026-05-26,2026,5,1,22,1,18,328.1,4307.72,13.13,Celaya,Distribuidor,23-FRE,Frenos,3759.37,4902,886,4016,5.53,USA,QRO-MQZ
6506,2023-10-13,2023-10-15,2023,10,5,2,0,0,280,5178.98,18.5,Querétaro,Planta,72-ARN,Arneses,3783.02,2196,705,1491,3.11,Alemania,QRO-CEL
6507,2026-05-24,2026-05-30,2026,5,0,6,0,0,215.5,2901.65,13.46,León,Planta,9-ELE,Electrónica,3081.81,4325,472,3853,9.16,China,QRO-SLP
6508,2021-10-21,2021-10-28,2021,10,4,7,1,4,157.9,1809.93,11.46,Querétaro,Tier1,52-SEN,Sensores,2701.62,2240,729,1511,3.07,Alemania,QRO-MQZ
6509,2021-12-16,2021-12-17,2021,12,4,1,0,0,217.2,2655.29,12.23,León,Tier1,84-FRE,Frenos,3127.21,853,327,526,2.61,China,QRO-SLP
6510,2023-02-27,2023-02-28,2023,2,1,1,0,0,69,1047.21,15.18,Celaya,Taller,69-ARN,Arneses,2131.09,4430,982,3448,4.51,China,QRO-SLP
6511,2026-05-04,2026-06-01,2026,5,1,28,1,18,231.3,4205.17,18.18,San Luis Potosí,Tier1,95-SUS,Suspensión,1566.72,4477,675,3802,6.63,China,QRO-CEL
6512,2026-05-09,2026-05-29,2026,5,6,20,1,13,261.9,3460.92,13.21,San Juan del Río,Tier1,86-ARN,Arneses,2813.21,4833,175,4658,27.62,Japón,QRO-MQZ
6513,2026-05-19,2026-05-26,2026,5,2,7,1,3,213.7,3510.57,16.43,Querétaro,Distribuidor,45-SEN,Sensores,754.06,1135,113,1022,10.04,Japón,QRO-SLP
6514,2026-05-07,2026-05-26,2026,5,4,19,1,15,219.5,3220.62,14.67,San Luis Potosí,Planta,27-SEN,Sensores,2154.77,2124,891,1233,2.38,USA,QRO-CEL
6515,2026-05-22,2026-06-02,2026,5,5,11,0,0,101.1,1558.37,15.41,San Luis Potosí,Taller,26-SUS,Suspensión,4121.98,3676,530,3146,6.94,China,QRO-MQZ
6516,2026-05-09,2026-06-01,2026,5,6,23,1,13,210.3,2697.41,12.83,Corregidora,Planta,32-SEN,Sensores,1196.78,3120,728,2392,4.29,USA,QRO-SJR
6517,2026-05-13,2026-05-28,2026,5,3,15,1,9,335.4,5799.6,17.29,Querétaro,Tier1,83-SEN,Sensores,3044.98,1762,882,880,2,China,QRO-CEL
6518,2026-05-01,2026-05-29,2026,5,5,28,1,21,228.2,3791.86,16.62,Celaya,Planta,79-FRE,Frenos,2622.75,2367,816,1551,2.9,China,QRO-CEL
6519,2024-07-31,2024-08-06,2024,7,3,6,1,3,24.9,448.02,17.99,León,Tier1,95-ELE,Electrónica,4863.69,3953,627,3326,6.3,USA,QRO-MQZ
6520,2026-03-28,2026-04-04,2026,3,6,7,1,4,317.8,3633.76,11.43,Querétaro,Distribuidor,95-SUS,Suspensión,1566.72,4477,675,3802,6.63,USA,QRO-SJR
6521,2022-05-29,2022-06-06,2022,5,0,8,1,5,55.5,462.06,8.33,Corregidora,Planta,50-ELE,Electrónica,3253.74,3790,410,3380,9.24,USA,QRO-MQZ
6522,2025-11-28,2025-12-03,2025,11,5,5,1,2,102,891.11,8.74,San Juan del Río,Tier1,81-SUS,Suspensión,2394.84,4181,399,3782,10.48,México,QRO-SLP
6523,2026-05-08,2026-05-29,2026,5,5,21,1,14,210.6,1786.13,8.48,San Juan del Río,Taller,23-ARN,Arneses,856.04,2511,134,2377,18.74,China,QRO-MQZ
6524,2024-04-08,2024-04-12,2024,4,1,4,1,1,80.3,1251.16,15.58,Querétaro,Tier1,65-ARN,Arneses,844,2641,720,1921,3.67,México,QRO-SLP
6525,2025-02-03,2025-02-10,2025,2,1,7,1,4,235,4513.6,19.21,El Marqués,Tier1,88-SUS,Suspensión,1941.02,3880,832,3048,4.66,Alemania,QRO-CEL
6526,2026-05-20,2026-05-27,2026,5,3,7,1,2,97.9,846.48,8.65,Querétaro,Planta,71-ARN,Arneses,4201.41,2624,106,2518,24.75,Alemania,QRO-SJR
6527,2021-03-23,2021-03-27,2021,3,2,4,1,1,242.5,2578.18,10.63,León,Tier1,69-SEN,Sensores,2210.85,4509,513,3996,8.79,China,QRO-CEL
6528,2026-05-22,2026-05-29,2026,5,5,7,0,0,243.3,2444.7,10.05,Querétaro,Tier1,18-ARN,Arneses,3932.93,125,138,-13,0.91,Alemania,QRO-SLP
6529,2021-03-16,2021-03-17,2021,3,2,1,0,0,22.8,203.72,8.94,Corregidora,Distribuidor,47-ARN,Arneses,1524.78,2381,707,1674,3.37,USA,QRO-CEL
6530,2026-05-21,2026-05-26,2026,5,4,5,1,1,29.6,557.26,18.83,El Marqués,Taller,85-FRE,Frenos,2849.37,4143,705,3438,5.88,Japón,QRO-SLP
6531,2022-01-06,2022-01-13,2022,1,4,7,1,4,187.8,1774.84,9.45,Querétaro,Planta,73-ELE,Electrónica,2426.23,644,258,386,2.5,China,QRO-SJR
6532,2026-05-21,2026-05-29,2026,5,4,8,1,1,182.9,3240.73,17.72,El Marqués,Taller,20-ELE,Electrónica,4578.72,3498,121,3377,28.91,USA,QRO-MQZ
6533,2023-04-18,2023-04-21,2023,4,2,3,0,0,53.5,731.5,13.67,Querétaro,Tier1,39-ELE,Electrónica,2379.6,1533,174,1359,8.81,China,QRO-SJR
6534,2022-08-29,2022-08-31,2022,8,1,2,0,0,206.9,2713.26,13.11,San Luis Potosí,Tier1,34-SEN,Sensores,1520,3930,432,3498,9.1,México,QRO-SLP
6535,2022-07-12,2022-07-17,2022,7,2,5,1,2,259.7,3160.14,12.17,San Juan del Río,Planta,25-ELE,Electrónica,1552.43,1189,817,372,1.46,USA,QRO-SLP
6536,2022-02-17,2022-02-25,2022,2,4,8,1,5,301.5,3004.01,9.96,San Juan del Río,Planta,34-SEN,Sensores,1520,3930,432,3498,9.1,China,QRO-SJR
6537,2026-05-09,2026-05-31,2026,5,6,22,1,13,46.7,734.06,15.72,Querétaro,Tier1,74-SUS,Suspensión,4557.16,415,619,-204,0.67,México,QRO-MQZ
6538,2024-12-16,2024-12-17,2024,12,1,1,0,0,148.4,1916.55,12.91,Corregidora,Distribuidor,84-ELE,Electrónica,4956.47,3359,709,2650,4.74,USA,QRO-MQZ
6539,2025-01-28,2025-02-05,2025,1,2,8,1,5,287.3,4989.86,17.37,Celaya,Taller,62-ARN,Arneses,3503.43,704,326,378,2.16,México,QRO-SJR
6540,2022-01-09,2022-01-16,2022,1,0,7,1,4,297.4,3413.24,11.48,San Juan del Río,Planta,83-FRE,Frenos,4864.67,2926,560,2366,5.22,Alemania,QRO-SJR
6541,2026-05-13,2026-05-19,2026,5,3,6,1,3,214.5,3577.45,16.68,Celaya,Distribuidor,56-SEN,Sensores,1253.34,3707,620,3087,5.98,México,QRO-MQZ
6542,2024-09-08,2024-09-13,2024,9,0,5,1,2,33.3,604.75,18.16,Celaya,Planta,91-ARN,Arneses,3259.69,1994,705,1289,2.83,Alemania,QRO-SJR
6543,2023-10-02,2023-10-10,2023,10,1,8,1,5,320.7,5075.61,15.83,San Luis Potosí,Tier1,2-ARN,Arneses,3272.1,4817,709,4108,6.79,México,QRO-SLP
6544,2024-05-03,2024-05-08,2024,5,5,5,1,2,95.7,1145.02,11.96,San Juan del Río,Planta,58-ARN,Arneses,2254.49,3722,381,3341,9.77,Alemania,QRO-SLP
6545,2026-05-07,2026-05-25,2026,5,4,18,1,15,108.1,1099.74,10.17,Corregidora,Distribuidor,3-ELE,Electrónica,4739.2,4636,173,4463,26.8,USA,QRO-CEL
6546,2021-12-13,2021-12-20,2021,12,1,7,1,4,319.9,3125.68,9.77,El Marqués,Taller,42-FRE,Frenos,4554.59,2399,529,1870,4.53,China,QRO-SLP
6547,2025-03-17,2025-03-23,2025,3,1,6,1,3,93.5,1041.28,11.14,Querétaro,Planta,90-ARN,Arneses,2855.44,3929,856,3073,4.59,Alemania,QRO-MQZ
6548,2022-07-19,2022-07-25,2022,7,2,6,1,3,284.2,3472.27,12.22,Querétaro,Distribuidor,22-ELE,Electrónica,4549.91,3883,821,3062,4.73,USA,QRO-MQZ
6549,2023-12-17,2023-12-21,2023,12,0,4,1,1,261.7,2112.95,8.07,San Luis Potosí,Tier1,81-ARN,Arneses,4391.37,366,872,-506,0.42,USA,QRO-MQZ
6550,2022-10-09,2022-10-14,2022,10,0,5,1,2,129.8,1175.97,9.06,San Juan del Río,Taller,24-SEN,Sensores,2113.06,4735,936,3799,5.06,Alemania,QRO-SJR
6551,2025-08-27,2025-09-03,2025,8,3,7,1,4,283.5,3215.86,11.34,El Marqués,Taller,60-ELE,Electrónica,1065.78,4715,596,4119,7.91,México,QRO-SLP
6552,2026-05-04,2026-05-29,2026,5,1,25,1,18,96.1,1665.73,17.33,San Juan del Río,Taller,95-FRE,Frenos,4724.44,71,925,-854,0.08,México,QRO-SLP
6553,2025-04-30,2025-05-03,2025,4,3,3,0,0,68.4,1066.15,15.59,Corregidora,Tier1,84-SEN,Sensores,3879.48,1645,209,1436,7.87,China,QRO-CEL
6554,2023-09-30,2023-10-02,2023,9,6,2,0,0,319.5,6231.97,19.51,El Marqués,Taller,4-ARN,Arneses,1994.2,3537,743,2794,4.76,Japón,QRO-SLP
6555,2022-01-09,2022-01-17,2022,1,0,8,1,5,109.9,972.79,8.85,Corregidora,Taller,77-SEN,Sensores,2481.2,2143,179,1964,11.97,Japón,QRO-SLP
6556,2026-05-15,2026-05-28,2026,5,5,13,1,7,149,1618.88,10.86,Corregidora,Tier1,1-SEN,Sensores,1859.2,2796,887,1909,3.15,USA,QRO-SJR
6557,2026-05-12,2026-05-25,2026,5,2,13,1,10,153.3,1508.06,9.84,San Luis Potosí,Tier1,37-FRE,Frenos,4079.98,4495,915,3580,4.91,Alemania,QRO-SLP
6558,2021-07-10,2021-07-18,2021,7,6,8,1,5,321.8,4510.8,14.02,San Juan del Río,Planta,3-ARN,Arneses,4070.75,2695,779,1916,3.46,Alemania,QRO-SLP
6559,2022-08-10,2022-08-12,2022,8,3,2,0,0,135.9,1126.77,8.29,El Marqués,Planta,22-ARN,Arneses,4301.5,1604,436,1168,3.68,Alemania,QRO-SJR
6560,2021-10-06,2021-10-11,2021,10,3,5,1,2,236.4,4135.4,17.49,Querétaro,Planta,53-SUS,Suspensión,2062.9,3440,719,2721,4.78,Japón,QRO-MQZ
6561,2026-05-24,2026-05-31,2026,5,0,7,0,0,192.7,1934.09,10.04,Querétaro,Tier1,78-FRE,Frenos,641.45,617,398,219,1.55,USA,QRO-SLP
6562,2026-05-01,2026-05-29,2026,5,5,28,1,21,312.1,3660.39,11.73,San Juan del Río,Planta,85-SUS,Suspensión,2247.84,2925,536,2389,5.46,Alemania,QRO-SJR
6563,2021-02-12,2021-02-18,2021,2,5,6,1,3,329.6,4359.81,13.23,Corregidora,Distribuidor,29-FRE,Frenos,3167.34,4361,305,4056,14.3,USA,QRO-SJR
6564,2025-11-06,2025-11-10,2025,11,4,4,1,1,77.2,1334.31,17.28,San Luis Potosí,Taller,53-ELE,Electrónica,2503.62,2992,933,2059,3.21,Alemania,QRO-SLP
6565,2023-06-18,2023-06-26,2023,6,0,8,1,5,59.3,632.1,10.66,San Juan del Río,Planta,30-ELE,Electrónica,3031.07,2212,562,1650,3.94,China,QRO-CEL
6566,2021-09-13,2021-09-18,2021,9,1,5,1,2,71,784.35,11.05,León,Tier1,66-SEN,Sensores,2796.85,2735,811,1924,3.37,Japón,QRO-SLP
6567,2025-05-29,2025-06-04,2025,5,4,6,1,3,330.2,6571.26,19.9,Celaya,Distribuidor,18-FRE,Frenos,2478.97,2322,407,1915,5.71,USA,QRO-MQZ
6568,2026-05-19,2026-06-02,2026,5,2,14,1,3,213.7,2042.29,9.56,León,Tier1,9-SEN,Sensores,3506.81,652,938,-286,0.7,China,QRO-CEL
6569,2024-05-20,2024-05-24,2024,5,1,4,1,1,329.4,4991.37,15.15,León,Tier1,31-ELE,Electrónica,4149.51,2548,128,2420,19.91,Japón,QRO-SLP
6570,2026-05-21,2026-06-01,2026,5,4,11,1,1,19.3,327.78,16.98,León,Tier1,78-ELE,Electrónica,2160.49,2923,533,2390,5.48,Japón,QRO-CEL
6571,2026-05-22,2026-05-30,2026,5,5,8,0,0,208.8,3564.46,17.07,El Marqués,Tier1,39-SUS,Suspensión,3757.25,1049,806,243,1.3,USA,QRO-CEL
6572,2026-05-10,2026-05-27,2026,5,0,17,1,12,224.3,4109.94,18.32,El Marqués,Tier1,65-ELE,Electrónica,4175.41,3316,875,2441,3.79,China,QRO-SLP
6573,2021-07-17,2021-07-23,2021,7,6,6,1,3,162.3,1569.54,9.67,San Luis Potosí,Tier1,98-ARN,Arneses,3240.05,314,373,-59,0.84,USA,QRO-CEL
6574,2024-11-11,2024-11-14,2024,11,1,3,0,0,177.8,1897.41,10.67,Corregidora,Planta,56-ELE,Electrónica,4660.32,2448,510,1938,4.8,Alemania,QRO-SJR
6575,2026-05-17,2026-05-25,2026,5,0,8,1,5,253.5,4985.83,19.67,Corregidora,Distribuidor,8-ELE,Electrónica,1771.55,3926,741,3185,5.3,China,QRO-SLP
6576,2023-04-20,2023-04-21,2023,4,4,1,0,0,335.8,3105.89,9.25,San Luis Potosí,Tier1,11-SUS,Suspensión,588.59,823,217,606,3.79,China,QRO-CEL
6577,2025-04-28,2025-04-29,2025,4,1,1,0,0,317.5,5773.92,18.19,Querétaro,Planta,19-ARN,Arneses,3708.16,4895,837,4058,5.85,Alemania,QRO-CEL
6578,2021-03-21,2021-03-28,2021,3,0,7,1,4,334.1,4605.62,13.79,San Luis Potosí,Tier1,7-ELE,Electrónica,246.58,4554,646,3908,7.05,Japón,QRO-CEL
6579,2026-05-18,2026-05-27,2026,5,1,9,1,4,279.2,4392.04,15.73,El Marqués,Distribuidor,52-ARN,Arneses,4854.61,3039,358,2681,8.49,Alemania,QRO-CEL
6580,2026-02-06,2026-02-08,2026,2,5,2,0,0,208.7,2814.87,13.49,Querétaro,Tier1,31-ARN,Arneses,3016.79,2221,601,1620,3.7,Japón,QRO-SLP
6581,2026-05-24,2026-06-02,2026,5,0,9,0,0,104.1,1510.6,14.51,San Luis Potosí,Planta,40-SEN,Sensores,1730.14,4560,975,3585,4.68,Alemania,QRO-SJR
6582,2023-05-24,2023-05-29,2023,5,3,5,1,2,269.3,5297.19,19.67,El Marqués,Taller,63-SUS,Suspensión,3993.5,2133,790,1343,2.7,Japón,QRO-MQZ
6583,2021-12-18,2021-12-25,2021,12,6,7,1,4,265.2,4572.53,17.24,León,Planta,56-ARN,Arneses,1558.68,1866,703,1163,2.65,Japón,QRO-MQZ
6584,2023-07-20,2023-07-22,2023,7,4,2,0,0,121.1,2257.24,18.64,San Juan del Río,Planta,32-FRE,Frenos,1130.95,2420,760,1660,3.18,México,QRO-MQZ
6585,2023-12-11,2023-12-14,2023,12,1,3,0,0,214.9,3563.21,16.58,Celaya,Distribuidor,36-ELE,Electrónica,1042.23,3858,726,3132,5.31,Alemania,QRO-MQZ
6586,2023-02-13,2023-02-21,2023,2,1,8,1,5,137,2104.71,15.36,Celaya,Distribuidor,34-SUS,Suspensión,3433.34,3403,155,3248,21.95,México,QRO-SLP
6587,2026-05-24,2026-05-30,2026,5,0,6,0,0,12.6,219.83,17.45,Corregidora,Tier1,85-SUS,Suspensión,2247.84,2925,536,2389,5.46,Japón,QRO-SLP
6588,2026-05-08,2026-05-26,2026,5,5,18,1,14,325.8,2758.92,8.47,San Juan del Río,Taller,58-FRE,Frenos,4382.22,4184,377,3807,11.1,México,QRO-MQZ
6589,2021-08-09,2021-08-15,2021,8,1,6,1,3,88.4,1492.53,16.88,León,Taller,45-SUS,Suspensión,2909.13,3021,431,2590,7.01,Japón,QRO-SLP
6590,2023-06-18,2023-06-24,2023,6,0,6,1,3,68.6,688.78,10.04,León,Taller,82-SEN,Sensores,1389.69,82,257,-175,0.32,Japón,QRO-MQZ
6591,2026-03-28,2026-03-30,2026,3,6,2,0,0,116.6,2117.74,18.16,Corregidora,Planta,24-SEN,Sensores,2113.06,4735,936,3799,5.06,Alemania,QRO-MQZ
6592,2021-01-05,2021-01-08,2021,1,2,3,0,0,14.2,119.58,8.42,Corregidora,Planta,16-SEN,Sensores,498.65,4923,754,4169,6.53,México,QRO-SLP
6593,2024-08-31,2024-09-01,2024,8,6,1,0,0,89.8,1562.71,17.4,San Juan del Río,Planta,24-ELE,Electrónica,4055.81,2955,652,2303,4.53,Alemania,QRO-SJR
6594,2026-05-09,2026-05-29,2026,5,6,20,1,13,107.1,2110.44,19.71,San Luis Potosí,Tier1,1-ELE,Electrónica,4919.31,1189,945,244,1.26,México,QRO-SJR
6595,2022-06-08,2022-06-10,2022,6,3,2,0,0,227.4,3764.59,16.55,Querétaro,Planta,50-SUS,Suspensión,1449.41,272,798,-526,0.34,Japón,QRO-SLP
6596,2026-05-12,2026-05-28,2026,5,2,16,1,10,86.8,1392.7,16.04,San Luis Potosí,Distribuidor,81-ARN,Arneses,4391.37,366,872,-506,0.42,USA,QRO-CEL
6597,2026-05-19,2026-05-31,2026,5,2,12,1,3,322.8,3143.19,9.74,San Luis Potosí,Tier1,65-SUS,Suspensión,3449.87,4345,595,3750,7.3,Alemania,QRO-SLP
6598,2024-10-24,2024-10-28,2024,10,4,4,1,1,278.2,3139.42,11.28,El Marqués,Taller,29-SEN,Sensores,3933.04,3258,672,2586,4.85,Alemania,QRO-MQZ
6599,2021-05-05,2021-05-12,2021,5,3,7,1,4,249.1,4316.83,17.33,Corregidora,Planta,47-ELE,Electrónica,129.58,3309,950,2359,3.48,Alemania,QRO-CEL
6600,2022-12-20,2022-12-22,2022,12,2,2,0,0,275.6,2914.49,10.58,Celaya,Tier1,41-ELE,Electrónica,4687.71,920,702,218,1.31,México,QRO-CEL
6601,2026-05-06,2026-06-01,2026,5,3,26,1,16,256.7,4101.69,15.98,León,Planta,21-FRE,Frenos,4833.89,4818,201,4617,23.97,México,QRO-SLP
6602,2023-12-30,2024-01-01,2023,12,6,2,0,0,19.3,321.7,16.67,El Marqués,Planta,18-SEN,Sensores,2642.38,2763,311,2452,8.88,México,QRO-MQZ
6603,2022-05-13,2022-05-20,2022,5,5,7,1,4,120.4,1278.01,10.61,León,Planta,4-ARN,Arneses,1994.2,3537,743,2794,4.76,México,QRO-SLP
6604,2026-05-20,2026-05-28,2026,5,3,8,1,2,317.5,4091.74,12.89,El Marqués,Taller,9-ARN,Arneses,1971.31,2328,930,1398,2.5,Alemania,QRO-CEL
6605,2023-07-05,2023-07-07,2023,7,3,2,0,0,280.3,2923.21,10.43,Corregidora,Planta,64-ELE,Electrónica,4488.81,2018,103,1915,19.59,México,QRO-SJR
6606,2026-05-21,2026-06-03,2026,5,4,13,1,1,115.5,1366.23,11.83,León,Taller,73-SUS,Suspensión,1205.2,139,592,-453,0.23,México,QRO-SJR
6607,2022-07-26,2022-08-03,2022,7,2,8,1,5,128.5,2007.13,15.62,León,Tier1,36-ELE,Electrónica,1042.23,3858,726,3132,5.31,China,QRO-SLP
6608,2024-05-24,2024-05-30,2024,5,5,6,1,3,56.9,1125.8,19.79,Corregidora,Distribuidor,90-SEN,Sensores,2337.67,4635,431,4204,10.75,USA,QRO-CEL
6609,2024-11-28,2024-12-06,2024,11,4,8,1,5,271.1,4115.4,15.18,Celaya,Distribuidor,33-ELE,Electrónica,3571.92,3016,937,2079,3.22,China,QRO-SLP
6610,2022-08-12,2022-08-19,2022,8,5,7,1,4,246.6,4910.86,19.91,Querétaro,Planta,22-SEN,Sensores,4518.66,3974,785,3189,5.06,México,QRO-SJR
6611,2026-05-07,2026-05-28,2026,5,4,21,1,15,247.5,2769.94,11.19,San Luis Potosí,Distribuidor,24-ARN,Arneses,4525.05,711,612,99,1.16,USA,QRO-MQZ
6612,2026-05-13,2026-05-28,2026,5,3,15,1,9,244.6,2487.05,10.17,Querétaro,Tier1,90-SUS,Suspensión,679.84,1842,357,1485,5.16,México,QRO-SLP
6613,2023-05-09,2023-05-11,2023,5,2,2,0,0,111.6,1793.01,16.07,León,Tier1,79-SEN,Sensores,3466.99,835,695,140,1.2,México,QRO-SLP
6614,2026-05-18,2026-05-26,2026,5,1,8,1,4,75.1,1069.31,14.24,Celaya,Planta,70-FRE,Frenos,3370.05,2773,737,2036,3.76,Japón,QRO-CEL
6615,2024-07-15,2024-07-19,2024,7,1,4,1,1,221.4,2683.89,12.12,San Luis Potosí,Planta,40-ELE,Electrónica,3251.02,3372,892,2480,3.78,China,QRO-SLP
6616,2026-05-08,2026-05-27,2026,5,5,19,1,14,91.1,1152,12.65,El Marqués,Distribuidor,65-ELE,Electrónica,4175.41,3316,875,2441,3.79,Alemania,QRO-SLP
6617,2022-01-29,2022-01-31,2022,1,6,2,0,0,119.8,1760.06,14.69,Celaya,Tier1,41-ARN,Arneses,2258.51,2697,698,1999,3.86,China,QRO-SJR
6618,2026-05-04,2026-05-29,2026,5,1,25,1,18,337.1,5649.38,16.76,Corregidora,Tier1,98-FRE,Frenos,1762.7,3662,966,2696,3.79,Japón,QRO-MQZ
6619,2023-06-18,2023-06-23,2023,6,0,5,1,2,148.3,1935.57,13.05,El Marqués,Distribuidor,33-ARN,Arneses,4073.72,1315,307,1008,4.28,USA,QRO-SLP
6620,2026-02-14,2026-02-18,2026,2,6,4,1,1,292.3,2801.64,9.58,San Luis Potosí,Tier1,63-SEN,Sensores,610.95,201,678,-477,0.3,USA,QRO-CEL
6621,2026-05-02,2026-05-27,2026,5,6,25,1,20,297.9,2864.09,9.61,San Juan del Río,Tier1,67-ELE,Electrónica,2438.18,3104,587,2517,5.29,México,QRO-SJR
6622,2023-07-27,2023-07-31,2023,7,4,4,1,1,171.1,3324.21,19.43,San Juan del Río,Tier1,35-SUS,Suspensión,3998.45,2100,715,1385,2.94,China,QRO-SJR
6623,2023-11-22,2023-11-26,2023,11,3,4,1,1,267.6,4938.3,18.45,San Juan del Río,Planta,66-SEN,Sensores,2796.85,2735,811,1924,3.37,China,QRO-CEL
6624,2022-04-19,2022-04-25,2022,4,2,6,1,3,189.5,2323.44,12.26,San Luis Potosí,Tier1,19-ARN,Arneses,3708.16,4895,837,4058,5.85,Japón,QRO-MQZ
6625,2021-04-12,2021-04-13,2021,4,1,1,0,0,215,3414.12,15.88,Celaya,Distribuidor,13-SEN,Sensores,1929.65,2670,406,2264,6.58,México,QRO-CEL
6626,2023-09-19,2023-09-24,2023,9,2,5,1,2,251.5,2567.39,10.21,León,Tier1,59-FRE,Frenos,254.95,2883,557,2326,5.18,USA,QRO-SLP
6627,2023-05-21,2023-05-23,2023,5,0,2,0,0,95,1078.42,11.35,Corregidora,Planta,3-SEN,Sensores,523.6,1191,770,421,1.55,China,QRO-CEL
6628,2026-03-28,2026-04-05,2026,3,6,8,1,5,222.5,2087.63,9.38,León,Taller,13-ELE,Electrónica,1731.24,4181,159,4022,26.3,Alemania,QRO-SLP
6629,2024-12-01,2024-12-05,2024,12,0,4,1,1,132.7,2534.69,19.1,San Juan del Río,Tier1,2-ELE,Electrónica,1189.72,3706,870,2836,4.26,México,QRO-SLP
6630,2022-05-02,2022-05-07,2022,5,1,5,1,2,180.5,3144.9,17.42,Corregidora,Planta,86-SEN,Sensores,2869.97,158,622,-464,0.25,Japón,QRO-CEL
6631,2023-12-01,2023-12-05,2023,12,5,4,1,1,321.9,3786.47,11.76,Querétaro,Planta,5-ARN,Arneses,2099.43,479,838,-359,0.57,Japón,QRO-CEL
6632,2022-10-19,2022-10-26,2022,10,3,7,1,4,141.1,1315.81,9.33,San Juan del Río,Tier1,88-FRE,Frenos,4043.96,2439,113,2326,21.58,Alemania,QRO-SLP
6633,2026-05-14,2026-05-28,2026,5,4,14,1,8,135.2,1245.48,9.21,Querétaro,Tier1,75-SUS,Suspensión,269.17,1657,967,690,1.71,China,QRO-MQZ
6634,2026-05-05,2026-05-27,2026,5,2,22,1,17,244.9,1999.32,8.16,León,Tier1,14-SUS,Suspensión,1917.93,1250,616,634,2.03,Japón,QRO-SJR
6635,2023-11-23,2023-12-01,2023,11,4,8,1,5,83.6,919.45,11,San Luis Potosí,Distribuidor,96-FRE,Frenos,3819.86,1364,751,613,1.82,Alemania,QRO-CEL
6636,2026-05-17,2026-05-25,2026,5,0,8,1,5,162.6,1750.64,10.77,Querétaro,Distribuidor,86-ARN,Arneses,2813.21,4833,175,4658,27.62,Alemania,QRO-CEL
6637,2024-04-01,2024-04-05,2024,4,1,4,1,1,90.3,928.81,10.29,Querétaro,Planta,15-ARN,Arneses,2004.45,403,614,-211,0.66,México,QRO-SLP
6638,2021-04-13,2021-04-16,2021,4,2,3,0,0,125.3,1301.18,10.38,San Juan del Río,Taller,57-ELE,Electrónica,4825.73,3798,194,3604,19.58,México,QRO-SLP
6639,2026-05-16,2026-05-25,2026,5,6,9,1,6,191.5,2016.69,10.53,Corregidora,Planta,22-SEN,Sensores,4518.66,3974,785,3189,5.06,Japón,QRO-SLP
6640,2026-05-03,2026-05-31,2026,5,0,28,1,19,220.2,2895.65,13.15,Querétaro,Distribuidor,72-FRE,Frenos,2982.1,4614,609,4005,7.58,Japón,QRO-CEL
6641,2025-12-03,2025-12-08,2025,12,3,5,1,2,240.9,3472.53,14.41,León,Tier1,60-ARN,Arneses,4406.3,1,551,-550,0,Alemania,QRO-SJR
6642,2025-07-23,2025-07-24,2025,7,3,1,0,0,43.9,621.01,14.15,San Luis Potosí,Tier1,17-FRE,Frenos,4203.61,2829,138,2691,20.5,México,QRO-MQZ
6643,2021-03-14,2021-03-17,2021,3,0,3,0,0,249.4,2435.99,9.77,Querétaro,Distribuidor,55-SEN,Sensores,431.65,4262,586,3676,7.27,Alemania,QRO-MQZ
6644,2023-08-24,2023-08-29,2023,8,4,5,1,2,288.3,5443.75,18.88,Corregidora,Tier1,24-ARN,Arneses,4525.05,711,612,99,1.16,Alemania,QRO-CEL
6645,2026-05-20,2026-05-26,2026,5,3,6,1,3,329.1,4618.07,14.03,León,Tier1,12-ARN,Arneses,4577.37,1662,429,1233,3.87,China,QRO-MQZ
6646,2026-05-24,2026-06-06,2026,5,0,13,0,0,145.3,2641.5,18.18,El Marqués,Taller,4-FRE,Frenos,2773.92,2500,334,2166,7.49,USA,QRO-SLP
6647,2022-12-06,2022-12-10,2022,12,2,4,1,1,245.7,4058.14,16.52,San Luis Potosí,Tier1,6-SUS,Suspensión,2576.41,2042,642,1400,3.18,Alemania,QRO-MQZ
6648,2022-11-06,2022-11-14,2022,11,0,8,1,5,87.6,1683.86,19.22,Celaya,Tier1,8-SEN,Sensores,4374.33,2187,777,1410,2.81,China,QRO-SLP
6649,2026-05-15,2026-05-28,2026,5,5,13,1,7,216.2,3619.85,16.74,León,Tier1,10-ELE,Electrónica,3951.78,1728,872,856,1.98,Japón,QRO-MQZ
6650,2026-05-15,2026-05-31,2026,5,5,16,1,7,218.7,3575.65,16.35,Querétaro,Tier1,46-SEN,Sensores,4891.28,2915,405,2510,7.2,USA,QRO-CEL
6651,2026-05-25,2026-06-04,2026,5,1,10,0,0,183.3,2079.1,11.34,San Luis Potosí,Taller,59-SEN,Sensores,627.84,3969,671,3298,5.92,Japón,QRO-SLP
6652,2026-02-07,2026-02-12,2026,2,6,5,1,2,278.1,4366.2,15.7,Celaya,Planta,91-SUS,Suspensión,3680.26,3837,791,3046,4.85,China,QRO-MQZ
6653,2026-05-13,2026-05-28,2026,5,3,15,1,9,31.8,419.3,13.19,San Juan del Río,Planta,39-ELE,Electrónica,2379.6,1533,174,1359,8.81,México,QRO-CEL
6654,2021-03-02,2021-03-05,2021,3,2,3,0,0,238,2183.96,9.18,León,Tier1,48-SEN,Sensores,2080.46,31,818,-787,0.04,Alemania,QRO-MQZ
6655,2026-05-04,2026-05-25,2026,5,1,21,1,18,251.5,3672.37,14.6,León,Tier1,93-FRE,Frenos,3588.35,4289,128,4161,33.51,Japón,QRO-CEL
6656,2024-08-07,2024-08-15,2024,8,3,8,1,5,274.8,5485.31,19.96,León,Taller,26-SEN,Sensores,2283.16,2773,396,2377,7,USA,QRO-SJR
6657,2025-07-18,2025-07-24,2025,7,5,6,1,3,194.6,3267.96,16.79,El Marqués,Taller,5-SEN,Sensores,3287.36,1717,744,973,2.31,Japón,QRO-SLP
6658,2022-07-25,2022-07-28,2022,7,1,3,0,0,112.6,2084.01,18.51,El Marqués,Taller,21-SUS,Suspensión,3922.67,482,217,265,2.22,Alemania,QRO-SJR
6659,2026-05-16,2026-05-30,2026,5,6,14,1,6,35.1,377.41,10.75,Querétaro,Planta,87-SUS,Suspensión,2152.64,3435,242,3193,14.19,Japón,QRO-CEL
6660,2026-05-04,2026-05-26,2026,5,1,22,1,18,97.9,921.05,9.41,Corregidora,Distribuidor,47-ARN,Arneses,1524.78,2381,707,1674,3.37,Alemania,QRO-SJR
6661,2026-03-10,2026-03-13,2026,3,2,3,0,0,311.5,5709.27,18.33,San Luis Potosí,Planta,69-SUS,Suspensión,2311.07,1018,914,104,1.11,China,QRO-MQZ
6662,2023-01-27,2023-01-30,2023,1,5,3,0,0,330.8,6596.99,19.94,San Luis Potosí,Tier1,47-ARN,Arneses,1524.78,2381,707,1674,3.37,Japón,QRO-SLP
6663,2023-06-23,2023-06-28,2023,6,5,5,1,2,144.8,2484.2,17.16,Corregidora,Distribuidor,74-SUS,Suspensión,4557.16,415,619,-204,0.67,China,QRO-SJR
6664,2026-05-17,2026-05-29,2026,5,0,12,1,5,348.2,4772.41,13.71,San Juan del Río,Taller,99-ELE,Electrónica,1359.1,1089,262,827,4.16,Alemania,QRO-SJR
6665,2023-10-04,2023-10-05,2023,10,3,1,0,0,76.9,633.38,8.24,San Juan del Río,Planta,50-ELE,Electrónica,3253.74,3790,410,3380,9.24,USA,QRO-SLP
6666,2021-07-27,2021-08-04,2021,7,2,8,1,5,59,721.51,12.23,San Juan del Río,Planta,96-ARN,Arneses,1067.24,3998,883,3115,4.53,USA,QRO-SLP
6667,2025-09-19,2025-09-24,2025,9,5,5,1,2,314,6215.4,19.79,León,Planta,29-ARN,Arneses,4197.3,2125,821,1304,2.59,Alemania,QRO-SLP
6668,2021-11-21,2021-11-27,2021,11,0,6,1,3,345.6,5409.85,15.65,Celaya,Tier1,63-ARN,Arneses,1644.88,31,820,-789,0.04,Japón,QRO-MQZ
6669,2025-02-03,2025-02-08,2025,2,1,5,1,2,307.6,5852.84,19.03,Corregidora,Planta,9-ELE,Electrónica,3081.81,4325,472,3853,9.16,Alemania,QRO-MQZ
6670,2026-05-19,2026-06-01,2026,5,2,13,1,3,121.1,1114.86,9.21,Corregidora,Planta,5-ARN,Arneses,2099.43,479,838,-359,0.57,USA,QRO-SLP
6671,2026-05-15,2026-05-31,2026,5,5,16,1,7,226.6,4347.78,19.19,Corregidora,Tier1,11-ELE,Electrónica,2731.07,2870,828,2042,3.47,México,QRO-SJR
6672,2024-11-13,2024-11-19,2024,11,3,6,1,3,167.3,2034.53,12.16,El Marqués,Taller,16-ELE,Electrónica,316.27,2849,664,2185,4.29,Alemania,QRO-CEL
6673,2024-12-07,2024-12-11,2024,12,6,4,1,1,196.6,3071.7,15.62,Corregidora,Planta,68-SUS,Suspensión,4427.01,2107,162,1945,13.01,Japón,QRO-SJR
6674,2026-05-20,2026-06-01,2026,5,3,12,1,2,197.5,1836.25,9.3,San Juan del Río,Tier1,64-ARN,Arneses,324.29,3235,687,2548,4.71,USA,QRO-SLP
6675,2023-05-08,2023-05-14,2023,5,1,6,1,3,29.1,411.05,14.13,San Juan del Río,Tier1,94-SEN,Sensores,3460.4,1180,938,242,1.26,México,QRO-SLP
6676,2025-02-08,2025-02-13,2025,2,6,5,1,2,254.9,2492.93,9.78,Corregidora,Planta,25-SEN,Sensores,4979.92,3606,752,2854,4.8,México,QRO-MQZ
6677,2021-02-07,2021-02-13,2021,2,0,6,1,3,45.3,699.97,15.45,Corregidora,Distribuidor,49-SEN,Sensores,1664.17,3963,807,3156,4.91,China,QRO-SJR
6678,2025-06-25,2025-07-01,2025,6,3,6,1,3,38.8,470.85,12.14,Querétaro,Planta,63-FRE,Frenos,2548.55,2094,709,1385,2.95,China,QRO-SJR
6679,2023-05-06,2023-05-08,2023,5,6,2,0,0,244.7,2329.63,9.52,San Luis Potosí,Tier1,62-FRE,Frenos,4762.92,2484,760,1724,3.27,China,QRO-MQZ
6680,2025-10-02,2025-10-09,2025,10,4,7,1,4,330.2,6308.94,19.11,León,Tier1,36-ELE,Electrónica,1042.23,3858,726,3132,5.31,Alemania,QRO-SLP
6681,2025-07-12,2025-07-20,2025,7,6,8,1,5,234.1,2450.14,10.47,Querétaro,Distribuidor,98-FRE,Frenos,1762.7,3662,966,2696,3.79,USA,QRO-CEL
6682,2024-04-12,2024-04-17,2024,4,5,5,1,2,270.7,2385.4,8.81,Corregidora,Planta,59-SUS,Suspensión,149.53,1044,359,685,2.91,Alemania,QRO-SJR
6683,2022-03-08,2022-03-11,2022,3,2,3,0,0,120.9,1337.27,11.06,San Juan del Río,Tier1,10-FRE,Frenos,553.07,572,283,289,2.02,USA,QRO-CEL
6684,2026-05-04,2026-05-31,2026,5,1,27,1,18,212.3,3381.61,15.93,Celaya,Tier1,14-ELE,Electrónica,1218.61,173,107,66,1.62,México,QRO-SLP
6685,2021-04-09,2021-04-10,2021,4,5,1,0,0,121.6,1032.97,8.49,San Juan del Río,Planta,7-FRE,Frenos,3386.88,9,821,-812,0.01,Japón,QRO-SJR
6686,2026-05-23,2026-05-26,2026,5,6,3,0,0,251.3,2959.54,11.78,Celaya,Planta,62-ARN,Arneses,3503.43,704,326,378,2.16,USA,QRO-SJR
6687,2021-06-01,2021-06-03,2021,6,2,2,0,0,116.1,1196.8,10.31,El Marqués,Tier1,8-SUS,Suspensión,926.42,4541,250,4291,18.16,USA,QRO-SLP
6688,2024-08-20,2024-08-25,2024,8,2,5,1,2,260.8,4105.78,15.74,Celaya,Distribuidor,83-ELE,Electrónica,2047.97,1307,286,1021,4.57,Japón,QRO-SJR
6689,2023-12-12,2023-12-13,2023,12,2,1,0,0,178.1,3225.18,18.11,El Marqués,Taller,62-ELE,Electrónica,4147.27,4050,501,3549,8.08,Alemania,QRO-MQZ
6690,2024-06-21,2024-06-27,2024,6,5,6,1,3,166.1,2542.31,15.31,Corregidora,Planta,21-ARN,Arneses,2688.88,472,527,-55,0.9,Alemania,QRO-SLP
6691,2024-02-02,2024-02-08,2024,2,5,6,1,3,173.3,2893.88,16.7,Corregidora,Planta,98-SUS,Suspensión,1541.04,2575,226,2349,11.39,Japón,QRO-SJR
6692,2024-04-08,2024-04-13,2024,4,1,5,1,2,334.9,4106.03,12.26,Querétaro,Planta,13-SEN,Sensores,1929.65,2670,406,2264,6.58,México,QRO-CEL
6693,2026-01-19,2026-01-24,2026,1,1,5,1,2,235.4,2856.75,12.14,Querétaro,Distribuidor,59-ARN,Arneses,757.6,2440,393,2047,6.21,China,QRO-SJR
6694,2021-12-25,2021-12-29,2021,12,6,4,1,1,132.7,2282.29,17.2,Celaya,Tier1,7-ARN,Arneses,2965.42,1199,206,993,5.82,Japón,QRO-CEL
6695,2021-10-25,2021-10-29,2021,10,1,4,1,1,47,484.77,10.31,Celaya,Tier1,54-SUS,Suspensión,456.95,529,846,-317,0.63,México,QRO-CEL
6696,2022-02-12,2022-02-20,2022,2,6,8,1,5,120.4,1609.32,13.37,Corregidora,Tier1,66-SEN,Sensores,2796.85,2735,811,1924,3.37,China,QRO-MQZ
6697,2026-05-15,2026-05-29,2026,5,5,14,1,7,167.7,2194,13.08,Querétaro,Tier1,73-ARN,Arneses,3687.85,3796,460,3336,8.25,China,QRO-MQZ
6698,2026-05-02,2026-05-29,2026,5,6,27,1,20,27.6,454.57,16.47,El Marqués,Taller,55-ARN,Arneses,3941.75,4751,961,3790,4.94,Japón,QRO-MQZ
6699,2026-05-16,2026-05-26,2026,5,6,10,1,6,49.5,653,13.19,Corregidora,Distribuidor,21-SEN,Sensores,2963.98,277,140,137,1.98,México,QRO-SLP
6700,2023-05-12,2023-05-16,2023,5,5,4,1,1,33.9,519.45,15.32,Querétaro,Tier1,34-SUS,Suspensión,3433.34,3403,155,3248,21.95,Japón,QRO-MQZ
6701,2026-05-12,2026-05-27,2026,5,2,15,1,10,279.1,2360.99,8.46,San Luis Potosí,Tier1,32-SEN,Sensores,1196.78,3120,728,2392,4.29,USA,QRO-MQZ
6702,2023-05-18,2023-05-21,2023,5,4,3,0,0,243.8,3280.31,13.45,Querétaro,Taller,63-ELE,Electrónica,3510.2,1454,755,699,1.93,Alemania,QRO-MQZ
6703,2021-05-26,2021-05-27,2021,5,3,1,0,0,282.2,4166.61,14.76,San Luis Potosí,Planta,96-FRE,Frenos,3819.86,1364,751,613,1.82,Alemania,QRO-MQZ
6704,2021-01-03,2021-01-06,2021,1,0,3,0,0,83.8,721.19,8.61,Celaya,Tier1,3-SUS,Suspensión,3159.17,1739,584,1155,2.98,Alemania,QRO-SJR
6705,2026-03-08,2026-03-09,2026,3,0,1,0,0,103,1603.89,15.57,Querétaro,Planta,54-ARN,Arneses,3425.08,4574,874,3700,5.23,Alemania,QRO-SJR
6706,2022-08-30,2022-09-02,2022,8,2,3,0,0,54,627.02,11.61,Celaya,Distribuidor,32-FRE,Frenos,1130.95,2420,760,1660,3.18,China,QRO-CEL
6707,2026-05-14,2026-05-30,2026,5,4,16,1,8,88.3,914.01,10.35,Querétaro,Tier1,4-ELE,Electrónica,1583.34,802,919,-117,0.87,China,QRO-CEL
6708,2024-11-01,2024-11-08,2024,11,5,7,1,4,166.2,1560.95,9.39,San Luis Potosí,Tier1,96-SEN,Sensores,4971.73,4377,915,3462,4.78,Japón,QRO-MQZ
6709,2024-12-01,2024-12-03,2024,12,0,2,0,0,239.9,2959.11,12.33,Querétaro,Tier1,1-FRE,Frenos,233.71,1282,783,499,1.64,China,QRO-CEL
6710,2026-05-07,2026-05-27,2026,5,4,20,1,15,287.3,3923.22,13.66,El Marqués,Tier1,84-SEN,Sensores,3879.48,1645,209,1436,7.87,Japón,QRO-SJR
6711,2026-04-23,2026-04-30,2026,4,4,7,1,4,282,2608.57,9.25,Celaya,Planta,94-ARN,Arneses,584.4,1245,705,540,1.77,China,QRO-SLP
6712,2025-11-23,2025-11-28,2025,11,0,5,1,2,344.5,4433.23,12.87,Celaya,Taller,15-ELE,Electrónica,1562.18,742,986,-244,0.75,China,QRO-CEL
6713,2024-11-30,2024-12-01,2024,11,6,1,0,0,87.6,1066.91,12.18,Celaya,Distribuidor,93-SEN,Sensores,4236.96,1229,379,850,3.24,China,QRO-CEL
6714,2025-09-19,2025-09-25,2025,9,5,6,1,3,192.5,3778.4,19.63,San Juan del Río,Taller,17-SUS,Suspensión,2687.14,2633,740,1893,3.56,USA,QRO-CEL
6715,2025-10-19,2025-10-25,2025,10,0,6,1,3,73.8,1397.69,18.94,Querétaro,Distribuidor,9-ELE,Electrónica,3081.81,4325,472,3853,9.16,Alemania,QRO-SJR
6716,2026-05-12,2026-05-31,2026,5,2,19,1,10,20.8,339.09,16.3,El Marqués,Taller,57-ELE,Electrónica,4825.73,3798,194,3604,19.58,China,QRO-CEL
6717,2026-05-04,2026-05-31,2026,5,1,27,1,18,268.8,3882.21,14.44,San Luis Potosí,Distribuidor,44-ELE,Electrónica,1705.75,4295,341,3954,12.6,Alemania,QRO-MQZ
6718,2023-05-16,2023-05-18,2023,5,2,2,0,0,340.4,5956.01,17.5,San Juan del Río,Tier1,49-ELE,Electrónica,3034.43,2749,539,2210,5.1,Japón,QRO-SJR
6719,2022-09-14,2022-09-16,2022,9,3,2,0,0,272.3,3249.85,11.93,El Marqués,Distribuidor,21-ARN,Arneses,2688.88,472,527,-55,0.9,China,QRO-SLP
6720,2021-04-19,2021-04-27,2021,4,1,8,1,5,210.9,2719.52,12.89,Querétaro,Tier1,91-SUS,Suspensión,3680.26,3837,791,3046,4.85,USA,QRO-MQZ
6721,2023-12-01,2023-12-07,2023,12,5,6,1,3,215.6,3677.13,17.06,Querétaro,Tier1,30-SUS,Suspensión,506.69,2378,235,2143,10.12,México,QRO-SLP
6722,2021-04-24,2021-04-29,2021,4,6,5,1,2,246.8,2523.1,10.22,León,Tier1,33-SUS,Suspensión,3309.06,3967,660,3307,6.01,México,QRO-CEL
6723,2026-05-16,2026-05-26,2026,5,6,10,1,6,107.9,1622.82,15.04,Querétaro,Planta,85-SUS,Suspensión,2247.84,2925,536,2389,5.46,China,QRO-MQZ
6724,2026-02-07,2026-02-09,2026,2,6,2,0,0,255.9,3417.25,13.35,Querétaro,Taller,46-ELE,Electrónica,2511.37,3579,173,3406,20.69,Alemania,QRO-MQZ
6725,2023-05-02,2023-05-09,2023,5,2,7,1,4,30.9,390.51,12.64,Corregidora,Distribuidor,89-FRE,Frenos,3217.84,688,519,169,1.33,China,QRO-MQZ
6726,2026-04-26,2026-04-28,2026,4,0,2,0,0,245.1,3892.49,15.88,San Luis Potosí,Tier1,7-ARN,Arneses,2965.42,1199,206,993,5.82,China,QRO-CEL
6727,2023-07-30,2023-08-06,2023,7,0,7,1,4,64.6,959.02,14.85,Celaya,Distribuidor,2-FRE,Frenos,2261.86,2629,314,2315,8.37,USA,QRO-CEL
6728,2021-09-08,2021-09-10,2021,9,3,2,0,0,264.9,4083.23,15.41,San Luis Potosí,Planta,33-SEN,Sensores,4299.55,4446,746,3700,5.96,Japón,QRO-SLP
6729,2026-05-23,2026-05-28,2026,5,6,5,0,0,294.9,3123.95,10.59,El Marqués,Tier1,72-SUS,Suspensión,234.19,3605,243,3362,14.84,Japón,QRO-SJR
6730,2026-05-25,2026-05-31,2026,5,1,6,0,0,42.1,824.42,19.58,Querétaro,Taller,92-ELE,Electrónica,4401.79,4271,769,3502,5.55,China,QRO-SJR
6731,2022-12-27,2022-12-29,2022,12,2,2,0,0,188.7,3079.72,16.32,San Juan del Río,Taller,13-ELE,Electrónica,1731.24,4181,159,4022,26.3,Japón,QRO-SLP
6732,2026-05-18,2026-05-29,2026,5,1,11,1,4,271.2,3908.68,14.41,San Juan del Río,Tier1,93-SEN,Sensores,4236.96,1229,379,850,3.24,Japón,QRO-CEL
6733,2025-12-06,2025-12-14,2025,12,6,8,1,5,77.8,729.2,9.37,Querétaro,Distribuidor,98-ELE,Electrónica,2480.68,142,273,-131,0.52,México,QRO-SJR
6734,2022-10-19,2022-10-20,2022,10,3,1,0,0,319.5,5540.36,17.34,Querétaro,Tier1,57-ARN,Arneses,607.05,602,337,265,1.79,Alemania,QRO-CEL
6735,2023-03-30,2023-03-31,2023,3,4,1,0,0,111.2,1833.59,16.49,San Juan del Río,Tier1,2-SUS,Suspensión,2244.37,1376,919,457,1.5,China,QRO-CEL
6736,2024-02-20,2024-02-28,2024,2,2,8,1,5,81.9,1230.38,15.02,León,Tier1,96-SEN,Sensores,4971.73,4377,915,3462,4.78,USA,QRO-MQZ
6737,2026-05-19,2026-05-29,2026,5,2,10,1,3,86,1085.08,12.62,Celaya,Taller,96-SEN,Sensores,4971.73,4377,915,3462,4.78,China,QRO-SJR
6738,2026-05-05,2026-05-30,2026,5,2,25,1,17,136.6,1516,11.1,San Juan del Río,Planta,56-ARN,Arneses,1558.68,1866,703,1163,2.65,Alemania,QRO-MQZ
6739,2026-04-04,2026-04-09,2026,4,6,5,1,2,252.3,4673.36,18.52,León,Planta,30-SEN,Sensores,3410.75,196,590,-394,0.33,China,QRO-CEL
6740,2026-03-14,2026-03-16,2026,3,6,2,0,0,243.8,4347.79,17.83,Querétaro,Taller,97-FRE,Frenos,4200.07,1145,962,183,1.19,Alemania,QRO-SLP
6741,2025-07-21,2025-07-25,2025,7,1,4,1,1,329.5,4978.87,15.11,Celaya,Planta,76-ARN,Arneses,690.12,2510,973,1537,2.58,México,QRO-SLP
6742,2021-10-13,2021-10-21,2021,10,3,8,1,5,141.1,2093.82,14.84,Querétaro,Tier1,89-ELE,Electrónica,2876,159,938,-779,0.17,Japón,QRO-SJR
6743,2023-01-07,2023-01-15,2023,1,6,8,1,5,161.2,1761.78,10.93,León,Tier1,92-ELE,Electrónica,4401.79,4271,769,3502,5.55,USA,QRO-CEL
6744,2026-05-09,2026-05-30,2026,5,6,21,1,13,79.9,1164.14,14.57,San Luis Potosí,Tier1,66-SUS,Suspensión,3813.62,870,354,516,2.46,México,QRO-SLP
6745,2026-05-12,2026-05-30,2026,5,2,18,1,10,295.3,5591.94,18.94,Querétaro,Tier1,12-ELE,Electrónica,2050.98,4806,509,4297,9.44,Alemania,QRO-MQZ
6746,2023-11-09,2023-11-11,2023,11,4,2,0,0,195.4,3754.5,19.21,El Marqués,Tier1,15-FRE,Frenos,886.52,1011,947,64,1.07,México,QRO-MQZ
6747,2026-05-24,2026-06-05,2026,5,0,12,0,0,332.8,6625.97,19.91,San Juan del Río,Planta,43-SEN,Sensores,2429.63,4819,141,4678,34.18,China,QRO-SLP
6748,2022-01-18,2022-01-25,2022,1,2,7,1,4,46.1,551.85,11.97,León,Taller,97-ARN,Arneses,2270.01,2349,327,2022,7.18,México,QRO-SLP
6749,2025-09-28,2025-10-05,2025,9,0,7,1,4,135.2,2139.9,15.83,León,Tier1,79-ARN,Arneses,2822.38,3202,339,2863,9.45,Alemania,QRO-SJR
6750,2026-05-19,2026-05-31,2026,5,2,12,1,3,344.6,6097.48,17.69,Corregidora,Distribuidor,57-SEN,Sensores,1514.51,438,789,-351,0.56,USA,QRO-SJR
6751,2025-12-08,2025-12-13,2025,12,1,5,1,2,73.8,1155.21,15.65,León,Planta,80-ARN,Arneses,2549.16,1887,973,914,1.94,México,QRO-SJR
6752,2024-07-13,2024-07-18,2024,7,6,5,1,2,215.3,2914.25,13.54,San Juan del Río,Taller,52-SEN,Sensores,2701.62,2240,729,1511,3.07,China,QRO-CEL
6753,2022-11-11,2022-11-18,2022,11,5,7,1,4,338.4,3512.78,10.38,San Luis Potosí,Tier1,31-ELE,Electrónica,4149.51,2548,128,2420,19.91,China,QRO-MQZ
6754,2021-12-14,2021-12-15,2021,12,2,1,0,0,68.9,875.16,12.7,León,Taller,56-SUS,Suspensión,4497.66,4064,966,3098,4.21,USA,QRO-SJR
6755,2021-07-22,2021-07-29,2021,7,4,7,1,4,291.4,3822.51,13.12,El Marqués,Distribuidor,98-ELE,Electrónica,2480.68,142,273,-131,0.52,USA,QRO-SJR
6756,2026-05-25,2026-06-04,2026,5,1,10,0,0,261.7,4763.73,18.2,Querétaro,Tier1,20-FRE,Frenos,3362.99,3735,334,3401,11.18,México,QRO-SLP
6757,2026-05-25,2026-05-31,2026,5,1,6,0,0,292.6,5400.16,18.46,Celaya,Tier1,5-FRE,Frenos,3547.92,1323,978,345,1.35,Japón,QRO-SLP
6758,2026-05-25,2026-06-06,2026,5,1,12,0,0,290.1,3088.9,10.65,Celaya,Distribuidor,60-SEN,Sensores,4618.25,4938,354,4584,13.95,Alemania,QRO-SJR
6759,2022-03-03,2022-03-06,2022,3,4,3,0,0,245.5,4259.23,17.35,Celaya,Planta,51-ARN,Arneses,2205.11,3816,443,3373,8.61,Alemania,QRO-CEL
6760,2021-08-18,2021-08-25,2021,8,3,7,1,4,22.8,261.08,11.45,San Juan del Río,Tier1,95-SUS,Suspensión,1566.72,4477,675,3802,6.63,USA,QRO-MQZ
6761,2024-07-25,2024-08-01,2024,7,4,7,1,4,56.3,619.81,11.01,Querétaro,Planta,29-FRE,Frenos,3167.34,4361,305,4056,14.3,China,QRO-CEL
6762,2025-09-17,2025-09-18,2025,9,3,1,0,0,333.5,2742.07,8.22,León,Taller,34-FRE,Frenos,1708.23,2340,807,1533,2.9,China,QRO-CEL
6763,2025-08-26,2025-08-27,2025,8,2,1,0,0,18.1,145.1,8.02,San Juan del Río,Planta,61-FRE,Frenos,2992.6,2417,256,2161,9.44,México,QRO-SLP
6764,2024-12-05,2024-12-10,2024,12,4,5,1,2,342.3,2826.83,8.26,Celaya,Tier1,66-SUS,Suspensión,3813.62,870,354,516,2.46,USA,QRO-MQZ
6765,2021-09-27,2021-09-29,2021,9,1,2,0,0,320.7,3793.53,11.83,San Juan del Río,Taller,17-ARN,Arneses,1311.09,4802,363,4439,13.23,USA,QRO-SJR
6766,2023-02-13,2023-02-20,2023,2,1,7,1,4,190.1,2706.84,14.24,Celaya,Tier1,76-ARN,Arneses,690.12,2510,973,1537,2.58,USA,QRO-MQZ
6767,2022-04-12,2022-04-18,2022,4,2,6,1,3,230.6,2263.49,9.82,San Juan del Río,Taller,43-SEN,Sensores,2429.63,4819,141,4678,34.18,Japón,QRO-MQZ
6768,2026-05-17,2026-05-21,2026,5,0,4,1,1,117.8,1990.72,16.9,Querétaro,Planta,84-SUS,Suspensión,3111.43,4098,547,3551,7.49,USA,QRO-MQZ
6769,2021-02-21,2021-03-01,2021,2,0,8,1,5,106.8,1672.99,15.66,Corregidora,Planta,12-FRE,Frenos,2256.16,1344,843,501,1.59,México,QRO-CEL
6770,2026-05-18,2026-05-30,2026,5,1,12,1,4,162.7,1833.65,11.27,San Juan del Río,Tier1,97-SUS,Suspensión,3611.27,2315,112,2203,20.67,China,QRO-SJR
6771,2025-08-10,2025-08-12,2025,8,0,2,0,0,135.7,1913.33,14.1,Celaya,Distribuidor,30-SUS,Suspensión,506.69,2378,235,2143,10.12,Alemania,QRO-SJR
6772,2026-05-05,2026-06-01,2026,5,2,27,1,17,279.6,5006.06,17.9,El Marqués,Tier1,46-FRE,Frenos,3166.98,4682,146,4536,32.07,Alemania,QRO-SJR
6773,2022-04-17,2022-04-25,2022,4,0,8,1,5,19,258.88,13.63,Querétaro,Planta,77-FRE,Frenos,1286.73,3721,625,3096,5.95,USA,QRO-SJR
6774,2026-05-18,2026-05-29,2026,5,1,11,1,4,143.7,2729.7,19,Corregidora,Planta,98-SUS,Suspensión,1541.04,2575,226,2349,11.39,USA,QRO-SJR
6775,2025-03-24,2025-03-27,2025,3,1,3,0,0,239.2,4234.46,17.7,Celaya,Planta,22-FRE,Frenos,473.66,3099,887,2212,3.49,México,QRO-CEL
6776,2026-01-23,2026-01-28,2026,1,5,5,1,2,199.4,2616.31,13.12,Corregidora,Planta,62-ELE,Electrónica,4147.27,4050,501,3549,8.08,México,QRO-MQZ
6777,2022-11-19,2022-11-24,2022,11,6,5,1,2,167,2504.3,15,Corregidora,Distribuidor,52-SUS,Suspensión,2988.75,658,311,347,2.12,Alemania,QRO-SJR
6778,2025-08-28,2025-09-03,2025,8,4,6,1,3,243.6,2138.94,8.78,San Luis Potosí,Taller,99-SUS,Suspensión,1768.31,3450,251,3199,13.75,USA,QRO-SJR
6779,2026-05-24,2026-05-28,2026,5,0,4,0,0,221.5,3862.86,17.44,Querétaro,Tier1,39-ARN,Arneses,1573.02,936,723,213,1.29,China,QRO-SLP
6780,2026-05-21,2026-06-03,2026,5,4,13,1,1,248.1,4272.63,17.22,León,Tier1,66-FRE,Frenos,1624.56,4540,510,4030,8.9,China,QRO-SLP
6781,2025-02-26,2025-03-06,2025,2,3,8,1,5,51.7,631.54,12.22,San Luis Potosí,Tier1,7-FRE,Frenos,3386.88,9,821,-812,0.01,Alemania,QRO-SJR
6782,2026-04-10,2026-04-18,2026,4,5,8,1,5,273,4906.19,17.97,San Juan del Río,Planta,15-ARN,Arneses,2004.45,403,614,-211,0.66,México,QRO-MQZ
6783,2026-01-03,2026-01-06,2026,1,6,3,0,0,337.2,3341.26,9.91,León,Taller,35-ARN,Arneses,3574.66,2983,906,2077,3.29,Alemania,QRO-CEL
6784,2026-05-03,2026-05-30,2026,5,0,27,1,19,93.3,1759.37,18.86,León,Tier1,63-SUS,Suspensión,3993.5,2133,790,1343,2.7,México,QRO-SLP
6785,2025-08-13,2025-08-18,2025,8,3,5,1,2,272.9,3842.78,14.08,Querétaro,Planta,34-FRE,Frenos,1708.23,2340,807,1533,2.9,México,QRO-MQZ
6786,2024-11-16,2024-11-23,2024,11,6,7,1,4,107.9,1197.38,11.1,Corregidora,Tier1,47-SEN,Sensores,2369.53,4045,567,3478,7.13,Japón,QRO-SLP
6787,2026-05-17,2026-05-30,2026,5,0,13,1,5,336.1,2879.52,8.57,Querétaro,Tier1,13-FRE,Frenos,1618.96,1055,651,404,1.62,Japón,QRO-SJR
6788,2022-06-28,2022-07-06,2022,6,2,8,1,5,24.8,395.65,15.95,León,Planta,51-SEN,Sensores,3785.32,2882,317,2565,9.09,Alemania,QRO-SJR
6789,2021-03-26,2021-04-03,2021,3,5,8,1,5,110.8,2028.39,18.31,San Luis Potosí,Distribuidor,70-SEN,Sensores,1991.74,2888,241,2647,11.98,Japón,QRO-CEL
6790,2026-05-05,2026-06-01,2026,5,2,27,1,17,148.1,2285.99,15.44,Corregidora,Planta,17-ARN,Arneses,1311.09,4802,363,4439,13.23,Japón,QRO-MQZ
6791,2026-05-20,2026-06-01,2026,5,3,12,1,2,133,2371.9,17.83,San Luis Potosí,Tier1,90-SEN,Sensores,2337.67,4635,431,4204,10.75,Japón,QRO-MQZ
6792,2022-04-06,2022-04-13,2022,4,3,7,1,4,159.6,2611.22,16.36,León,Planta,86-FRE,Frenos,4599.2,3868,867,3001,4.46,Japón,QRO-SLP
6793,2025-10-15,2025-10-17,2025,10,3,2,0,0,218,1893.89,8.69,Corregidora,Distribuidor,38-ARN,Arneses,2157.65,2477,447,2030,5.54,USA,QRO-CEL
6794,2024-03-10,2024-03-14,2024,3,0,4,1,1,315.2,4463.91,14.16,San Juan del Río,Tier1,75-SUS,Suspensión,269.17,1657,967,690,1.71,China,QRO-SLP
6795,2021-07-19,2021-07-20,2021,7,1,1,0,0,258.6,3039.6,11.75,San Juan del Río,Tier1,12-ARN,Arneses,4577.37,1662,429,1233,3.87,Japón,QRO-CEL
6796,2022-06-05,2022-06-12,2022,6,0,7,1,4,80.5,1559.27,19.37,Corregidora,Distribuidor,60-SUS,Suspensión,2653.99,2128,369,1759,5.77,Alemania,QRO-SJR
6797,2021-10-01,2021-10-07,2021,10,5,6,1,3,304.7,5674.83,18.62,Celaya,Planta,99-FRE,Frenos,4195.98,3122,126,2996,24.78,México,QRO-CEL
6798,2026-05-11,2026-05-27,2026,5,1,16,1,11,112.9,1308.45,11.59,Querétaro,Planta,50-ELE,Electrónica,3253.74,3790,410,3380,9.24,Japón,QRO-MQZ
6799,2022-07-22,2022-07-26,2022,7,5,4,1,1,156,1691.13,10.84,León,Planta,9-ARN,Arneses,1971.31,2328,930,1398,2.5,China,QRO-SJR
6800,2026-05-21,2026-05-29,2026,5,4,8,1,1,19.1,330.43,17.3,Corregidora,Distribuidor,77-SUS,Suspensión,2408.66,2567,263,2304,9.76,México,QRO-SJR
6801,2026-05-04,2026-05-25,2026,5,1,21,1,18,83.1,1414.35,17.02,León,Taller,46-FRE,Frenos,3166.98,4682,146,4536,32.07,Alemania,QRO-SLP
6802,2023-05-23,2023-05-31,2023,5,2,8,1,5,225.3,3960.51,17.58,Corregidora,Tier1,54-SEN,Sensores,2229.64,971,924,47,1.05,Japón,QRO-SJR
6803,2024-06-14,2024-06-15,2024,6,5,1,0,0,33.3,479.58,14.4,Corregidora,Distribuidor,81-SEN,Sensores,3476.55,1073,855,218,1.25,China,QRO-SLP
6804,2023-08-19,2023-08-25,2023,8,6,6,1,3,246.9,3807.64,15.42,León,Taller,75-FRE,Frenos,2586.79,1278,749,529,1.71,USA,QRO-MQZ
6805,2024-11-06,2024-11-09,2024,11,3,3,0,0,225.4,3232.36,14.34,El Marqués,Taller,86-ELE,Electrónica,4667.98,3468,649,2819,5.34,México,QRO-SJR
6806,2026-05-18,2026-05-25,2026,5,1,7,1,4,187.6,3222.26,17.18,Celaya,Distribuidor,65-FRE,Frenos,3031.57,2001,416,1585,4.81,USA,QRO-CEL
6807,2026-05-14,2026-06-01,2026,5,4,18,1,8,36,426.59,11.85,San Luis Potosí,Tier1,5-ELE,Electrónica,92.23,1679,445,1234,3.77,Japón,QRO-SJR
6808,2025-07-11,2025-07-15,2025,7,5,4,1,1,225.1,3436.45,15.27,Querétaro,Tier1,26-SUS,Suspensión,4121.98,3676,530,3146,6.94,México,QRO-SJR
6809,2026-05-14,2026-05-27,2026,5,4,13,1,8,131.7,2310.67,17.54,Celaya,Tier1,55-FRE,Frenos,3030.18,3583,896,2687,4,Alemania,QRO-SLP
6810,2026-05-17,2026-06-01,2026,5,0,15,1,5,307.6,2918.03,9.49,León,Taller,85-ARN,Arneses,182.43,4967,727,4240,6.83,Japón,QRO-MQZ
6811,2026-05-06,2026-05-26,2026,5,3,20,1,16,167.9,2004.42,11.94,San Juan del Río,Planta,35-SEN,Sensores,262.68,3794,321,3473,11.82,México,QRO-CEL
6812,2026-05-07,2026-05-25,2026,5,4,18,1,15,216,2986.46,13.83,León,Tier1,91-SEN,Sensores,4666.99,2159,152,2007,14.2,México,QRO-CEL
6813,2026-05-13,2026-05-30,2026,5,3,17,1,9,252.4,2891.07,11.45,El Marqués,Taller,75-ELE,Electrónica,216.11,4758,831,3927,5.73,Alemania,QRO-SJR
6814,2026-05-02,2026-05-29,2026,5,6,27,1,20,114.9,1951.01,16.98,Corregidora,Distribuidor,27-ELE,Electrónica,1768.11,2885,368,2517,7.84,Japón,QRO-SLP
6815,2022-05-19,2022-05-22,2022,5,4,3,0,0,179.3,3165.25,17.65,Corregidora,Distribuidor,98-FRE,Frenos,1762.7,3662,966,2696,3.79,Japón,QRO-SJR
6816,2023-09-08,2023-09-11,2023,9,5,3,0,0,317.6,5212.24,16.41,El Marqués,Tier1,29-SUS,Suspensión,2268.03,800,134,666,5.97,USA,QRO-CEL
6817,2023-12-17,2023-12-21,2023,12,0,4,1,1,116.4,1135.48,9.75,Corregidora,Distribuidor,82-SUS,Suspensión,998.09,2299,178,2121,12.92,USA,QRO-MQZ
6818,2022-09-21,2022-09-29,2022,9,3,8,1,5,68.2,1052.55,15.43,Celaya,Planta,29-SEN,Sensores,3933.04,3258,672,2586,4.85,USA,QRO-SJR
6819,2021-02-20,2021-02-27,2021,2,6,7,1,4,346,3140.43,9.08,San Juan del Río,Taller,57-SEN,Sensores,1514.51,438,789,-351,0.56,USA,QRO-CEL
6820,2023-07-30,2023-08-07,2023,7,0,8,1,5,216.8,3144.19,14.5,Corregidora,Planta,35-ARN,Arneses,3574.66,2983,906,2077,3.29,Alemania,QRO-CEL
6821,2021-06-03,2021-06-08,2021,6,4,5,1,2,71,654.1,9.21,El Marqués,Tier1,13-ARN,Arneses,1454.25,4822,879,3943,5.49,México,QRO-MQZ
6822,2026-05-15,2026-05-27,2026,5,5,12,1,7,170,2957.47,17.4,Corregidora,Distribuidor,96-FRE,Frenos,3819.86,1364,751,613,1.82,Japón,QRO-MQZ
6823,2023-12-11,2023-12-14,2023,12,1,3,0,0,330,4166.92,12.63,San Juan del Río,Taller,62-SEN,Sensores,61.64,976,325,651,3,México,QRO-SLP
6824,2025-08-29,2025-09-06,2025,8,5,8,1,5,315,4651.3,14.77,León,Planta,19-SUS,Suspensión,4085.71,2770,814,1956,3.4,Alemania,QRO-MQZ
6825,2022-04-15,2022-04-16,2022,4,5,1,0,0,308,5126.88,16.65,Corregidora,Tier1,92-SEN,Sensores,4469.2,3130,154,2976,20.32,Alemania,QRO-SLP
6826,2025-09-25,2025-09-26,2025,9,4,1,0,0,192.8,3765.76,19.53,León,Taller,92-SEN,Sensores,4469.2,3130,154,2976,20.32,China,QRO-SLP
6827,2026-05-18,2026-05-26,2026,5,1,8,1,4,133.3,1886.31,14.15,Querétaro,Tier1,18-ARN,Arneses,3932.93,125,138,-13,0.91,China,QRO-MQZ
6828,2026-02-05,2026-02-07,2026,2,4,2,0,0,66.6,784.35,11.78,San Juan del Río,Tier1,12-FRE,Frenos,2256.16,1344,843,501,1.59,China,QRO-MQZ
6829,2025-08-31,2025-09-02,2025,8,0,2,0,0,145,1444.98,9.97,Querétaro,Planta,65-FRE,Frenos,3031.57,2001,416,1585,4.81,Alemania,QRO-SJR
6830,2026-05-04,2026-06-01,2026,5,1,28,1,18,310,6004.22,19.37,Celaya,Taller,49-ELE,Electrónica,3034.43,2749,539,2210,5.1,México,QRO-SLP
6831,2023-07-05,2023-07-09,2023,7,3,4,1,1,58.3,941.42,16.15,El Marqués,Taller,18-SEN,Sensores,2642.38,2763,311,2452,8.88,Japón,QRO-MQZ
6832,2024-09-22,2024-09-23,2024,9,0,1,0,0,155.3,2413.34,15.54,Celaya,Taller,23-ELE,Electrónica,1997.95,1627,354,1273,4.6,USA,QRO-CEL
6833,2025-04-19,2025-04-20,2025,4,6,1,0,0,153.5,1335.41,8.7,El Marqués,Planta,5-ARN,Arneses,2099.43,479,838,-359,0.57,Alemania,QRO-CEL
6834,2023-08-28,2023-09-02,2023,8,1,5,1,2,171.7,2935.57,17.1,El Marqués,Taller,76-FRE,Frenos,3738.99,1682,676,1006,2.49,USA,QRO-SLP
6835,2021-01-17,2021-01-23,2021,1,0,6,1,3,260.4,2474.81,9.5,Corregidora,Tier1,29-ELE,Electrónica,1560,2476,616,1860,4.02,México,QRO-CEL
6836,2026-05-02,2026-05-30,2026,5,6,28,1,20,144.7,1780.44,12.3,Celaya,Distribuidor,97-ARN,Arneses,2270.01,2349,327,2022,7.18,Japón,QRO-MQZ
6837,2023-06-20,2023-06-23,2023,6,2,3,0,0,230.7,3051.46,13.23,San Luis Potosí,Tier1,4-ARN,Arneses,1994.2,3537,743,2794,4.76,México,QRO-SJR
6838,2025-05-29,2025-05-31,2025,5,4,2,0,0,190.5,3064.2,16.09,Celaya,Distribuidor,85-FRE,Frenos,2849.37,4143,705,3438,5.88,China,QRO-MQZ
6839,2024-12-21,2024-12-29,2024,12,6,8,1,5,276.4,4446.6,16.09,Celaya,Tier1,61-FRE,Frenos,2992.6,2417,256,2161,9.44,Japón,QRO-CEL
6840,2026-05-18,2026-05-26,2026,5,1,8,1,4,23.6,438.89,18.6,El Marqués,Taller,83-FRE,Frenos,4864.67,2926,560,2366,5.22,USA,QRO-CEL
6841,2026-05-02,2026-05-31,2026,5,6,29,1,20,190.4,1919.01,10.08,San Juan del Río,Planta,66-ARN,Arneses,3511.95,1519,764,755,1.99,Japón,QRO-MQZ
6842,2026-05-13,2026-05-25,2026,5,3,12,1,9,226.3,3294.75,14.56,El Marqués,Taller,81-ARN,Arneses,4391.37,366,872,-506,0.42,China,QRO-SJR
6843,2022-08-26,2022-08-29,2022,8,5,3,0,0,161.8,2078.22,12.84,El Marqués,Tier1,39-ARN,Arneses,1573.02,936,723,213,1.29,USA,QRO-MQZ
6844,2026-05-17,2026-05-27,2026,5,0,10,1,5,189.6,2380.05,12.55,Querétaro,Distribuidor,4-FRE,Frenos,2773.92,2500,334,2166,7.49,Alemania,QRO-SJR
6845,2024-05-29,2024-06-06,2024,5,3,8,1,5,102.5,1453.28,14.18,San Juan del Río,Planta,6-FRE,Frenos,4765.97,4975,994,3981,5.01,Alemania,QRO-SLP
6846,2025-07-06,2025-07-08,2025,7,0,2,0,0,178.3,3557,19.95,El Marqués,Taller,18-ARN,Arneses,3932.93,125,138,-13,0.91,USA,QRO-SJR
6847,2026-05-10,2026-05-31,2026,5,0,21,1,12,338.5,5878.67,17.37,Querétaro,Planta,8-SEN,Sensores,4374.33,2187,777,1410,2.81,México,QRO-MQZ
6848,2021-06-28,2021-07-03,2021,6,1,5,1,2,56.5,987.27,17.47,León,Taller,60-FRE,Frenos,4591.5,2619,968,1651,2.71,Japón,QRO-SJR
6849,2022-02-21,2022-02-28,2022,2,1,7,1,4,125.5,1349.74,10.75,El Marqués,Distribuidor,84-SEN,Sensores,3879.48,1645,209,1436,7.87,México,QRO-SJR
6850,2026-05-20,2026-05-28,2026,5,3,8,1,2,153.1,2441.62,15.95,León,Planta,21-FRE,Frenos,4833.89,4818,201,4617,23.97,México,QRO-MQZ
6851,2026-05-05,2026-05-28,2026,5,2,23,1,17,32.6,283.4,8.69,Querétaro,Tier1,37-SEN,Sensores,3969.15,3602,841,2761,4.28,México,QRO-MQZ
6852,2026-05-17,2026-05-27,2026,5,0,10,1,5,98.2,1746.98,17.79,Celaya,Tier1,90-ELE,Electrónica,2914.45,2443,282,2161,8.66,USA,QRO-CEL
6853,2026-05-20,2026-05-26,2026,5,3,6,1,2,297.6,4350.34,14.62,León,Taller,97-SUS,Suspensión,3611.27,2315,112,2203,20.67,China,QRO-SJR
6854,2022-10-10,2022-10-17,2022,10,1,7,1,4,111.7,1893.08,16.95,Corregidora,Distribuidor,31-SEN,Sensores,2188.74,120,548,-428,0.22,China,QRO-SLP
6855,2022-12-16,2022-12-21,2022,12,5,5,1,2,156.7,2121.95,13.54,León,Tier1,39-SUS,Suspensión,3757.25,1049,806,243,1.3,Japón,QRO-CEL
6856,2023-07-03,2023-07-07,2023,7,1,4,1,1,168.9,1363.42,8.07,Corregidora,Distribuidor,31-SEN,Sensores,2188.74,120,548,-428,0.22,México,QRO-MQZ
6857,2025-08-26,2025-09-02,2025,8,2,7,1,4,183.3,1862.91,10.16,San Juan del Río,Planta,59-ARN,Arneses,757.6,2440,393,2047,6.21,Japón,QRO-SLP
6858,2024-08-21,2024-08-28,2024,8,3,7,1,4,115.3,1425.54,12.36,Querétaro,Planta,48-ELE,Electrónica,2929.89,2314,767,1547,3.02,China,QRO-MQZ
6859,2026-05-22,2026-06-01,2026,5,5,10,0,0,178.4,1668.35,9.35,Celaya,Planta,82-ARN,Arneses,1708.12,766,973,-207,0.79,Japón,QRO-SJR
6860,2021-10-29,2021-11-05,2021,10,5,7,1,4,305.7,3154.89,10.32,El Marqués,Taller,100-FRE,Frenos,1719.07,4842,314,4528,15.42,China,QRO-SLP
6861,2024-12-01,2024-12-09,2024,12,0,8,1,5,34,459.91,13.53,San Juan del Río,Tier1,10-ARN,Arneses,1421.89,2478,555,1923,4.46,USA,QRO-SJR
6862,2024-04-03,2024-04-05,2024,4,3,2,0,0,22.4,231.69,10.34,Corregidora,Distribuidor,89-ARN,Arneses,2647.36,4434,738,3696,6.01,Japón,QRO-SJR
6863,2026-05-07,2026-05-30,2026,5,4,23,1,15,172.8,3363.89,19.47,San Juan del Río,Taller,85-SEN,Sensores,1521.2,2920,544,2376,5.37,China,QRO-SJR
6864,2022-07-19,2022-07-21,2022,7,2,2,0,0,209.8,1874.36,8.93,Corregidora,Distribuidor,78-SUS,Suspensión,3109.5,4399,835,3564,5.27,Japón,QRO-MQZ
6865,2026-02-04,2026-02-08,2026,2,3,4,1,1,114.3,1949.39,17.06,Corregidora,Planta,12-SUS,Suspensión,2011.59,4865,386,4479,12.6,Alemania,QRO-SJR
6866,2026-01-07,2026-01-11,2026,1,3,4,1,1,52.6,659.32,12.53,Celaya,Planta,57-ELE,Electrónica,4825.73,3798,194,3604,19.58,China,QRO-MQZ
6867,2024-10-11,2024-10-16,2024,10,5,5,1,2,213.8,2326.9,10.88,San Juan del Río,Planta,65-FRE,Frenos,3031.57,2001,416,1585,4.81,China,QRO-SJR
6868,2023-03-30,2023-04-05,2023,3,4,6,1,3,164.4,1670.84,10.16,San Luis Potosí,Tier1,88-FRE,Frenos,4043.96,2439,113,2326,21.58,China,QRO-MQZ
6869,2023-06-12,2023-06-19,2023,6,1,7,1,4,67.3,1287.02,19.12,San Juan del Río,Tier1,29-ELE,Electrónica,1560,2476,616,1860,4.02,Alemania,QRO-CEL
6870,2026-05-08,2026-05-30,2026,5,5,22,1,14,194.5,3198,16.44,San Luis Potosí,Planta,59-ELE,Electrónica,3153.37,470,478,-8,0.98,China,QRO-SJR
6871,2026-05-03,2026-05-26,2026,5,0,23,1,19,79.7,653.32,8.2,Querétaro,Tier1,91-ELE,Electrónica,4015.73,261,463,-202,0.56,Japón,QRO-SLP
6872,2026-05-19,2026-05-30,2026,5,2,11,1,3,282.2,3842.68,13.62,Querétaro,Planta,29-ELE,Electrónica,1560,2476,616,1860,4.02,México,QRO-MQZ
6873,2026-05-14,2026-05-26,2026,5,4,12,1,8,166.8,1769.08,10.61,León,Tier1,32-FRE,Frenos,1130.95,2420,760,1660,3.18,Japón,QRO-MQZ
6874,2025-08-20,2025-08-21,2025,8,3,1,0,0,19.7,290.64,14.75,León,Tier1,69-ARN,Arneses,2131.09,4430,982,3448,4.51,México,QRO-SJR
6875,2022-08-02,2022-08-05,2022,8,2,3,0,0,45.9,422.21,9.2,El Marqués,Tier1,73-SUS,Suspensión,1205.2,139,592,-453,0.23,Japón,QRO-CEL
6876,2026-05-19,2026-06-01,2026,5,2,13,1,3,88.2,1426.54,16.17,El Marqués,Taller,61-ELE,Electrónica,1772.26,1011,456,555,2.22,Alemania,QRO-MQZ
6877,2022-07-16,2022-07-23,2022,7,6,7,1,4,331.2,5803.89,17.52,San Luis Potosí,Planta,84-ELE,Electrónica,4956.47,3359,709,2650,4.74,USA,QRO-MQZ
6878,2025-10-13,2025-10-18,2025,10,1,5,1,2,127.2,1805.06,14.19,San Juan del Río,Tier1,11-ELE,Electrónica,2731.07,2870,828,2042,3.47,Alemania,QRO-MQZ
6879,2026-05-25,2026-05-31,2026,5,1,6,0,0,186.3,3518.16,18.88,Celaya,Taller,78-SUS,Suspensión,3109.5,4399,835,3564,5.27,México,QRO-CEL
6880,2026-05-11,2026-05-27,2026,5,1,16,1,11,174.5,3047.15,17.46,León,Tier1,25-ELE,Electrónica,1552.43,1189,817,372,1.46,Alemania,QRO-SLP
6881,2026-05-20,2026-06-01,2026,5,3,12,1,2,146.9,2823.67,19.22,San Juan del Río,Planta,99-ELE,Electrónica,1359.1,1089,262,827,4.16,Japón,QRO-MQZ
6882,2025-12-12,2025-12-14,2025,12,5,2,0,0,213.8,2643.49,12.36,León,Taller,89-SEN,Sensores,4357.78,2341,878,1463,2.67,Alemania,QRO-MQZ
6883,2022-12-02,2022-12-08,2022,12,5,6,1,3,161,2845.29,17.67,San Juan del Río,Planta,14-FRE,Frenos,3534.94,4023,455,3568,8.84,Japón,QRO-CEL
6884,2026-05-14,2026-05-26,2026,5,4,12,1,8,266.9,4191.71,15.71,El Marqués,Tier1,69-ELE,Electrónica,1827.32,416,556,-140,0.75,México,QRO-SLP
6885,2023-03-08,2023-03-12,2023,3,3,4,1,1,338.9,6204.94,18.31,León,Taller,12-SUS,Suspensión,2011.59,4865,386,4479,12.6,Japón,QRO-SLP
6886,2022-06-28,2022-07-03,2022,6,2,5,1,2,253.6,3600.33,14.2,León,Tier1,35-SUS,Suspensión,3998.45,2100,715,1385,2.94,China,QRO-MQZ
6887,2026-05-15,2026-05-31,2026,5,5,16,1,7,290.8,4513.91,15.52,El Marqués,Taller,32-ELE,Electrónica,2499.14,1034,842,192,1.23,México,QRO-CEL
6888,2024-05-17,2024-05-25,2024,5,5,8,1,5,15.6,310.09,19.88,Querétaro,Tier1,72-FRE,Frenos,2982.1,4614,609,4005,7.58,México,QRO-SLP
6889,2026-03-23,2026-03-29,2026,3,1,6,1,3,105.3,1849.64,17.57,Corregidora,Tier1,45-ELE,Electrónica,4169.66,3629,173,3456,20.98,USA,QRO-SLP
6890,2026-02-08,2026-02-10,2026,2,0,2,0,0,292.4,3343.94,11.44,San Juan del Río,Planta,74-FRE,Frenos,4844.7,4945,375,4570,13.19,Alemania,QRO-MQZ
6891,2022-12-09,2022-12-10,2022,12,5,1,0,0,118.2,1235.43,10.45,León,Tier1,79-FRE,Frenos,2622.75,2367,816,1551,2.9,Alemania,QRO-MQZ
6892,2026-05-09,2026-05-31,2026,5,6,22,1,13,314.6,5041.18,16.02,Corregidora,Distribuidor,28-ELE,Electrónica,4684.29,2156,661,1495,3.26,Japón,QRO-SLP
6893,2023-11-05,2023-11-09,2023,11,0,4,1,1,137.3,1902.25,13.85,León,Taller,39-FRE,Frenos,1372.38,2726,706,2020,3.86,Alemania,QRO-CEL
6894,2026-05-03,2026-05-29,2026,5,0,26,1,19,89,1462.17,16.43,San Luis Potosí,Tier1,32-SEN,Sensores,1196.78,3120,728,2392,4.29,China,QRO-SJR
6895,2023-11-05,2023-11-12,2023,11,0,7,1,4,309.3,4013.99,12.98,León,Planta,49-FRE,Frenos,163.61,2823,238,2585,11.86,China,QRO-CEL
6896,2022-10-25,2022-10-30,2022,10,2,5,1,2,23,421.96,18.35,Querétaro,Tier1,59-SUS,Suspensión,149.53,1044,359,685,2.91,México,QRO-CEL
6897,2021-09-16,2021-09-17,2021,9,4,1,0,0,341.8,3893.58,11.39,San Juan del Río,Planta,72-SUS,Suspensión,234.19,3605,243,3362,14.84,México,QRO-SLP
6898,2026-05-20,2026-05-25,2026,5,3,5,1,2,322.5,6189.77,19.19,San Luis Potosí,Tier1,67-ELE,Electrónica,2438.18,3104,587,2517,5.29,China,QRO-MQZ
6899,2021-01-05,2021-01-06,2021,1,2,1,0,0,219.9,4128.15,18.77,San Juan del Río,Planta,85-SUS,Suspensión,2247.84,2925,536,2389,5.46,China,QRO-MQZ
6900,2026-05-07,2026-05-27,2026,5,4,20,1,15,64.6,587.83,9.1,Corregidora,Taller,53-FRE,Frenos,818.13,4754,550,4204,8.64,México,QRO-CEL
6901,2025-12-03,2025-12-07,2025,12,3,4,1,1,242,2723.07,11.25,San Juan del Río,Tier1,85-ELE,Electrónica,2849.32,3481,180,3301,19.34,China,QRO-CEL
6902,2026-02-27,2026-03-01,2026,2,5,2,0,0,277.7,3996.68,14.39,León,Tier1,41-ARN,Arneses,2258.51,2697,698,1999,3.86,China,QRO-SJR
6903,2022-05-19,2022-05-27,2022,5,4,8,1,5,296.2,2845.84,9.61,San Juan del Río,Tier1,10-ARN,Arneses,1421.89,2478,555,1923,4.46,México,QRO-CEL
6904,2021-09-21,2021-09-23,2021,9,2,2,0,0,117.4,2120.94,18.07,San Juan del Río,Taller,3-ELE,Electrónica,4739.2,4636,173,4463,26.8,USA,QRO-MQZ
6905,2022-08-15,2022-08-21,2022,8,1,6,1,3,280.5,5491.63,19.58,Corregidora,Distribuidor,30-SEN,Sensores,3410.75,196,590,-394,0.33,USA,QRO-SJR
6906,2021-02-16,2021-02-18,2021,2,2,2,0,0,222.4,3499.95,15.74,León,Tier1,68-ELE,Electrónica,428.16,3609,688,2921,5.25,Alemania,QRO-SJR
6907,2024-12-01,2024-12-07,2024,12,0,6,1,3,292.1,4453.45,15.25,El Marqués,Tier1,73-SEN,Sensores,1840.37,2686,730,1956,3.68,China,QRO-SJR
6908,2024-01-11,2024-01-13,2024,1,4,2,0,0,201.7,3237.19,16.05,San Luis Potosí,Tier1,35-FRE,Frenos,2222.63,4456,817,3639,5.45,Japón,QRO-SJR
6909,2022-02-04,2022-02-05,2022,2,5,1,0,0,161.6,2905.35,17.98,San Luis Potosí,Tier1,26-SUS,Suspensión,4121.98,3676,530,3146,6.94,Japón,QRO-CEL
6910,2023-04-28,2023-04-30,2023,4,5,2,0,0,187.3,3657.53,19.53,San Juan del Río,Taller,29-ELE,Electrónica,1560,2476,616,1860,4.02,México,QRO-CEL
6911,2024-01-24,2024-01-26,2024,1,3,2,0,0,196.1,3168.82,16.16,Corregidora,Tier1,85-ELE,Electrónica,2849.32,3481,180,3301,19.34,Japón,QRO-SLP
6912,2026-05-23,2026-06-01,2026,5,6,9,0,0,146.9,1565.77,10.66,San Luis Potosí,Tier1,72-ELE,Electrónica,892.6,1623,479,1144,3.39,China,QRO-SLP
6913,2025-03-22,2025-03-27,2025,3,6,5,1,2,151.4,2369.02,15.65,San Juan del Río,Taller,24-SEN,Sensores,2113.06,4735,936,3799,5.06,USA,QRO-SLP
6914,2026-05-06,2026-05-27,2026,5,3,21,1,16,305.9,4371.99,14.29,Querétaro,Planta,79-ARN,Arneses,2822.38,3202,339,2863,9.45,México,QRO-SLP
6915,2026-05-21,2026-05-27,2026,5,4,6,1,1,165.6,2836.66,17.13,Celaya,Planta,90-SEN,Sensores,2337.67,4635,431,4204,10.75,Japón,QRO-CEL
6916,2026-05-16,2026-05-29,2026,5,6,13,1,6,331.6,3989.23,12.03,San Juan del Río,Planta,7-ARN,Arneses,2965.42,1199,206,993,5.82,México,QRO-SLP
6917,2023-10-24,2023-10-29,2023,10,2,5,1,2,189.2,3173.36,16.77,Celaya,Distribuidor,46-ELE,Electrónica,2511.37,3579,173,3406,20.69,México,QRO-SLP
6918,2022-05-21,2022-05-26,2022,5,6,5,1,2,101.9,1177.77,11.56,León,Planta,86-ELE,Electrónica,4667.98,3468,649,2819,5.34,China,QRO-SJR
6919,2025-06-11,2025-06-12,2025,6,3,1,0,0,298.3,2522.23,8.46,San Juan del Río,Taller,79-ARN,Arneses,2822.38,3202,339,2863,9.45,China,QRO-SLP
6920,2025-11-01,2025-11-09,2025,11,6,8,1,5,330.9,6329.28,19.13,Celaya,Tier1,20-FRE,Frenos,3362.99,3735,334,3401,11.18,Alemania,QRO-CEL
6921,2021-05-11,2021-05-15,2021,5,2,4,1,1,293.4,4639.77,15.81,El Marqués,Taller,51-SEN,Sensores,3785.32,2882,317,2565,9.09,Japón,QRO-CEL
6922,2022-12-30,2023-01-06,2022,12,5,7,1,4,229.5,4411.63,19.22,Corregidora,Tier1,45-FRE,Frenos,1728.34,1258,154,1104,8.17,China,QRO-SJR
6923,2024-11-14,2024-11-17,2024,11,4,3,0,0,176.3,2650.73,15.04,Corregidora,Taller,14-SEN,Sensores,1286.42,722,555,167,1.3,USA,QRO-MQZ
6924,2022-11-12,2022-11-20,2022,11,6,8,1,5,346.9,3282.94,9.46,San Luis Potosí,Distribuidor,52-FRE,Frenos,1237.74,4520,880,3640,5.14,México,QRO-SJR
6925,2026-05-18,2026-05-30,2026,5,1,12,1,4,275.6,3117.21,11.31,El Marqués,Taller,39-ELE,Electrónica,2379.6,1533,174,1359,8.81,México,QRO-SLP
6926,2021-09-06,2021-09-10,2021,9,1,4,1,1,164.6,1319.85,8.02,San Luis Potosí,Tier1,68-SEN,Sensores,3619.25,1156,733,423,1.58,Japón,QRO-MQZ
6927,2022-03-12,2022-03-14,2022,3,6,2,0,0,50.3,916.95,18.23,Corregidora,Distribuidor,93-SUS,Suspensión,251.29,694,704,-10,0.99,USA,QRO-CEL
6928,2026-05-03,2026-05-29,2026,5,0,26,1,19,65.5,947,14.46,El Marqués,Taller,69-ELE,Electrónica,1827.32,416,556,-140,0.75,México,QRO-CEL
6929,2026-05-21,2026-05-25,2026,5,4,4,1,1,14.5,151.03,10.42,San Juan del Río,Tier1,5-ARN,Arneses,2099.43,479,838,-359,0.57,China,QRO-SJR
6930,2023-12-26,2023-12-28,2023,12,2,2,0,0,296.7,2481.92,8.37,San Juan del Río,Planta,8-SUS,Suspensión,926.42,4541,250,4291,18.16,Japón,QRO-MQZ
6931,2026-05-11,2026-05-25,2026,5,1,14,1,11,118.8,2208.14,18.59,Celaya,Distribuidor,73-ELE,Electrónica,2426.23,644,258,386,2.5,Japón,QRO-SLP
6932,2021-07-29,2021-08-02,2021,7,4,4,1,1,12.6,122.63,9.73,León,Planta,96-SEN,Sensores,4971.73,4377,915,3462,4.78,China,QRO-SLP
6933,2026-05-06,2026-05-26,2026,5,3,20,1,16,274.9,3256.9,11.85,San Luis Potosí,Tier1,59-FRE,Frenos,254.95,2883,557,2326,5.18,Japón,QRO-SJR
6934,2024-05-20,2024-05-27,2024,5,1,7,1,4,222.8,2743.97,12.32,San Luis Potosí,Tier1,22-ELE,Electrónica,4549.91,3883,821,3062,4.73,USA,QRO-SJR
6935,2022-11-30,2022-12-06,2022,11,3,6,1,3,264,4745.17,17.97,Celaya,Distribuidor,94-SEN,Sensores,3460.4,1180,938,242,1.26,Alemania,QRO-SJR
6936,2026-05-13,2026-05-29,2026,5,3,16,1,9,337.9,5622.55,16.64,Corregidora,Tier1,6-FRE,Frenos,4765.97,4975,994,3981,5.01,México,QRO-MQZ
6937,2026-05-25,2026-06-02,2026,5,1,8,0,0,57.9,1009.04,17.43,El Marqués,Tier1,95-ELE,Electrónica,4863.69,3953,627,3326,6.3,Japón,QRO-MQZ
6938,2023-09-08,2023-09-16,2023,9,5,8,1,5,329.1,5526.21,16.79,San Luis Potosí,Tier1,81-FRE,Frenos,857.33,1893,403,1490,4.7,USA,QRO-SJR
6939,2026-02-10,2026-02-18,2026,2,2,8,1,5,269.1,3156.87,11.73,Querétaro,Planta,89-ARN,Arneses,2647.36,4434,738,3696,6.01,USA,QRO-SLP
6940,2022-11-27,2022-12-04,2022,11,0,7,1,4,253.7,2850.97,11.24,San Juan del Río,Tier1,10-SUS,Suspensión,3974.3,2474,590,1884,4.19,México,QRO-MQZ
6941,2021-03-07,2021-03-11,2021,3,0,4,1,1,259.3,2151.99,8.3,Corregidora,Distribuidor,81-SUS,Suspensión,2394.84,4181,399,3782,10.48,Japón,QRO-SJR
6942,2026-05-09,2026-05-29,2026,5,6,20,1,13,196.9,2921.07,14.84,El Marqués,Taller,23-FRE,Frenos,3759.37,4902,886,4016,5.53,Japón,QRO-CEL
6943,2026-05-13,2026-05-26,2026,5,3,13,1,9,97.5,1362.69,13.98,Querétaro,Tier1,56-SUS,Suspensión,4497.66,4064,966,3098,4.21,Japón,QRO-SJR
6944,2025-04-17,2025-04-22,2025,4,4,5,1,2,104,910.04,8.75,León,Tier1,46-SEN,Sensores,4891.28,2915,405,2510,7.2,China,QRO-MQZ
6945,2026-05-04,2026-05-30,2026,5,1,26,1,18,335.5,6355.82,18.94,El Marqués,Distribuidor,39-SEN,Sensores,905.02,4748,901,3847,5.27,Japón,QRO-MQZ
6946,2024-01-10,2024-01-13,2024,1,3,3,0,0,196.7,1707.42,8.68,Celaya,Distribuidor,34-FRE,Frenos,1708.23,2340,807,1533,2.9,China,QRO-CEL
6947,2022-12-15,2022-12-17,2022,12,4,2,0,0,307.5,4300.7,13.99,Celaya,Tier1,28-ARN,Arneses,615.82,4597,278,4319,16.54,Alemania,QRO-SLP
6948,2026-05-25,2026-05-30,2026,5,1,5,0,0,286.7,3304.77,11.53,Querétaro,Taller,56-ARN,Arneses,1558.68,1866,703,1163,2.65,USA,QRO-SJR
6949,2022-05-25,2022-06-02,2022,5,3,8,1,5,79.8,960.1,12.03,León,Planta,48-FRE,Frenos,3081.99,4282,516,3766,8.3,USA,QRO-SLP
6950,2026-05-13,2026-05-26,2026,5,3,13,1,9,28.8,367.38,12.76,San Luis Potosí,Taller,19-ELE,Electrónica,3029.39,2447,372,2075,6.58,USA,QRO-SJR
6951,2026-05-14,2026-05-25,2026,5,4,11,1,8,258.9,3956.06,15.28,Querétaro,Tier1,37-SEN,Sensores,3969.15,3602,841,2761,4.28,Japón,QRO-MQZ
6952,2022-03-29,2022-04-01,2022,3,2,3,0,0,72.1,668.18,9.27,Corregidora,Distribuidor,62-SUS,Suspensión,2758.99,4916,257,4659,19.13,USA,QRO-SJR
6953,2025-03-10,2025-03-14,2025,3,1,4,1,1,160.7,2234.03,13.9,San Juan del Río,Planta,72-ELE,Electrónica,892.6,1623,479,1144,3.39,USA,QRO-CEL
6954,2024-01-20,2024-01-28,2024,1,6,8,1,5,335.7,3014.42,8.98,Celaya,Distribuidor,13-ARN,Arneses,1454.25,4822,879,3943,5.49,Alemania,QRO-MQZ
6955,2026-05-07,2026-05-29,2026,5,4,22,1,15,238.4,3487.88,14.63,Querétaro,Tier1,80-ELE,Electrónica,3933.63,4561,222,4339,20.55,México,QRO-CEL
6956,2026-05-03,2026-05-28,2026,5,0,25,1,19,334.3,6075.96,18.18,San Luis Potosí,Tier1,72-SEN,Sensores,2907.83,4310,751,3559,5.74,USA,QRO-CEL
6957,2026-05-13,2026-05-29,2026,5,3,16,1,9,302.3,4243.33,14.04,León,Tier1,87-FRE,Frenos,4868.31,520,545,-25,0.95,Alemania,QRO-CEL
6958,2026-05-02,2026-05-27,2026,5,6,25,1,20,330.5,6166.15,18.66,El Marqués,Taller,48-ARN,Arneses,4531.54,4813,716,4097,6.72,México,QRO-MQZ
6959,2026-05-20,2026-05-31,2026,5,3,11,1,2,279.7,4682.71,16.74,Corregidora,Taller,68-FRE,Frenos,3853.4,2725,382,2343,7.13,México,QRO-SJR
6960,2022-03-12,2022-03-15,2022,3,6,3,0,0,301.9,4593.82,15.22,San Juan del Río,Tier1,35-FRE,Frenos,2222.63,4456,817,3639,5.45,China,QRO-SJR
6961,2022-08-10,2022-08-12,2022,8,3,2,0,0,330.1,4322.44,13.09,San Juan del Río,Tier1,23-SEN,Sensores,1056.26,3445,649,2796,5.31,México,QRO-CEL
6962,2024-09-03,2024-09-11,2024,9,2,8,1,5,121.1,1026.17,8.47,Celaya,Distribuidor,94-ARN,Arneses,584.4,1245,705,540,1.77,China,QRO-SJR
6963,2024-01-09,2024-01-15,2024,1,2,6,1,3,166.9,1808.29,10.83,León,Tier1,61-ELE,Electrónica,1772.26,1011,456,555,2.22,México,QRO-SJR
6964,2023-05-18,2023-05-26,2023,5,4,8,1,5,277.7,4585.35,16.51,Corregidora,Planta,74-SEN,Sensores,3564.35,956,699,257,1.37,Japón,QRO-MQZ
6965,2021-07-21,2021-07-25,2021,7,3,4,1,1,175.4,3164.71,18.04,Celaya,Tier1,23-FRE,Frenos,3759.37,4902,886,4016,5.53,Alemania,QRO-SLP
6966,2026-03-02,2026-03-03,2026,3,1,1,0,0,173.5,2742.82,15.81,Celaya,Planta,89-ARN,Arneses,2647.36,4434,738,3696,6.01,México,QRO-SLP
6967,2025-09-20,2025-09-26,2025,9,6,6,1,3,186.7,2729.15,14.62,León,Tier1,2-ELE,Electrónica,1189.72,3706,870,2836,4.26,USA,QRO-SJR
6968,2026-05-16,2026-05-26,2026,5,6,10,1,6,240.7,2771.86,11.52,San Juan del Río,Planta,25-SUS,Suspensión,2863.6,1207,249,958,4.85,USA,QRO-MQZ
6969,2026-01-15,2026-01-23,2026,1,4,8,1,5,102.5,1741.21,16.99,El Marqués,Distribuidor,49-ELE,Electrónica,3034.43,2749,539,2210,5.1,China,QRO-SLP
6970,2023-04-11,2023-04-17,2023,4,2,6,1,3,57.4,1098.94,19.15,San Juan del Río,Taller,87-ELE,Electrónica,370.62,1029,479,550,2.15,China,QRO-SLP
6971,2026-05-12,2026-05-30,2026,5,2,18,1,10,42.7,569.39,13.33,León,Tier1,84-SUS,Suspensión,3111.43,4098,547,3551,7.49,Alemania,QRO-CEL
6972,2022-04-18,2022-04-23,2022,4,1,5,1,2,177.3,2492.17,14.06,El Marqués,Tier1,75-ARN,Arneses,783.6,3454,262,3192,13.18,Alemania,QRO-CEL
6973,2021-11-16,2021-11-24,2021,11,2,8,1,5,20.6,249.11,12.09,León,Planta,51-SUS,Suspensión,1327.15,4912,621,4291,7.91,Alemania,QRO-CEL
6974,2021-05-31,2021-06-08,2021,5,1,8,1,5,266.4,2635.81,9.89,Corregidora,Taller,11-FRE,Frenos,495.05,2683,151,2532,17.77,Alemania,QRO-SLP
6975,2024-07-01,2024-07-03,2024,7,1,2,0,0,41.8,656.52,15.71,San Juan del Río,Planta,29-FRE,Frenos,3167.34,4361,305,4056,14.3,México,QRO-CEL
6976,2023-02-27,2023-03-01,2023,2,1,2,0,0,303.6,3216.7,10.6,Celaya,Distribuidor,57-SUS,Suspensión,4521.23,466,706,-240,0.66,México,QRO-CEL
6977,2026-05-18,2026-06-01,2026,5,1,14,1,4,259.7,2893.98,11.14,El Marqués,Tier1,46-SUS,Suspensión,1653.36,4322,935,3387,4.62,USA,QRO-MQZ
6978,2021-03-04,2021-03-05,2021,3,4,1,0,0,192.5,3108.63,16.15,San Juan del Río,Tier1,31-ARN,Arneses,3016.79,2221,601,1620,3.7,China,QRO-CEL
6979,2024-01-10,2024-01-15,2024,1,3,5,1,2,71.2,1208.59,16.97,Querétaro,Planta,86-SUS,Suspensión,1070.24,3068,901,2167,3.41,Alemania,QRO-SJR
6980,2021-04-09,2021-04-16,2021,4,5,7,1,4,223.1,4087.99,18.32,San Luis Potosí,Tier1,68-SUS,Suspensión,4427.01,2107,162,1945,13.01,México,QRO-CEL
6981,2026-05-22,2026-06-06,2026,5,5,15,0,0,321.2,6354.06,19.78,San Luis Potosí,Tier1,54-FRE,Frenos,2428.99,2196,677,1519,3.24,Alemania,QRO-SLP
6982,2024-12-14,2024-12-16,2024,12,6,2,0,0,337.9,5551.96,16.43,Querétaro,Tier1,90-SUS,Suspensión,679.84,1842,357,1485,5.16,USA,QRO-SLP
6983,2022-07-30,2022-08-01,2022,7,6,2,0,0,200.3,3358.3,16.77,San Luis Potosí,Tier1,100-ARN,Arneses,1116.73,659,716,-57,0.92,China,QRO-SJR
6984,2025-04-11,2025-04-18,2025,4,5,7,1,4,274.7,3197.97,11.64,Querétaro,Planta,6-ELE,Electrónica,1689.54,135,497,-362,0.27,Alemania,QRO-MQZ
6985,2026-05-05,2026-05-28,2026,5,2,23,1,17,51.6,489.61,9.49,San Juan del Río,Taller,72-SEN,Sensores,2907.83,4310,751,3559,5.74,USA,QRO-SJR
6986,2021-12-29,2022-01-06,2021,12,3,8,1,5,98.2,1218.94,12.41,San Luis Potosí,Tier1,98-FRE,Frenos,1762.7,3662,966,2696,3.79,México,QRO-MQZ
6987,2022-01-05,2022-01-07,2022,1,3,2,0,0,209.7,2158.57,10.29,León,Planta,42-SUS,Suspensión,1516.88,2245,576,1669,3.9,China,QRO-SJR
6988,2023-10-29,2023-10-30,2023,10,0,1,0,0,137.9,2437.91,17.68,Celaya,Distribuidor,66-SUS,Suspensión,3813.62,870,354,516,2.46,Japón,QRO-SJR
6989,2026-05-09,2026-05-28,2026,5,6,19,1,13,332.4,4519.25,13.6,Querétaro,Taller,84-SUS,Suspensión,3111.43,4098,547,3551,7.49,Japón,QRO-CEL
6990,2024-06-29,2024-07-02,2024,6,6,3,0,0,344.1,6205.78,18.03,Querétaro,Tier1,51-ARN,Arneses,2205.11,3816,443,3373,8.61,USA,QRO-CEL
6991,2025-12-15,2025-12-23,2025,12,1,8,1,5,20.9,313.01,14.98,El Marqués,Taller,15-SUS,Suspensión,3336.34,35,212,-177,0.17,China,QRO-SLP
6992,2024-10-22,2024-10-25,2024,10,2,3,0,0,215.4,3571.68,16.58,Querétaro,Planta,59-FRE,Frenos,254.95,2883,557,2326,5.18,México,QRO-SJR
6993,2025-09-30,2025-10-05,2025,9,2,5,1,2,320.3,5551.47,17.33,Corregidora,Distribuidor,92-ELE,Electrónica,4401.79,4271,769,3502,5.55,Japón,QRO-MQZ
6994,2026-05-21,2026-05-25,2026,5,4,4,1,1,70.9,682.21,9.62,San Juan del Río,Taller,90-ARN,Arneses,2855.44,3929,856,3073,4.59,USA,QRO-SJR
6995,2026-05-13,2026-05-25,2026,5,3,12,1,9,237.8,2852.05,11.99,El Marqués,Taller,47-SEN,Sensores,2369.53,4045,567,3478,7.13,México,QRO-MQZ
6996,2021-09-23,2021-09-29,2021,9,4,6,1,3,337.7,3165.87,9.37,San Juan del Río,Tier1,74-ELE,Electrónica,4728.06,3772,558,3214,6.76,USA,QRO-SLP
6997,2026-02-18,2026-02-23,2026,2,3,5,1,2,280.8,2345.84,8.35,San Luis Potosí,Tier1,69-FRE,Frenos,186.87,4709,419,4290,11.24,Alemania,QRO-SJR
6998,2023-04-16,2023-04-24,2023,4,0,8,1,5,268.3,5232.44,19.5,León,Planta,25-ELE,Electrónica,1552.43,1189,817,372,1.46,Alemania,QRO-CEL
6999,2022-05-21,2022-05-23,2022,5,6,2,0,0,246.5,3838.77,15.57,San Luis Potosí,Distribuidor,56-SEN,Sensores,1253.34,3707,620,3087,5.98,México,QRO-CEL
7000,2026-05-06,2026-05-28,2026,5,3,22,1,16,243.2,4507.26,18.53,Querétaro,Tier1,36-SUS,Suspensión,787.36,3511,115,3396,30.53,México,QRO-SLP
